Categoría,Banco,Comercio/Promoción,Cantidad de descuento / beneficio,Día de promoción,Vigencia,Medios de pago,Detalle,Bases y condiciones,URL detalle,URL categoría
Belleza y Salud,Itaú,Asismed,12 Cuotas sin intereses; Hasta 12 cuotas sin intereses.,No especificado,2025-04-04 hasta 2026-12-31,tarjeta de crédito,"Hasta el 31 de diciembre de 2026. Pagando con tu tarjeta de credito Itaú. Tenes hasta 12 cuotas sin intereses. Promoción aplica a nuevos contratos. Aplica a pagos anuales. Aplica a PLAN VIP PLUS, PLAN EXCLUSIVO SUPERIOR, PLAN VIP PLUS SUPERIOR, PLAN EXCLUSIVO VIP.","*Con tus tarjetas de crédito Itaú podés elegir pagar en hasta 12 cuotas sin intereses. La cantidad de cuotas la elegís al momento de la compra. Aplica para compras realizadas a través del pos de Bancard. No incluye tarjetas pre – pagas. Las tarjetas de crédito que acumulan puntos son Visa Infinite, Interventajas, American Express (Platinum, Gold y Green), Visa Platinum, Mastercard Black, afinidad Club Centenario y Touring. Las tarjetas de crédito con las afinidades LATAM y Aadvantage acumulan en sus respectivos programas. No acumulable con otras promociones.",https://www.itau.com.py/beneficios2/Detalle?b=16171&c=31573,https://www.itau.com.py/beneficios2/categoria/3
Belleza y Salud,Itaú,BELA NAILS,20 % 6 Cuotas sin intereses; Tenes 20% de ahorro y hasta 6 cuotas sin intereses.,No especificado,2026-08-12 hasta 2026-08-26,tarjeta de crédito,"Los miércoles de agosto de 2026 (el 12,19 y 26). Pagando con tus tarjetas de crédito Itaú. Tenes 20% de ahorro y hasta 6 cuotas sin intereses.","*Con tus tarjetas de crédito Itaú podés elegir pagar en hasta 6 cuotas sin intereses. La cantidad de cuotas la elegís al momento de la compra. Aplica para compras realizadas a través del pos de Bancard. No incluye tarjetas pre – pagas. Las tarjetas de crédito que acumulan puntos son Visa Infinite, Interventajas, American Express (Platinum, Gold y Green), Visa Platinum, Mastercard Black, afinidad Club Centenario y Touring. Las tarjetas de crédito con las afinidades LATAM y Aadvantage acumulan en sus respectivos programas. No acumulable con otras promociones.",https://www.itau.com.py/beneficios2/Detalle?b=17036&c=32043,https://www.itau.com.py/beneficios2/categoria/3
Belleza y Salud,Itaú,El Mundo del Asado,10 Cuotas sin intereses 25 % Hasta; Tenes 20% de ahorro con todas las tarjetas de crédito + 5% con las tarjetas de crédito Personal Bank y hasta 10 cuotas sin intereses,No especificado,2026-06-05 hasta 2026-08-31,tarjeta de crédito,Del 8 de junio al 31 de agosto 2026. Pagando con tarjetas de crédito Itaú. Tenes 20% de ahorro con todas las tarjetas de crédito + 5% con las tarjetas de crédito Personal Bank y hasta 10 cuotas sin intereses. Consultar al comercio las condiciones del descuento.,"Con tus tarjetas de crédito Itaú podés elegir pagar en hasta 10 cuotas sin intereses. La cantidad de cuotas la elegís al momento de la compra. Aplica para compras realizadas a través del pos de Bancard. No incluye tarjetas pre – pagas. Las tarjetas de crédito que acumulan puntos son Visa Infinite, Interventajas, American Express (Platinum, Gold y Green), Visa Platinum, Mastercard Black, afinidad Club Centenario y Touring. Las tarjetas de crédito con las afinidades LATAM y Aadvantage acumulan en sus respectivos programas. No acumulable con otras promociones.",https://www.itau.com.py/beneficios2/Detalle?b=17009&c=30355,https://www.itau.com.py/beneficios2/categoria/3
Belleza y Salud,Itaú,Punto Farma,6 Cuotas sin intereses 35 % Pago con QR; Hasta 35% QR de ahorro y hasta 6 cuotas sin intereses.,Todos los Martes; todos los martes,2024-12-30 hasta 2026-12-31,tarjeta de crédito,"Hasta el 31 de Diciembre del 2026. Pagando con tus tarjetas de crédito Itaú tenes hasta 35% QR de ahorro y hasta 6 cuotas sin intereses. Productos Farmacéuticos* pagando con QR hasta 30% y pagando con tus tarjetas crédito 25% de descuento. *Productos Varios* pagando con QR hasta 35% y pagando con tus tarjetas crédito 30% de descuento. Pañales infantiles 30%, Leches 25%, Medicamentos especiales 25% con Tarjeta crédito y QR. Limite de compra en productos varios 2 unidad por código pasando a 3 unidades el descuento baja a 25%. Todos los Martes. Tope de Gs. 1.000.000","*Con tus tarjetas de crédito Itaú podes elegir pagar en hasta 6 cuotas sin intereses. La cantidad de cuotas la elegís al momento de la compra. Aplica para compras realizadas a través del POS de Bancard. No incluye tarjetas pre – pagas. Las tarjetas de crédito que acumulan puntos son Visa Infinite, Interventajas, American Express (Platinum, Gold y Green), Visa Platinum, Matercard Black, afinidad Club Centenario y Touring. Las tarjetas de crédito con las afinidades LATAM y Aadvantage acumulan en sus respectivos programas. No aplica para compras a través de la web ni para productos con precios especiales. Pagando con tu QR CRÉDITO tenes hasta 35% descuento y 30% pagando con tus tarjetas de crédito. Productos farmacéuticos hasta 30%. Productos varios hasta 35%. Leches y medicamentos con precios especiales 25%. Pañales infantiles 30%. Productos varios a partir de 3 unidades con 25%. No acumulable con otras promociones y descuentos. Promoción válida todos los martes. Tope de compra Gs. 1.000.000. Esta promoción es compartida entre BANCO ITAÚ y PUNTO FARMA para sus clientes",https://www.itau.com.py/beneficios2/Detalle?b=13417&c=20004,https://www.itau.com.py/beneficios2/categoria/3
Belleza y Salud,Itaú,Punto Farma,20 % Pago con QR; 20% de ahorro + 5% VISA y hasta 6 cuotas sin intereses.,viernes a domingo,2026-01-03 hasta 2026-12-31,tarjeta de débito,Hasta el 31 de diciembre de 2026. Pagando con tus tarjetas de debito Itaú vía QR. Tenes 20% de ahorro. Aplica de viernes a domingo.,"Aplica para compras realizadas a través del POS de Bancard. No incluye tarjetas pre – pagas. Las tarjetas de crédito que acumulan puntos son Visa Infinite, Interventajas, American Express (Platinum, Gold y Green), Visa Platinum, Matercard Black, afinidad Club Centenario y Touring. Las tarjetas de crédito con las afinidades LATAM y Aadvantage acumulan en sus respectivos programas. No acumulable con otras promociones.",https://www.itau.com.py/beneficios2/Detalle?b=16008&c=20004,https://www.itau.com.py/beneficios2/categoria/3
Belleza y Salud,Itaú,Tippy Toe,20 % 10 Cuotas sin intereses; 20% de ahorro y hasta 10 cuotas sin intereses.,Aplica los jueves,2026-01-22 hasta 2026-08-27,tarjeta de crédito,Del 1 al 27 de agosto de 2026. Pagando con tus tarjetas de crédito Itaú. Tenes 20% de ahorro y hasta 10 cuotas sin intereses. Aplica los jueves.,"*Con tus tarjetas de crédito Itaú podés elegir pagar en hasta 10 cuotas sin intereses. La cantidad de cuotas la elegís al momento de la compra. Aplica para compras realizadas a través del pos de Bancard. No incluye tarjetas pre – pagas. Las tarjetas de crédito que acumulan puntos son Visa Infinite, Interventajas, American Express (Platinum, Gold y Green), Visa Platinum, Mastercard Black, afinidad Club Centenario y Touring. Las tarjetas de crédito con las afinidades LATAM y Aadvantage acumulan en sus respectivos programas. No acumulable con otras promociones.",https://www.itau.com.py/beneficios2/Detalle?b=16693&c=31756,https://www.itau.com.py/beneficios2/categoria/3
Cafeterías,Itaú,Almarreina,20 %; Tenes 20% de ahorro,LUNES A VIERNES; Martes a viernes,2026-05-22 hasta 2026-08-28,tarjeta de crédito,Del 22 de Mayo al 28 de Agosto de 2026. Pagando con tus tarjetas de crédito Itaú. Tenes 20% de ahorro. APLICA DE LUNES A VIERNES. LEER BASES Y CONDICIONES.,"Con tus tarjetas de crédito Itaú podés elegir pagar en hasta 3 cuotas sin intereses. La cantidad de cuotas la elegís al momento de la compra. Aplica para compras realizadas a través del pos de Bancard. No incluye tarjetas pre – pagas. Las tarjetas de crédito que acumulan puntos son Visa Infinite, Interventajas, American Express (Platinum, Gold y Green), Visa Platinum, Mastercard Black, afinidad Club Centenario y Touring. Las tarjetas de crédito con las afinidades LATAM y Aadvantage acumulan en sus respectivos programas. No acumulable con otras promociones. QUATTRO D: No aplica a heladería y restaurante. ALMARREINA: Aplica de Martes a viernes. No aplica a bebidas alcoholicas. EL CAFETERO: No aplica a Merchandising. MEDIALUNAS CALENTITAS: No aplica a almuerzo. Aplica al local de Lillo esq. Dr. Morra",https://www.itau.com.py/beneficios2/Detalle?b=16995&c=30239,https://www.itau.com.py/beneficios2/categoria/51
Cafeterías,Itaú,CAFE PILAR,20 %; Tenes 20% de ahorro,LUNES A VIERNES; Martes a viernes,2026-05-22 hasta 2026-08-28,tarjeta de crédito,Del 22 de Mayo al 28 de Agosto de 2026. Pagando con tus tarjetas de crédito Itaú. Tenes 20% de ahorro. APLICA DE LUNES A VIERNES. LEER BASES Y CONDICIONES.,"Con tus tarjetas de crédito Itaú podés elegir pagar en hasta 3 cuotas sin intereses. La cantidad de cuotas la elegís al momento de la compra. Aplica para compras realizadas a través del pos de Bancard. No incluye tarjetas pre – pagas. Las tarjetas de crédito que acumulan puntos son Visa Infinite, Interventajas, American Express (Platinum, Gold y Green), Visa Platinum, Mastercard Black, afinidad Club Centenario y Touring. Las tarjetas de crédito con las afinidades LATAM y Aadvantage acumulan en sus respectivos programas. No acumulable con otras promociones. QUATTRO D: No aplica a heladería y restaurante. ALMARREINA: Aplica de Martes a viernes. No aplica a bebidas alcoholicas. EL CAFETERO: No aplica a Merchandising. MEDIALUNAS CALENTITAS: No aplica a almuerzo. Aplica al local de Lillo esq. Dr. Morra",https://www.itau.com.py/beneficios2/Detalle?b=16995&c=31993,https://www.itau.com.py/beneficios2/categoria/51
Cafeterías,Itaú,El Cafetero,20 %; Tenes 20% de ahorro,LUNES A VIERNES; Martes a viernes,2026-05-22 hasta 2026-08-28,tarjeta de crédito,Del 22 de Mayo al 28 de Agosto de 2026. Pagando con tus tarjetas de crédito Itaú. Tenes 20% de ahorro. APLICA DE LUNES A VIERNES. LEER BASES Y CONDICIONES.,"Con tus tarjetas de crédito Itaú podés elegir pagar en hasta 3 cuotas sin intereses. La cantidad de cuotas la elegís al momento de la compra. Aplica para compras realizadas a través del pos de Bancard. No incluye tarjetas pre – pagas. Las tarjetas de crédito que acumulan puntos son Visa Infinite, Interventajas, American Express (Platinum, Gold y Green), Visa Platinum, Mastercard Black, afinidad Club Centenario y Touring. Las tarjetas de crédito con las afinidades LATAM y Aadvantage acumulan en sus respectivos programas. No acumulable con otras promociones. QUATTRO D: No aplica a heladería y restaurante. ALMARREINA: Aplica de Martes a viernes. No aplica a bebidas alcoholicas. EL CAFETERO: No aplica a Merchandising. MEDIALUNAS CALENTITAS: No aplica a almuerzo. Aplica al local de Lillo esq. Dr. Morra",https://www.itau.com.py/beneficios2/Detalle?b=16995&c=31561,https://www.itau.com.py/beneficios2/categoria/51
Cafeterías,Itaú,El Café de aca,20 %; Tenes 20% de ahorro,LUNES A VIERNES; Martes a viernes,2026-05-22 hasta 2026-08-28,tarjeta de crédito,Del 22 de Mayo al 28 de Agosto de 2026. Pagando con tus tarjetas de crédito Itaú. Tenes 20% de ahorro. APLICA DE LUNES A VIERNES. LEER BASES Y CONDICIONES.,"Con tus tarjetas de crédito Itaú podés elegir pagar en hasta 3 cuotas sin intereses. La cantidad de cuotas la elegís al momento de la compra. Aplica para compras realizadas a través del pos de Bancard. No incluye tarjetas pre – pagas. Las tarjetas de crédito que acumulan puntos son Visa Infinite, Interventajas, American Express (Platinum, Gold y Green), Visa Platinum, Mastercard Black, afinidad Club Centenario y Touring. Las tarjetas de crédito con las afinidades LATAM y Aadvantage acumulan en sus respectivos programas. No acumulable con otras promociones. QUATTRO D: No aplica a heladería y restaurante. ALMARREINA: Aplica de Martes a viernes. No aplica a bebidas alcoholicas. EL CAFETERO: No aplica a Merchandising. MEDIALUNAS CALENTITAS: No aplica a almuerzo. Aplica al local de Lillo esq. Dr. Morra",https://www.itau.com.py/beneficios2/Detalle?b=16995&c=30593,https://www.itau.com.py/beneficios2/categoria/51
Cafeterías,Itaú,Havanna,20 %; Tenes 20% de ahorro,LUNES A VIERNES; Martes a viernes,2026-05-22 hasta 2026-08-28,tarjeta de crédito,Del 22 de Mayo al 28 de Agosto de 2026. Pagando con tus tarjetas de crédito Itaú. Tenes 20% de ahorro. APLICA DE LUNES A VIERNES. LEER BASES Y CONDICIONES.,"Con tus tarjetas de crédito Itaú podés elegir pagar en hasta 3 cuotas sin intereses. La cantidad de cuotas la elegís al momento de la compra. Aplica para compras realizadas a través del pos de Bancard. No incluye tarjetas pre – pagas. Las tarjetas de crédito que acumulan puntos son Visa Infinite, Interventajas, American Express (Platinum, Gold y Green), Visa Platinum, Mastercard Black, afinidad Club Centenario y Touring. Las tarjetas de crédito con las afinidades LATAM y Aadvantage acumulan en sus respectivos programas. No acumulable con otras promociones. QUATTRO D: No aplica a heladería y restaurante. ALMARREINA: Aplica de Martes a viernes. No aplica a bebidas alcoholicas. EL CAFETERO: No aplica a Merchandising. MEDIALUNAS CALENTITAS: No aplica a almuerzo. Aplica al local de Lillo esq. Dr. Morra",https://www.itau.com.py/beneficios2/Detalle?b=16995&c=1571,https://www.itau.com.py/beneficios2/categoria/51
Cafeterías,Itaú,Kafea,20 %; Tenes 20% de ahorro,LUNES A VIERNES; Martes a viernes,2026-05-22 hasta 2026-08-28,tarjeta de crédito,Del 22 de Mayo al 28 de Agosto de 2026. Pagando con tus tarjetas de crédito Itaú. Tenes 20% de ahorro. APLICA DE LUNES A VIERNES. LEER BASES Y CONDICIONES.,"Con tus tarjetas de crédito Itaú podés elegir pagar en hasta 3 cuotas sin intereses. La cantidad de cuotas la elegís al momento de la compra. Aplica para compras realizadas a través del pos de Bancard. No incluye tarjetas pre – pagas. Las tarjetas de crédito que acumulan puntos son Visa Infinite, Interventajas, American Express (Platinum, Gold y Green), Visa Platinum, Mastercard Black, afinidad Club Centenario y Touring. Las tarjetas de crédito con las afinidades LATAM y Aadvantage acumulan en sus respectivos programas. No acumulable con otras promociones. QUATTRO D: No aplica a heladería y restaurante. ALMARREINA: Aplica de Martes a viernes. No aplica a bebidas alcoholicas. EL CAFETERO: No aplica a Merchandising. MEDIALUNAS CALENTITAS: No aplica a almuerzo. Aplica al local de Lillo esq. Dr. Morra",https://www.itau.com.py/beneficios2/Detalle?b=16995&c=31808,https://www.itau.com.py/beneficios2/categoria/51
Cafeterías,Itaú,La Lilia Cafe,20 %; Tenes 20% de ahorro,LUNES A VIERNES; Martes a viernes,2026-05-22 hasta 2026-08-28,tarjeta de crédito,Del 22 de Mayo al 28 de Agosto de 2026. Pagando con tus tarjetas de crédito Itaú. Tenes 20% de ahorro. APLICA DE LUNES A VIERNES. LEER BASES Y CONDICIONES.,"Con tus tarjetas de crédito Itaú podés elegir pagar en hasta 3 cuotas sin intereses. La cantidad de cuotas la elegís al momento de la compra. Aplica para compras realizadas a través del pos de Bancard. No incluye tarjetas pre – pagas. Las tarjetas de crédito que acumulan puntos son Visa Infinite, Interventajas, American Express (Platinum, Gold y Green), Visa Platinum, Mastercard Black, afinidad Club Centenario y Touring. Las tarjetas de crédito con las afinidades LATAM y Aadvantage acumulan en sus respectivos programas. No acumulable con otras promociones. QUATTRO D: No aplica a heladería y restaurante. ALMARREINA: Aplica de Martes a viernes. No aplica a bebidas alcoholicas. EL CAFETERO: No aplica a Merchandising. MEDIALUNAS CALENTITAS: No aplica a almuerzo. Aplica al local de Lillo esq. Dr. Morra",https://www.itau.com.py/beneficios2/Detalle?b=16995&c=30420,https://www.itau.com.py/beneficios2/categoria/51
Cafeterías,Itaú,Medialunas Calentitas,20 %; Tenes 20% de ahorro,LUNES A VIERNES; Martes a viernes,2026-05-22 hasta 2026-08-28,tarjeta de crédito,Del 22 de Mayo al 28 de Agosto de 2026. Pagando con tus tarjetas de crédito Itaú. Tenes 20% de ahorro. APLICA DE LUNES A VIERNES. LEER BASES Y CONDICIONES.,"Con tus tarjetas de crédito Itaú podés elegir pagar en hasta 3 cuotas sin intereses. La cantidad de cuotas la elegís al momento de la compra. Aplica para compras realizadas a través del pos de Bancard. No incluye tarjetas pre – pagas. Las tarjetas de crédito que acumulan puntos son Visa Infinite, Interventajas, American Express (Platinum, Gold y Green), Visa Platinum, Mastercard Black, afinidad Club Centenario y Touring. Las tarjetas de crédito con las afinidades LATAM y Aadvantage acumulan en sus respectivos programas. No acumulable con otras promociones. QUATTRO D: No aplica a heladería y restaurante. ALMARREINA: Aplica de Martes a viernes. No aplica a bebidas alcoholicas. EL CAFETERO: No aplica a Merchandising. MEDIALUNAS CALENTITAS: No aplica a almuerzo. Aplica al local de Lillo esq. Dr. Morra",https://www.itau.com.py/beneficios2/Detalle?b=16995&c=30435,https://www.itau.com.py/beneficios2/categoria/51
Cafeterías,Itaú,Quattro D,20 %; Tenes 20% de ahorro,LUNES A VIERNES; Martes a viernes,2026-05-22 hasta 2026-08-28,tarjeta de crédito,Del 22 de Mayo al 28 de Agosto de 2026. Pagando con tus tarjetas de crédito Itaú. Tenes 20% de ahorro. APLICA DE LUNES A VIERNES. LEER BASES Y CONDICIONES.,"Con tus tarjetas de crédito Itaú podés elegir pagar en hasta 3 cuotas sin intereses. La cantidad de cuotas la elegís al momento de la compra. Aplica para compras realizadas a través del pos de Bancard. No incluye tarjetas pre – pagas. Las tarjetas de crédito que acumulan puntos son Visa Infinite, Interventajas, American Express (Platinum, Gold y Green), Visa Platinum, Mastercard Black, afinidad Club Centenario y Touring. Las tarjetas de crédito con las afinidades LATAM y Aadvantage acumulan en sus respectivos programas. No acumulable con otras promociones. QUATTRO D: No aplica a heladería y restaurante. ALMARREINA: Aplica de Martes a viernes. No aplica a bebidas alcoholicas. EL CAFETERO: No aplica a Merchandising. MEDIALUNAS CALENTITAS: No aplica a almuerzo. Aplica al local de Lillo esq. Dr. Morra",https://www.itau.com.py/beneficios2/Detalle?b=16995&c=30010,https://www.itau.com.py/beneficios2/categoria/51
Cafeterías,Itaú,Waffle Roga,20 %; Tenes 20% de ahorro,LUNES A VIERNES; Martes a viernes,2026-05-22 hasta 2026-08-28,tarjeta de crédito,Del 22 de Mayo al 28 de Agosto de 2026. Pagando con tus tarjetas de crédito Itaú. Tenes 20% de ahorro. APLICA DE LUNES A VIERNES. LEER BASES Y CONDICIONES.,"Con tus tarjetas de crédito Itaú podés elegir pagar en hasta 3 cuotas sin intereses. La cantidad de cuotas la elegís al momento de la compra. Aplica para compras realizadas a través del pos de Bancard. No incluye tarjetas pre – pagas. Las tarjetas de crédito que acumulan puntos son Visa Infinite, Interventajas, American Express (Platinum, Gold y Green), Visa Platinum, Mastercard Black, afinidad Club Centenario y Touring. Las tarjetas de crédito con las afinidades LATAM y Aadvantage acumulan en sus respectivos programas. No acumulable con otras promociones. QUATTRO D: No aplica a heladería y restaurante. ALMARREINA: Aplica de Martes a viernes. No aplica a bebidas alcoholicas. EL CAFETERO: No aplica a Merchandising. MEDIALUNAS CALENTITAS: No aplica a almuerzo. Aplica al local de Lillo esq. Dr. Morra",https://www.itau.com.py/beneficios2/Detalle?b=16995&c=30786,https://www.itau.com.py/beneficios2/categoria/51
Delimarket,Itaú,Delimarket,20 %; 20% de reintegro,todos los sábados,2025-09-06 hasta 2026-09-30,tarjeta de crédito,"Desde el 7 de marzo hasta el 30 de septiembre de 2026. Pagando con tus tarjetas de crédito PREMIUM Itaú. Tenes 20% de reintegro. Aplica todos los sábados. Tope de compra para tarjetas VISA PLATINUM, INTERVENTAJAS PLATINUM, AADVANTAGE PLATINUM, VISA PLATINUM CENTENARIO, LATAM PLATINUM, MC BLACK de Gs. 2.500.000 mensual por cuenta/tarjeta en rubro supermercados. Tope de compra para tarjetas VISA INFINITE y AMEX PLATINUM de Gs. 4.000.000 mensual por cuenta/tarjeta en rubro supermercados. Aplica para consumo familiar.","*Aplica para compras realizadas a través del pos de Bancard. No incluye tarjetas pre – pagas. Las tarjetas de crédito que acumulan puntos son Visa Infinite, Interventajas, American Express (Platinum, Gold y Green), Visa Platinum, Mastercard Black, afinidad Club Centenario y Touring. Las tarjetas de crédito con las afinidades LATAM y Aadvantage acumulan en sus respectivos programas. No acumulable con otras promociones.",https://www.itau.com.py/beneficios2/Detalle?b=16584&c=30064,https://www.itau.com.py/beneficios2/categoria/13
Entretenimiento,Itaú,Cines Itaú,2x1; 2 x 1,No especificado,2021-07-23 hasta 2026-12-31,tarjeta de crédito,"Hasta el 31 de diciembre de 2026. Pagando con tus tarjetas de crédito y débito Itaú. Tenés 2x1 en entradas a los principales complejos de cine del país. No aplica a sábados, domingos y miércoles.","Disfrutá de este beneficio en todas las películas de Cines Itaú del Sol, Cines Itaú Mariano, Cines Itaú Cerro Alto, Cines Itaú San Lorenzo, y Cines Itaú Coronel Oviedo.* Para los Cines Itaú Hiperseis y Cines Itaú Pinedo, la promoción es válida para los días lunes, martes, jueves y viernes en todas las películas.* *Las entradas 2x1 son válidas a precio Full (precio adultos). No válido para las salas 4D en Cines Itaú Pinedo y para las películas Sujetas a Restricciones por disposición de los representantes de las películas.",https://www.itau.com.py/beneficios2/Detalle?b=12633&c=1084,https://www.itau.com.py/beneficios2/categoria/42
Gastronomía,Itaú,FRANCESCANA,20 %; Tenes 20% de ahorro,Aplica los jueves,2026-07-08 hasta 2026-08-28,tarjeta de crédito,Del 9 de julio al 28 de agosto 2026. Pagando con tus tarjetas de credito Itau. Tenes 20% de ahorro. Aplica los jueves y viernes.,"Aplica para compras realizadas a través del pos de Bancard. No incluye tarjetas pre – pagas. Las tarjetas de crédito que acumulan puntos son Visa Infinite, Interventajas, American Express (Platinum, Gold y Green), Visa Platinum, Mastercard Black, afinidad Club Centenario y Touring. Las tarjetas de crédito con las afinidades LATAM y Aadvantage acumulan en sus respectivos programas. No acumulable con otras promociones",https://www.itau.com.py/beneficios2/Detalle?b=17024&c=32022,https://www.itau.com.py/beneficios2/categoria/7
Gastronomía,Itaú,Juan Valdez,25 % Hasta; Tenes 25% de reintegro + 5% adicional con AMEX PLATINUM y VISA INFINITE,Todos los lunes,2025-12-10 hasta 2026-09-28,tarjeta de crédito,Todos los lunes. Del 3 de agosto al 28 de septiembre de 2026. Pagando con tus tarjetas de crédito Itaú. Tenes 25% de reintegro + 5% adicional con AMEX PLATINUM y VISA INFINITE. Tope de compra será de 500.000 Gs para clientes con TC PERSONAL BANK y 300.000 Gs para clientes naranja (otras tarjetas de crédito no Personal Bank).,"*Aplica para compras realizadas a través del pos de Bancard. No incluye tarjetas pre – pagas. Las tarjetas de crédito que acumulan puntos son Visa Infinite, Interventajas, American Express (Platinum, Gold y Green), Visa Platinum, Mastercard Black, afinidad Club Centenario y Touring. Las tarjetas de crédito con las afinidades LATAM y Aadvantage acumulan en sus respectivos programas. No acumulable con otras promociones.",https://www.itau.com.py/beneficios2/Detalle?b=16876&c=30008,https://www.itau.com.py/beneficios2/categoria/7
Gastronomía,Itaú,Pizza Hut,6 Cuotas sin intereses; Tenes 6 cuotas sin intereses para los cumpleaños.,No especificado,2025-09-19 hasta 2026-09-30,tarjeta de crédito,Del lunes 29 junio hasta el 30 de septiembre 2026. Pagando con tus tarjetas de crédito Itaú. Tenes 6 cuotas sin intereses para los cumpleaños.,"Con tus tarjetas de crédito Itaú podés elegir pagar en hasta 6 cuotas sin intereses. La cantidad de cuotas la elegís al momento de la compra. Aplica para compras realizadas a través del pos de Bancard. No incluye tarjetas pre – pagas. Las tarjetas de crédito que acumulan puntos son Visa Infinite, Interventajas, American Express (Platinum, Gold y Green), Visa Platinum, Mastercard Black, afinidad Club Centenario y Touring. Las tarjetas de crédito con las afinidades LATAM y Aadvantage acumulan en sus respectivos programas. No acumulable con otras promociones.",https://www.itau.com.py/beneficios2/Detalle?b=16615&c=30028,https://www.itau.com.py/beneficios2/categoria/7
Gastronomía,Itaú,TREFFEN,tarjeta de crédito; Tenes 20% de ahorro,LUNES A JUEVES,2026-07-01 hasta 2026-09-03,tarjeta de crédito,Del Lunes 13 de Julio al Jueves 3 de Septiembre 2026. Pagando con tus tarjetas de crédito Itaú. Tenes 20% de ahorro. LA PROMOCION APLICA DE LUNES A JUEVES.,"Aplica para compras realizadas a través del pos de Bancard. No incluye tarjetas pre – pagas. Las tarjetas de crédito que acumulan puntos son Visa Infinite, Interventajas, American Express (Platinum, Gold y Green), Visa Platinum, Mastercard Black, afinidad Club Centenario y Touring. Las tarjetas de crédito con las afinidades LATAM y Aadvantage acumulan en sus respectivos programas. No acumulable con otras promociones.",https://www.itau.com.py/beneficios2/Detalle?b=17020&c=32014,https://www.itau.com.py/beneficios2/categoria/7
Hogar,Itaú,CENTRO DE MATERIALES,10 Cuotas sin intereses 40 %; Tenes 40% de ahorro con Tarjeta de Crédito y hasta 10 cuotas sin intereses.,No especificado,2026-04-27 hasta 2026-08-31,tarjeta de crédito,Del 18 al 31 agosto 2026. Pagando con tus tarjetas de crédito Itaú. Tenes 40% de ahorro y hasta 10 cuotas sin intereses. Aplica en productos INCEPA.,"Con tus tarjetas de crédito Itaú podés elegir pagar en hasta 10 cuotas sin intereses. La cantidad de cuotas la elegís al momento de la compra. Aplica para compras realizadas a través del pos de Bancard. No incluye tarjetas pre – pagas. Las tarjetas de crédito que acumulan puntos son Visa Infinite, Interventajas, American Express (Platinum, Gold y Green), Visa Platinum, Mastercard Black, afinidad Club Centenario y Touring. Las tarjetas de crédito con las afinidades LATAM y Aadvantage acumulan en sus respectivos programas. No acumulable con otras promociones.",https://www.itau.com.py/beneficios2/Detalle?b=16980&c=31948,https://www.itau.com.py/beneficios2/categoria/8
Hogar,Itaú,Corporacion Mercantil,25 % 10 Cuotas sin intereses; 25% de ahorro y hasta 10 cuotas sin intereses.,No especificado,2026-02-02 hasta 2026-09-15,tarjeta de crédito,Del 3 de agosto al 15 septiembre de junio 2026. Pagando con tus tarjetas de crédito Itaú. Tenes 25% de ahorro y hasta 10 cuotas sin intereses.,"*Con tus tarjetas de crédito Itaú podés elegir pagar en hasta 10 cuotas sin intereses. La cantidad de cuotas la elegís al momento de la compra. Aplica para compras realizadas a través del pos de Bancard. No incluye tarjetas pre – pagas. Las tarjetas de crédito que acumulan puntos son Visa Infinite, Interventajas, American Express (Platinum, Gold y Green), Visa Platinum, Mastercard Black, afinidad Club Centenario y Touring. Las tarjetas de crédito con las afinidades LATAM y Aadvantage acumulan en sus respectivos programas. No acumulable con otras promociones.",https://www.itau.com.py/beneficios2/Detalle?b=16735&c=1430,https://www.itau.com.py/beneficios2/categoria/8
Hogar,Itaú,Essen,10 Cuotas sin intereses 30 %; Tenes 30% de ahorro en combos promocionales con tarjeta de crédito Itaú y hasta 10 cuotas sin intereses.,No especificado,2026-01-07 hasta 2026-12-31,tarjeta de crédito,Del 30 de junio al 31 de diciembre 2026. Pagando con tus tarjetas de crédito Itaú. Tenes 30% de ahorro en combos promocionales con tarjeta de crédito Itaú y hasta 10 cuotas sin intereses.,"*Con tus tarjetas de crédito Itaú podés elegir pagar en hasta 10 cuotas sin intereses. La cantidad de cuotas la elegís al momento de la compra. Aplica para compras realizadas a través del pos de Bancard. No incluye tarjetas pre – pagas. Las tarjetas de crédito que acumulan puntos son Visa Infinite, Interventajas, American Express (Platinum, Gold y Green), Visa Platinum, Mastercard Black, afinidad Club Centenario y Touring. Las tarjetas de crédito con las afinidades LATAM y Aadvantage acumulan en sus respectivos programas. No acumulable con otras promociones.",https://www.itau.com.py/beneficios2/Detalle?b=16711&c=30594,https://www.itau.com.py/beneficios2/categoria/8
Hogar,Itaú,Kekas Design,10 Cuotas sin intereses; Tenes hasta 10 cuotas sin intereses.,No especificado,2026-08-04 hasta 2026-09-15,tarjeta de crédito,Del 15 de Agosto al 15 de Septiembre 2026. Pagando con tus tarjetas de crédito Itaú. Tenes hasta 10 cuotas sin intereses.,"Con tus tarjetas de crédito Itaú podés elegir pagar en hasta 10 cuotas sin intereses. La cantidad de cuotas la elegís al momento de la compra. Aplica para compras realizadas a través del pos de Bancard. No incluye tarjetas pre – pagas. Las tarjetas de crédito que acumulan puntos son Visa Infinite, Interventajas, American Express (Platinum, Gold y Green), Visa Platinum, Mastercard Black, afinidad Club Centenario y Touring. Las tarjetas de crédito con las afinidades LATAM y Aadvantage acumulan en sus respectivos programas. No acumulable con otras promociones.",https://www.itau.com.py/beneficios2/Detalle?b=17037&c=30531,https://www.itau.com.py/beneficios2/categoria/8
Hogar,Itaú,Luminotecnia,10 Cuotas sin intereses 15 %; 15% de ahorro y hasta 10 cuotas sin intereses.,Aplica los sábados,2026-01-10 hasta 2026-12-26,tarjeta de crédito,"Del sábado 10 de enero al 26 de diciembre 2026. Pagando con tus tarjetas de crédito Itaú. Tenés 15% de ahorro y hasta 10 cuotas sin intereses. Aplica los sábados. El descuento aplica sobre productos seleccionados. No aplica a aires acondicionados ni para artículos que ya cuenten con promociones vigentes. Promoción no acumulable con otras ofertas, descuentos o beneficios.","*Con tus tarjetas de crédito Itaú podes elegir pagar en hasta 10 cuotas sin intereses. La cantidad de cuotas la elegís al momento de la compra. Aplica para compras realizadas a través del POS de Bancard. No incluye tarjetas pre – pagas. Las tarjetas de crédito que acumulan puntos son Visa Infinite, Interventajas, American Express (Platinum, Gold y Green), Visa Platinum, Mastercard Black, afinidad Club Centenario y Touring. Las tarjetas de crédito con las afinidades LATAM y Aadvantage acumulan en sus repectivos programas. No acumulable con otras promociones.",https://www.itau.com.py/beneficios2/Detalle?b=15776&c=1112,https://www.itau.com.py/beneficios2/categoria/8
Hogar,Itaú,Luminotecnia,6 Cuotas sin intereses; hasta 6 cuotas sin intereses.,No especificado,2026-01-06 hasta 2026-12-31,tarjeta de crédito,Hasta el 31 de diciembre de 2026. Pagando con tus tarjetas de crédito Itaú. Tenes hasta 6 cuotas sin intereses.,"*Con tus tarjetas de crédito Itaú podés elegir pagar en hasta 6 cuotas sin intereses. La cantidad de cuotas la elegís al momento de la compra. Aplica para compras realizadas a través del pos de Bancard. No incluye tarjetas pre – pagas. Las tarjetas de crédito que acumulan puntos son Visa Infinite, Interventajas, American Express (Platinum, Gold y Green), Visa Platinum, Mastercard Black, afinidad Club Centenario y Touring. Las tarjetas de crédito con las afinidades LATAM y Aadvantage acumulan en sus respectivos programas. No acumulable con otras promociones.",https://www.itau.com.py/beneficios2/Detalle?b=16377&c=1112,https://www.itau.com.py/beneficios2/categoria/8
Hogar,Itaú,Tecnocentro,10 Cuotas sin intereses 45 % Hasta; Tenes hasta 45% de descuento y hasta 10 cuotas sin intereses,No especificado,2026-01-08 hasta 2026-08-31,tarjeta de crédito,Del 10 al 31 de agosto de 2026. Pagando con tus tarjetas de crédito Itaú. Tenes hasta 45% de descuento y hasta 10 cuotas sin intereses.,"*Con tus tarjetas de crédito Itaú podés elegir pagar en hasta 10 cuotas sin intereses. La cantidad de cuotas la elegís al momento de la compra. Aplica para compras realizadas a través del pos de Bancard. No incluye tarjetas pre – pagas. Las tarjetas de crédito que acumulan puntos son Visa Infinite, Interventajas, American Express (Platinum, Gold y Green), Visa Platinum, Mastercard Black, afinidad Club Centenario y Touring. Las tarjetas de crédito con las afinidades LATAM y Aadvantage acumulan en sus respectivos programas. No acumulable con otras promociones.",https://www.itau.com.py/beneficios2/Detalle?b=16181&c=1483,https://www.itau.com.py/beneficios2/categoria/8
Indumentaria,Itaú,Maestro,60 % Hasta 10 Cuotas sin intereses; Tenés hasta 50% de descuento en caja + 10% adicional vía reintegro pagando con GPAY y APPLE PAY + hasta 6 cuotas sin intereses,No especificado,2023-10-17 hasta 2026-08-26,tarjeta de crédito,"Los días 5, 12, 19 y 26 de agosto de 2026. Pagando con tus tarjetas de crédito Itaú. Tenés hasta 50% de descuento en caja + 10% adicional vía reintegro pagando con GPAY y APPLE PAY + hasta 10 cuotas sin intereses. Tope de compra Gs. 2.000.000.","*Con tus tarjetas de crédito Itaú podés elegir pagar en hasta 10 cuotas sin intereses. La cantidad de cuotas la elegís al momento de la compra. Aplica para compras realizadas a través del pos de Bancard. No incluye tarjetas pre – pagas. Las tarjetas de crédito que acumulan puntos son Visa Infinite, Interventajas, American Express (Platinum, Gold y Green), Visa Platinum, Mastercard Black, afinidad Club Centenario y Touring. Las tarjetas de crédito con las afinidades LATAM y Aadvantage acumulan en sus respectivos programas. No acumulable con otras promociones.",https://www.itau.com.py/beneficios2/Detalle?b=14761&c=1062,https://www.itau.com.py/beneficios2/categoria/9
Indumentaria,Itaú,Tiendas Martel,6 Cuotas sin intereses 50 % Hasta; Tenes hasta 50% de ahorro y hasta 6 cuotas sin intereses.,No especificado,2026-03-17 hasta 2026-08-31,tarjeta de crédito,Del 17 al 31 de agosto 2026. Pagando con tus tarjetas de crédito Itaú. Tenes hasta 50% de ahorro y hasta 6 cuotas sin intereses.,"*Con tus tarjetas de crédito Itaú podés elegir pagar en hasta 6 cuotas sin intereses. La cantidad de cuotas la elegís al momento de la compra. Aplica para compras realizadas a través del pos de Bancard. No incluye tarjetas pre – pagas. Las tarjetas de crédito que acumulan puntos son Visa Infinite, Interventajas, American Express (Platinum, Gold y Green), Visa Platinum, Mastercard Black, afinidad Club Centenario y Touring. Las tarjetas de crédito con las afinidades LATAM y Aadvantage acumulan en sus respectivos programas. No acumulable con otras promociones.",https://www.itau.com.py/beneficios2/Detalle?b=16710&c=30119,https://www.itau.com.py/beneficios2/categoria/9
Indumentaria,Itaú,Todo Costura,12 Cuotas sin intereses; Hasta 12 cuotas sin intereses.,No especificado,2026-01-12 hasta 2026-12-31,tarjeta de crédito,Hasta el 31 de diciembre de 2026. Pagando con tus tarjetas de crédito Itaú. Tenés hasta 12 cuotas sin intereses.,"*Con tus tarjetas de crédito Itaú podés elegir pagar en hasta 12 cuotas sin intereses. La cantidad de cuotas la elegís al momento de la compra. Aplica para compras realizadas a través del pos de Bancard. No incluye tarjetas pre – pagas. Las tarjetas de crédito que acumulan puntos son Visa Infinite, Interventajas, American Express (Platinum, Gold y Green), Visa Platinum, MasterCard Black, afinidad Club Centenario y Touring. Las tarjetas de crédito con las afinidades LATAM y Aadvantage acumulan en sus respectivos programas. No acumulable con otras promociones.",https://www.itau.com.py/beneficios2/Detalle?b=15935&c=31552,https://www.itau.com.py/beneficios2/categoria/9
Indumentaria,Itaú,Wrangler,6 Cuotas sin intereses 50 % Hasta; Tenes hasta 50% de ahorro y hasta 6 cuotas sin intereses.,No especificado,2026-03-17 hasta 2026-08-31,tarjeta de crédito,Del 17 al 31 de agosto 2026. Pagando con tus tarjetas de crédito Itaú. Tenes hasta 50% de ahorro y hasta 6 cuotas sin intereses.,"*Con tus tarjetas de crédito Itaú podés elegir pagar en hasta 6 cuotas sin intereses. La cantidad de cuotas la elegís al momento de la compra. Aplica para compras realizadas a través del pos de Bancard. No incluye tarjetas pre – pagas. Las tarjetas de crédito que acumulan puntos son Visa Infinite, Interventajas, American Express (Platinum, Gold y Green), Visa Platinum, Mastercard Black, afinidad Club Centenario y Touring. Las tarjetas de crédito con las afinidades LATAM y Aadvantage acumulan en sus respectivos programas. No acumulable con otras promociones.",https://www.itau.com.py/beneficios2/Detalle?b=16710&c=30120,https://www.itau.com.py/beneficios2/categoria/9
Niños,Itaú,AVENTURA PARK,10 % 10 Cuotas sin intereses; Tenés 10% de ahorro y hasta 10 cuotas sin intereses.,No especificado,2018-01-01 hasta 2026-09-30,tarjeta de crédito,Del 2 de julio al 30 de septiembre 2026. Pagando con tus tarjetas de crédito Itaú. Tenés 10% de ahorro y hasta 10 cuotas sin intereses.,"Con tus tarjetas de crédito Itaú podés elegir pagar en hasta 10 cuotas sin intereses. La cantidad de cuotas la elegís al momento de la compra. Aplica para compras realizadas a través del pos de Bancard. No incluye tarjetas pre – pagas. Las tarjetas de crédito que acumulan puntos son Visa Infinite, Interventajas, American Express (Platinum, Gold y Green), Visa Platinum, Mastercard Black, afinidad Club Centenario y Touring. Las tarjetas de crédito con las afinidades LATAM y Aadvantage acumulan en sus respectivos programas. No acumulable con otras promociones.",https://www.itau.com.py/beneficios2/Detalle?b=10429&c=31960,https://www.itau.com.py/beneficios2/categoria/39
Niños,Itaú,Estoy Jugueteria,20 % 6 Cuotas sin intereses; 20% de ahorro y hasta 6 cuotas sin intereses.,Aplica los viernes,2025-06-06 hasta 2026-12-25,tarjeta de crédito,Hasta el 25 de diciembre de 2026. Pagando con tus tarjetas de crédito Itaú. Tenes 20% de ahorro y hasta 6 cuotas sin intereses. Aplica los viernes.,"*Con tus tarjetas de crédito Itaú podés elegir pagar en hasta 6 cuotas sin intereses. La cantidad de cuotas la elegís al momento de la compra. Aplica para compras realizadas a través del pos de Bancard. No incluye tarjetas pre – pagas. Las tarjetas de crédito que acumulan puntos son Visa Infinite, Interventajas, American Express (Platinum, Gold y Green), Visa Platinum, Mastercard Black, afinidad Club Centenario y Touring. Las tarjetas de crédito con las afinidades LATAM y Aadvantage acumulan en sus respectivos programas. No acumulable con otras promociones.",https://www.itau.com.py/beneficios2/Detalle?b=16318&c=30144,https://www.itau.com.py/beneficios2/categoria/39
Niños,Itaú,Owoki,10 Cuotas sin intereses 20 % Hasta; 20% de ahorro y hasta 10 cuotas sin intereses.,No especificado,2025-12-01 hasta 2026-08-31,tarjeta de crédito,Del 9 de julio al 31 de agosto de 2026. Pagando con tus tarjetas de crédito Itaú. Tenes 15% de ahorro + 5% pagando con VISA INFINITE Y AMEX PLATINUM y hasta 10 cuotas sin intereses.,"*Con tus tarjetas de crédito Itaú podés elegir pagar en hasta 10 cuotas sin intereses. La cantidad de cuotas la elegís al momento de la compra. Aplica para compras realizadas a través del pos de Bancard. No incluye tarjetas pre – pagas. Las tarjetas de crédito que acumulan puntos son Visa Infinite, Interventajas, American Express (Platinum, Gold y Green), Visa Platinum, Mastercard Black, afinidad Club Centenario y Touring. Las tarjetas de crédito con las afinidades LATAM y Aadvantage acumulan en sus respectivos programas. No acumulable con otras promociones.",https://www.itau.com.py/beneficios2/Detalle?b=16797&c=1302,https://www.itau.com.py/beneficios2/categoria/39
Shell,Itaú,Shell,20 %; 20% de REINTEGRO con tu tarjeta de Crédito ORO y PREMIUM.,todos los lunes,2026-01-05 hasta 2026-09-28,tarjeta de crédito,"Tanque lleno, todos los lunes. Del 23 de febrero al 30 de septiembre de 2026. 20% de REINTEGRO con tu tarjeta de Crédito ORO y PREMIUM (VISA PLATINUM, INTERVENTAJAS PLATINUM, AADVANTAGE PLATINUM, VISA PLATINUM CENTENARIO, LATAM PLATINUM, MC BLACK). Tope de compra Gs. 800.000 por mes, por cliente (titular + adicional). No aplica a PERSONAL BANK. Consultar Estaciones Adheridas en la página www.itau.com.py/Paginas/sobreitau_informes","Aplica para compras realizadas a través del pos de Bancard. No incluye tarjetas pre – pagas. Las tarjetas de crédito que acumulan puntos son Visa Infinite, Interventajas, American Express (Platinum, Gold y Green), Visa Platinum, Mastercard Black, afinidad Club Centenario y Touring. Las tarjetas de crédito con las afinidades LATAM y Aadvantage acumulan en sus respectivos programas. No acumulable con otras promociones. El tope de reintegro mensual aplica por cliente titular. Los consumos realizados con todas las tarjetas del titular, incluidas las adicionales, se acumulan en una única bolsa de combustible.",https://www.itau.com.py/beneficios2/Detalle?b=16918&c=31291,https://www.itau.com.py/beneficios2/categoria/16
Stock & Superseis,Itaú,Stock,15 %; 15% de ahorro.,todos los sábados,2025-09-06 hasta 2026-09-30,tarjeta de crédito,Desde el 7 de marzo hasta el 30 de septiembre de 2026. Pagando con tus tarjetas de crédito Itaú. Tenes 15% de reintegro. Aplica todos los sábados. Tope de compra mensual por cuenta/tarjeta en rubro supermercados. LEER BASES Y CONDICIONES. Aplica para consumo familiar.,"Aplica TARJETA FISICA, QR, GOOGLE PAY y APPLE PAY. Aplica para compras realizadas a través del pos de Bancard. No incluye tarjetas pre – pagas. Las tarjetas de crédito que acumulan puntos son Visa Infinite, Interventajas, American Express (Platinum, Gold y Green), Visa Platinum, Mastercard Black, afinidad Club Centenario y Touring. Las tarjetas de crédito con las afinidades LATAM y Aadvantage acumulan en sus respectivos programas. No acumulable con otras promociones. Tope de compra de Gs. 4.000.000 para AMEX PLATINUM/VISA INFINITE. Tope de compra de Gs. 2.500.000 para TC PREMIUM. Tope de compra de Gs. 1.000.000 para TC ORO. Tope de compra de Gs. 500.000 para TC CLASICAS.",https://www.itau.com.py/beneficios2/Detalle?b=16585&c=1457,https://www.itau.com.py/beneficios2/categoria/13
Stock & Superseis,Itaú,SuperSeis,15 %; 15% de ahorro.,todos los sábados,2025-09-06 hasta 2026-09-30,tarjeta de crédito,Desde el 7 de marzo hasta el 30 de septiembre de 2026. Pagando con tus tarjetas de crédito Itaú. Tenes 15% de reintegro. Aplica todos los sábados. Tope de compra mensual por cuenta/tarjeta en rubro supermercados. LEER BASES Y CONDICIONES. Aplica para consumo familiar.,"Aplica TARJETA FISICA, QR, GOOGLE PAY y APPLE PAY. Aplica para compras realizadas a través del pos de Bancard. No incluye tarjetas pre – pagas. Las tarjetas de crédito que acumulan puntos son Visa Infinite, Interventajas, American Express (Platinum, Gold y Green), Visa Platinum, Mastercard Black, afinidad Club Centenario y Touring. Las tarjetas de crédito con las afinidades LATAM y Aadvantage acumulan en sus respectivos programas. No acumulable con otras promociones. Tope de compra de Gs. 4.000.000 para AMEX PLATINUM/VISA INFINITE. Tope de compra de Gs. 2.500.000 para TC PREMIUM. Tope de compra de Gs. 1.000.000 para TC ORO. Tope de compra de Gs. 500.000 para TC CLASICAS.",https://www.itau.com.py/beneficios2/Detalle?b=16585&c=1464,https://www.itau.com.py/beneficios2/categoria/13
Super Real,Itaú,Super Real,15 %; 15% de ahorro.,Aplica los LUNES,2025-10-06 hasta 2026-09-30,tarjeta de crédito,Desde el 2 de marzo hasta el 30 de septiembre de 2026. Pagando con tus tarjetas de crédito Itaú. Tenés 15% de reintegro. Aplica los LUNES. Aplica en consumo familiar. Tope de compra por cuenta/tarjeta en rubro supermercados. LEER BASES Y CONDICIONES.,"*Aplica a compras por la web y locales físicos. Aplica TARJETA FISICA, QR, GOOGLE PAY y APPLE PAY. Aplica para compras realizadas a través del pos de Bancard. No incluye tarjetas pre - pagas. Las tarjetas de créditos que acumulan puntos son Visa Infinite, Interventajas, American Express (Platimun, Gold y Green), Visa Platimun, Mastercard Black; afinidad Club Centenario y Touring. Las Tarjetas de crédito con las afinidades LATAM y AAdvantage acumulan en sus respectivos programas. No acumulable con otras promociones. Tope de compra de Gs. 4.000.000 para AMEX PLATINUM/VISA INFINITE. Tope de compra de Gs. 2.500.000 para TC PREMIUM. Tope de compra de Gs. 1.000.000 para TC ORO. Tope de compra de Gs. 500.000 para TC CLASICAS.",https://www.itau.com.py/beneficios2/Detalle?b=15535&c=31460,https://www.itau.com.py/beneficios2/categoria/13
Supermercados,Itaú,Areté,15 %; Tenes 15% de ahorro.,Aplica los domingos,2026-01-04 hasta 2026-09-30,tarjeta de crédito,"Desde el 1 de marzo hasta el 30 de septiembre de 2026. Pagando con tus tarjetas de crédito de Itaú. Tenes 15% de reintegro. Tope de compra por mes, por cuenta en rubro supermercados. Aplica los domingos. Aplica a consumo familiar. LEER BASES Y CONDICIONES.","Aplica TARJETA FISICA, QR, GOOGLE PAY y APPLE PAY. Aplica para compras realizadas a través del pos de Bancard. No incluye tarjetas pre – pagas. Las tarjetas de crédito que acumulan puntos son Visa Infinite, Interventajas, American Express (Platinum, Gold y Green), Visa Platinum, Mastercard Black, afinidad Club Centenario y Touring. Las tarjetas de crédito con las afinidades LATAM y Aadvantage acumulan en sus respectivos programas. No acumulable con otras promociones. Tope de compra de Gs. 4.000.000 para AMEX PLATINUM/VISA INFINITE. Tope de compra de Gs. 2.500.000 para TC PREMIUM. Tope de compra de Gs. 1.000.000 para TC ORO. Tope de compra de Gs. 500.000 para TC CLASICAS.",https://www.itau.com.py/beneficios2/Detalle?b=16929&c=31447,https://www.itau.com.py/beneficios2/categoria/13
Supermercados,Itaú,CASA GRUTTER,15 % Hasta; Tenes 10% de reintegro para todas las Tarjetas de crédito y 15% para tarjetas de crédito Personal Bank VISA INFINITE y AMEX PLATINUM,No especificado,2026-08-04 hasta 2026-10-06,tarjeta de crédito,Del 4 de agosto al de 6 octubre de 2026. Pagando con tus tarjetas de crédito. Tenes 10% de reintegro para todas las Tarjetas de crédito y 15% para tarjetas de crédito Personal Bank VISA INFINITE y AMEX PLATINUM. Aplica el primer martes del mes. LEER BASES Y CONDICIONES PARA TOPES DE COMPRA.,"Aplica para compras realizadas a través del pos de Bancard. No incluye tarjetas pre – pagas. Las tarjetas de crédito que acumulan puntos son Visa Infinite, Interventajas, American Express (Platinum, Gold y Green), Visa Platinum, Mastercard Black, afinidad Club Centenario y Touring. Las tarjetas de crédito con las afinidades LATAM y Aadvantage acumulan en sus respectivos programas. No acumulable con otras promociones. Tenes tope de compra: Personal Bank: Gs. 4.000.000 / Clásicas: Gs. 500.000/ Oro: Gs. 1.000.000/ Premium: Gs. 2.500.000.",https://www.itau.com.py/beneficios2/Detalle?b=17033&c=32034,https://www.itau.com.py/beneficios2/categoria/13
Teatro,Itaú,CIRKO MARISKO,20 % 10 Cuotas sin intereses; Tenes 20% de ahorro y hasta 10 cuotas sin intereses.,No especificado,2026-06-02 hasta 2026-09-12,tarjeta de crédito,Hasta el 12 de septiembre 2026. Pagando con tus tarjetas de crédito Itaú. Tenes 20% de ahorro y hasta 10 cuotas sin intereses.,"Con tus tarjetas de crédito Itaú podés elegir pagar en hasta 10 cuotas sin intereses. La cantidad de cuotas la elegís al momento de la compra. Aplica para compras realizadas a través del pos de Bancard. No incluye tarjetas pre – pagas. Las tarjetas de crédito que acumulan puntos son Visa Infinite, Interventajas, American Express (Platinum, Gold y Green), Visa Platinum, Mastercard Black, afinidad Club Centenario y Touring. Las tarjetas de crédito con las afinidades LATAM y Aadvantage acumulan en sus respectivos programas. No acumulable con otras promociones",https://www.itau.com.py/beneficios2/Detalle?b=17006&c=32001,https://www.itau.com.py/beneficios2/categoria/50
Teatro,Itaú,FACUNDO ARANA SOBRE LA MARCHA,20 % 10 Cuotas sin intereses; Tenes 20% de ahorro y hasta 10 cuotas sin intereses.,No especificado,2026-05-01 hasta 2026-09-15,tarjeta de crédito,Del 5 de agosto al 15 de septiembre 2026. Pagando con tus tarjetas de crédito Itaú. Tenes 20% de ahorro y hasta 10 cuotas sin intereses.,"Con tus tarjetas de crédito Itaú podés elegir pagar en hasta 10 cuotas sin intereses. La cantidad de cuotas la elegís al momento de la compra. Aplica para compras realizadas a través del pos de Bancard. No incluye tarjetas pre – pagas. Las tarjetas de crédito que acumulan puntos son Visa Infinite, Interventajas, American Express (Platinum, Gold y Green), Visa Platinum, Mastercard Black, afinidad Club Centenario y Touring. Las tarjetas de crédito con las afinidades LATAM y Aadvantage acumulan en sus respectivos programas. No acumulable con otras promociones",https://www.itau.com.py/beneficios2/Detalle?b=16987&c=32045,https://www.itau.com.py/beneficios2/categoria/50
Teatro,Itaú,HABLANDO HUEVADAS,20 % 10 Cuotas sin intereses; Tenes 20% de ahorro y hasta 10 cuotas sin intereses.,No especificado,2026-05-08 hasta 2026-09-30,tarjeta de crédito,Hasta el 30 de Septiembre 2026. Pagando con tus tarjetas de crédito Itaú. Tenes 20% de ahorro y hasta 10 cuotas sin intereses.,"Con tus tarjetas de crédito Itaú podés elegir pagar en hasta 10 cuotas sin intereses. La cantidad de cuotas la elegís al momento de la compra. Aplica para compras realizadas a través del pos de Bancard. No incluye tarjetas pre – pagas. Las tarjetas de crédito que acumulan puntos son Visa Infinite, Interventajas, American Express (Platinum, Gold y Green), Visa Platinum, Mastercard Black, afinidad Club Centenario y Touring. Las tarjetas de crédito con las afinidades LATAM y Aadvantage acumulan en sus respectivos programas. No acumulable con otras promociones",https://www.itau.com.py/beneficios2/Detalle?b=16989&c=31981,https://www.itau.com.py/beneficios2/categoria/50
Teatro,Itaú,LA JENNY,20 % 10 Cuotas sin intereses; Tenes 20% de ahorro y hasta 10 cuotas sin intereses.,No especificado,2026-05-08 hasta 2026-11-29,tarjeta de crédito,Hasta el 29 de noviembre 2026. Pagando con tus tarjetas de crédito Itaú. Tenes 20% de ahorro y hasta 10 cuotas sin intereses.,"Con tus tarjetas de crédito Itaú podés elegir pagar en hasta 10 cuotas sin intereses. La cantidad de cuotas la elegís al momento de la compra. Aplica para compras realizadas a través del pos de Bancard. No incluye tarjetas pre – pagas. Las tarjetas de crédito que acumulan puntos son Visa Infinite, Interventajas, American Express (Platinum, Gold y Green), Visa Platinum, Mastercard Black, afinidad Club Centenario y Touring. Las tarjetas de crédito con las afinidades LATAM y Aadvantage acumulan en sus respectivos programas. No acumulable con otras promociones",https://www.itau.com.py/beneficios2/Detalle?b=16990&c=31982,https://www.itau.com.py/beneficios2/categoria/50
Teatro,Itaú,RESET UNIPERSONAL STAND UP,20 % 10 Cuotas sin intereses; 20% de ahorro y hasta 10 cuotas sin intereses.,No especificado,2026-05-08 hasta 2026-10-23,tarjeta de crédito,Hasta el 23 de Octubre 2026. Pagando con tus tarjetas de crédito Itaú. Tenes 20% de ahorro y hasta 10 cuotas sin intereses.,"Con tus tarjetas de crédito Itaú podés elegir pagar en hasta 10 cuotas sin intereses. La cantidad de cuotas la elegís al momento de la compra. Aplica para compras realizadas a través del pos de Bancard. No incluye tarjetas pre – pagas. Las tarjetas de crédito que acumulan puntos son Visa Infinite, Interventajas, American Express (Platinum, Gold y Green), Visa Platinum, Mastercard Black, afinidad Club Centenario y Touring. Las tarjetas de crédito con las afinidades LATAM y Aadvantage acumulan en sus respectivos programas. No acumulable con otras promociones",https://www.itau.com.py/beneficios2/Detalle?b=16988&c=32047,https://www.itau.com.py/beneficios2/categoria/50
Tecnología,Itaú,Claro,12 Cuotas sin intereses; Tenes hasta 12 cuotas sin intereses.,No especificado,2025-07-07 hasta 2026-09-30,tarjeta de crédito,Hasta el 30 de Septiembre de 2026. Pagando con tus tarjetas de crédito Itaú. Tenes hasta 12 cuotas sin intereses.,"*Con tus tarjetas de crédito Itaú podés elegir pagar en hasta 12 cuotas sin intereses. La cantidad de cuotas la elegís al momento de la compra. Aplica para compras realizadas a través del pos de Bancard. No incluye tarjetas pre – pagas. Las tarjetas de crédito que acumulan puntos son Visa Infinite, Interventajas, American Express (Platinum, Gold y Green), Visa Platinum, Mastercard Black, afinidad Club Centenario y Touring. Las tarjetas de crédito con las afinidades LATAM y Aadvantage acumulan en sus respectivos programas. No acumulable con otras promociones.",https://www.itau.com.py/beneficios2/Detalle?b=16439&c=31596,https://www.itau.com.py/beneficios2/categoria/14
Tecnología,Itaú,Compumarket,15 Cuotas sin intereses; hasta 15 cuotas sin intereses.,No especificado,2024-12-09 hasta 2026-08-31,tarjeta de crédito,Del 10 de agosto al 31 de agosto de 2026. Pagando con tus tarjetas de crédito Itaú. Tenes hasta 15 cuotas sin intereses.,"Con tus tarjetas de crédito Itaú podes elegir pagar en hasta 15 cuotas sin intereses. La cantidad de cuotas la elegís en el momento de la compra. Aplica para compras realizadas a través del POS de Bancard. No incluyen tarjetas pre-pagas. Las tarjetas de crédito que acumulan puntos son Visa Infinite, Interventajas, American Express (Platinum, Gold y Green), Visa Platinum, MasterCard Black, afinidad Club Centenario y Touring. Las tarjetas de crédito con las afinidades LATAM y Aadvantage acumulan sus respectivos programas. No acumulable con otras promociones.",https://www.itau.com.py/beneficios2/Detalle?b=15970&c=1034,https://www.itau.com.py/beneficios2/categoria/14
Tecnología,Itaú,Personal,12 Cuotas sin intereses; hasta 12 cuotas sin intereses.,No especificado,2024-04-05 hasta 2026-09-30,tarjeta de crédito,Hasta el 30 de Septiembre de 2026. Pagando con tus tarjetas de crédito Itaú. Tenes hasta 12 cuotas sin intereses.,"*Con tus tarjetas de crédito Itaú podes elegir pagar en hasta 12 cuotas sin intereses. La cantidad de cuotas la elegís al momento de la compra. Aplica para compras realizadas a través del POS de Bancard. No incluye tarjetas pre – pagas. Las tarjetas de crédito que acumulan puntos son Visa Infinite, Interventajas, American Express (Platinum, Gold y Green), Visa Platinum, Mastercard Black, afinidad Club Centenario y Touring. Las tarjetas de crédito con las afinidades LATAM y Aadvantage acumulan en sus respectivos programas. No acumulable con otras promociones.",https://www.itau.com.py/beneficios2/Detalle?b=15164&c=30885,https://www.itau.com.py/beneficios2/categoria/14
Tecnología,Itaú,Tigo,12 Cuotas sin intereses; Hasta 12 cuotas sin intereses.,No especificado,2026-01-07 hasta 2026-09-30,tarjeta de crédito,Hasta el 30 de Septiembre de 2026. Pagando con tus tarjetas de crédito Itaú. Tenes hasta 12 cuotas sin intereses.,"*Con tus tarjetas de crédito Itaú podes elegir pagar en hasta 12 cuotas sin intereses. La cantidad de cuotas la elegís al momento de la compra. Aplica para compras realizadas a través del POS de Bancard. No incluye tarjetas pre – pagas. Las tarjetas de crédito que acumulan puntos son Visa Infinite, Interventajas, American Express (Platinum, Gold y Green), Visa Platinum, Mastercard Black, afinidad Club Centenario y Touring. Las tarjetas de crédito con las afinidades LATAM y Aadvantage acumulan en sus repectivos programas. No acumulable con otras promociones.",https://www.itau.com.py/beneficios2/Detalle?b=15030&c=31226,https://www.itau.com.py/beneficios2/categoria/14
Varios,Itaú,5 DIAS,10 Cuotas sin intereses; Tenas hasta 10 cuotas sin intereses.,No especificado,2021-09-24 hasta 2026-08-31,tarjeta de crédito,Del 10 de julio al 31 de agosto de 2026. Pagando con tus tarjetas de crédito Itaú. Tenas hasta 10 cuotas sin intereses.,"*Con tus tarjetas de crédito Itaú podés elegir pagar en hasta 10 cuotas sin intereses. La cantidad de cuotas la elegís al momento de la compra. Aplica para compras realizadas a través del pos de Bancard. No incluye tarjetas pre – pagas. Las tarjetas de crédito que acumulan puntos son Visa Infinite, Interventajas, American Express (Platinum, Gold y Green), Visa Platinum, Mastercard Black, afinidad Club Centenario y Touring. Las tarjetas de crédito con las afinidades LATAM y Aadvantage acumulan en sus respectivos programas. Promoción válida hasta el 31 de Diciembre de 2021.",https://www.itau.com.py/beneficios2/Detalle?b=12813&c=30610,https://www.itau.com.py/beneficios2/categoria/16
Varios,Itaú,ASOCIACION BRANGUS DEL PARAGUAY,10 Cuotas sin intereses; Hasta 10 Cuotas sin intereses con tarjetas de crédito Itaú,No especificado,2026-06-04 hasta 2026-08-31,tarjeta de crédito,Del 2 de junio al 31 de agosto 2026. Pagando con tus tarjetas de crédito Itaú. Tenes hasta 10 cuotas sin intereses.,"Con tus tarjetas de crédito Itaú podés elegir pagar en hasta 10 cuotas sin intereses. La cantidad de cuotas la elegís al momento de la compra. Aplica para compras realizadas a través del pos de Bancard. No incluye tarjetas pre – pagas. Las tarjetas de crédito que acumulan puntos son Visa Infinite, Interventajas, American Express (Platinum, Gold y Green), Visa Platinum, Mastercard Black, afinidad Club Centenario y Touring. Las tarjetas de crédito con las afinidades LATAM y Aadvantage acumulan en sus respectivos programas. No acumulable con otras promociones",https://www.itau.com.py/beneficios2/Detalle?b=17008&c=32004,https://www.itau.com.py/beneficios2/categoria/16
Varios,Itaú,American Look,6 Cuotas sin intereses 25 % Hasta; 20% de ahorro mas 5% pagando con Billetera y hasta 6 cuotas sin intereses,No especificado,2025-05-30 hasta 2026-12-02,tarjeta de crédito,Hasta el 2 de diciembre de 2026. Pagando con tus tarjetas de crédito Itaú. Tenes 20% de ahorro mas 5% pagando con GPAY y APPLE PAY y hasta 6 cuotas sin intereses. Aplica en el Shopping Mariano. Aplica el primer miércoles del mes.,"*Con tus tarjetas de crédito Itaú podés elegir pagar en hasta 6 cuotas sin intereses. La cantidad de cuotas la elegís al momento de la compra. Aplica para compras realizadas a través del pos de Bancard. No incluye tarjetas pre – pagas. Las tarjetas de crédito que acumulan puntos son Visa Infinite, Interventajas, American Express (Platinum, Gold y Green), Visa Platinum, Mastercard Black, afinidad Club Centenario y Touring. Las tarjetas de crédito con las afinidades LATAM y Aadvantage acumulan en sus respectivos programas. No acumulable con otras promociones.",https://www.itau.com.py/beneficios2/Detalle?b=16312&c=1251,https://www.itau.com.py/beneficios2/categoria/16
Varios,Itaú,Ares,6 Cuotas sin intereses 25 % Hasta; 20% de ahorro mas 5% pagando con Billetera y hasta 6 cuotas sin intereses,No especificado,2025-05-30 hasta 2026-12-02,tarjeta de crédito,Hasta el 2 de diciembre de 2026. Pagando con tus tarjetas de crédito Itaú. Tenes 20% de ahorro mas 5% pagando con GPAY y APPLE PAY y hasta 6 cuotas sin intereses. Aplica en el Shopping Mariano. Aplica el primer miércoles del mes.,"*Con tus tarjetas de crédito Itaú podés elegir pagar en hasta 6 cuotas sin intereses. La cantidad de cuotas la elegís al momento de la compra. Aplica para compras realizadas a través del pos de Bancard. No incluye tarjetas pre – pagas. Las tarjetas de crédito que acumulan puntos son Visa Infinite, Interventajas, American Express (Platinum, Gold y Green), Visa Platinum, Mastercard Black, afinidad Club Centenario y Touring. Las tarjetas de crédito con las afinidades LATAM y Aadvantage acumulan en sus respectivos programas. No acumulable con otras promociones.",https://www.itau.com.py/beneficios2/Detalle?b=16312&c=31392,https://www.itau.com.py/beneficios2/categoria/16
Varios,Itaú,BELLA AURORA,12 Cuotas sin intereses; Tenes hasta 12 cuotas sin intereses.,No especificado,2026-06-26 hasta 2026-12-31,tarjeta de crédito,Hasta el 31 de diciembre 2026. Pagando con tus tarjetas de crédito Itau. Tenes hasta 12 cuotas sin intereses.,"Con tus tarjetas de crédito Itaú podés elegir pagar en hasta 12 cuotas sin intereses. La cantidad de cuotas la elegís al momento de la compra. Aplica para compras realizadas a través del pos de Bancard. No incluye tarjetas pre – pagas. Las tarjetas de crédito que acumulan puntos son Visa Infinite, Interventajas, American Express (Platinum, Gold y Green), Visa Platinum, Mastercard Black, afinidad Club Centenario y Touring. Las tarjetas de crédito con las afinidades LATAM y Aadvantage acumulan en sus respectivos programas. No acumulable con otras promociones.",https://www.itau.com.py/beneficios2/Detalle?b=17017&c=32012,https://www.itau.com.py/beneficios2/categoria/16
Varios,Itaú,Bertoni,6 Cuotas sin intereses 15 % Hasta; Tenes 15% de ahorro mas 5% pagando con GPAY y APPLE PAY y hasta 6 cuotas sin intereses,No especificado,2026-03-26 hasta 2026-12-02,tarjeta de crédito,Hasta el 2 de diciembre de 2026. Pagando con tus tarjetas de crédito Itaú. Tenes 10% de ahorro mas 5% pagando con GPAY y APPLE PAY y hasta 6 cuotas sin intereses. Aplica en el Shopping Mariano. Aplica el primer miércoles del mes.,"Con tus tarjetas de crédito Itaú podés elegir pagar en hasta 6 cuotas sin intereses. La cantidad de cuotas la elegís al momento de la compra. Aplica para compras realizadas a través del pos de Bancard. No incluye tarjetas pre – pagas. Las tarjetas de crédito que acumulan puntos son Visa Infinite, Interventajas, American Express (Platinum, Gold y Green), Visa Platinum, Mastercard Black, afinidad Club Centenario y Touring. Las tarjetas de crédito con las afinidades LATAM y Aadvantage acumulan en sus respectivos programas. No acumulable con otras promociones",https://www.itau.com.py/beneficios2/Detalle?b=16903&c=30201,https://www.itau.com.py/beneficios2/categoria/16
Varios,Itaú,Bertoni,6 Cuotas sin intereses 20 % Hasta; Tenes 15% de ahorro mas 5% pagando con GPAY y APPLE PAY y hasta 6 cuotas sin intereses,No especificado,2026-03-26 hasta 2026-12-02,tarjeta de crédito,Hasta el 2 de diciembre de 2026. Pagando con tus tarjetas de crédito Itaú. Tenes 15% de ahorro mas 5% pagando con GPAY y APPLE PAY y hasta 6 cuotas sin intereses. Aplica en el Shopping Mariano. Aplica el primer miércoles del mes.,"Con tus tarjetas de crédito Itaú podés elegir pagar en hasta 6 cuotas sin intereses. La cantidad de cuotas la elegís al momento de la compra. Aplica para compras realizadas a través del pos de Bancard. No incluye tarjetas pre – pagas. Las tarjetas de crédito que acumulan puntos son Visa Infinite, Interventajas, American Express (Platinum, Gold y Green), Visa Platinum, Mastercard Black, afinidad Club Centenario y Touring. Las tarjetas de crédito con las afinidades LATAM y Aadvantage acumulan en sus respectivos programas. No acumulable con otras promociones",https://www.itau.com.py/beneficios2/Detalle?b=16965&c=30201,https://www.itau.com.py/beneficios2/categoria/16
Varios,Itaú,CONTROL UNION,10 Cuotas sin intereses; Tenes 10 cuotas sin intereses.,No especificado,2026-06-09 hasta 2026-08-31,tarjeta de crédito,Hasta el 31 de agosto 2026. Pagando con tarjetas de crédito Itaú. Tenes 10 cuotas sin intereses.,"Con tus tarjetas de crédito Itaú podés elegir pagar en hasta 10 cuotas sin intereses. La cantidad de cuotas la elegís al momento de la compra. Aplica para compras realizadas a través del pos de Bancard. No incluye tarjetas pre – pagas. Las tarjetas de crédito que acumulan puntos son Visa Infinite, Interventajas, American Express (Platinum, Gold y Green), Visa Platinum, Mastercard Black, afinidad Club Centenario y Touring. Las tarjetas de crédito con las afinidades LATAM y Aadvantage acumulan en sus respectivos programas. No acumulable con otras promociones.",https://www.itau.com.py/beneficios2/Detalle?b=17011&c=32007,https://www.itau.com.py/beneficios2/categoria/16
Varios,Itaú,Casa Corbellani,20 % 10 Cuotas sin intereses; 20% de ahorro y hasta 10 cuotas sin intereses.,No especificado,2025-05-10 hasta 2026-12-31,tarjeta de crédito,Del 4 de junio al 31 de diciembre de 2026. Pagando con tus tarjetas de crédito Itaú. Tenes 20% de ahorro y hasta 10 cuotas sin intereses.,"*Con tus tarjetas de crédito Itaú podés elegir pagar en hasta 10 cuotas sin intereses. La cantidad de cuotas la elegís al momento de la compra. Aplica para compras realizadas a través del pos de Bancard. No incluye tarjetas pre – pagas. Las tarjetas de crédito que acumulan puntos son Visa Infinite, Interventajas, American Express (Platinum, Gold y Green), Visa Platinum, Mastercard Black, afinidad Club Centenario y Touring. Las tarjetas de crédito con las afinidades LATAM y Aadvantage acumulan en sus respectivos programas. No acumulable con otras promociones.",https://www.itau.com.py/beneficios2/Detalle?b=16292&c=31593,https://www.itau.com.py/beneficios2/categoria/16
Varios,Itaú,Cat,6 Cuotas sin intereses 25 % Hasta; 20% de ahorro mas 5% pagando con Billetera y hasta 6 cuotas sin intereses,No especificado,2025-05-30 hasta 2026-12-02,tarjeta de crédito,Hasta el 2 de diciembre de 2026. Pagando con tus tarjetas de crédito Itaú. Tenes 20% de ahorro mas 5% pagando con GPAY y APPLE PAY y hasta 6 cuotas sin intereses. Aplica en el Shopping Mariano. Aplica el primer miércoles del mes.,"*Con tus tarjetas de crédito Itaú podés elegir pagar en hasta 6 cuotas sin intereses. La cantidad de cuotas la elegís al momento de la compra. Aplica para compras realizadas a través del pos de Bancard. No incluye tarjetas pre – pagas. Las tarjetas de crédito que acumulan puntos son Visa Infinite, Interventajas, American Express (Platinum, Gold y Green), Visa Platinum, Mastercard Black, afinidad Club Centenario y Touring. Las tarjetas de crédito con las afinidades LATAM y Aadvantage acumulan en sus respectivos programas. No acumulable con otras promociones.",https://www.itau.com.py/beneficios2/Detalle?b=16312&c=1371,https://www.itau.com.py/beneficios2/categoria/16
Varios,Itaú,Chacomer,20 % 12 Cuotas sin intereses; Tenes 20% de ahorro y hasta 12 cuotas sin intereses.,todos los viernes,2025-05-01 hasta 2026-12-31,tarjeta de crédito,Del 1 de julio al 31 de diciembre 2026. Pagando con tus tarjetas de crédito Itaú. Tenes 20% de ahorro y hasta 12 cuotas sin intereses. Aplica 15% en baterías de autos. Aplica todos los viernes. Los descuentos no son acumulables.,"*Con tus tarjetas de crédito Itaú podés elegir pagar en hasta 12 cuotas sin intereses. La cantidad de cuotas la elegís al momento de la compra. Aplica para compras realizadas a través del pos de Bancard. No incluye tarjetas pre – pagas. Las tarjetas de crédito que acumulan puntos son Visa Infinite, Interventajas, American Express (Platinum, Gold y Green), Visa Platinum, Mastercard Black, afinidad Club Centenario y Touring. Las tarjetas de crédito con las afinidades LATAM y Aadvantage acumulan en sus respectivos programas. No acumulable con otras promociones.",https://www.itau.com.py/beneficios2/Detalle?b=16230&c=30995,https://www.itau.com.py/beneficios2/categoria/16
Varios,Itaú,Chacomer,20 % 12 Cuotas sin intereses; Tenes 20% de reintegro con las Tarjetas de Crédito Itaú y HASTA 12 CUOTAS SIN INTERESES,No especificado,2025-03-01 hasta 2026-09-30,tarjeta de crédito,"Del 5 de agosto al 30 de septiembre de 2026. Pagando con tus tarjetas de crédito Itaú. Tenes 20% de reintegro con las Tarjetas de Crédito Itaú y HASTA 12 CUOTAS SIN INTERESES. Aplica en juego de Cubiertas Kumho. Servicio gratuito en: Montaje, Alineación, Balanceo y Válvulas. Promoción válida para locales de Casa Central y 4 Mojones.","*Con tus tarjetas de crédito Itaú podés elegir pagar en hasta 12 cuotas sin intereses. La cantidad de cuotas la elegís al momento de la compra. Aplica para compras realizadas a través del pos de Bancard. No incluye tarjetas pre – pagas. Las tarjetas de crédito que acumulan puntos son Visa Infinite, Interventajas, American Express (Platinum, Gold y Green), Visa Platinum, Mastercard Black, afinidad Club Centenario y Touring. Las tarjetas de crédito con las afinidades LATAM y Aadvantage acumulan en sus respectivos programas. No acumulable con otras promociones.",https://www.itau.com.py/beneficios2/Detalle?b=16122&c=30995,https://www.itau.com.py/beneficios2/categoria/16
Varios,Itaú,Crocs,6 Cuotas sin intereses 25 % Hasta; 20% de ahorro mas 5% pagando con Billetera y hasta 6 cuotas sin intereses,No especificado,2025-05-30 hasta 2026-12-02,tarjeta de crédito,Hasta el 2 de diciembre de 2026. Pagando con tus tarjetas de crédito Itaú. Tenes 20% de ahorro mas 5% pagando con GPAY y APPLE PAY y hasta 6 cuotas sin intereses. Aplica en el Shopping Mariano. Aplica el primer miércoles del mes.,"*Con tus tarjetas de crédito Itaú podés elegir pagar en hasta 6 cuotas sin intereses. La cantidad de cuotas la elegís al momento de la compra. Aplica para compras realizadas a través del pos de Bancard. No incluye tarjetas pre – pagas. Las tarjetas de crédito que acumulan puntos son Visa Infinite, Interventajas, American Express (Platinum, Gold y Green), Visa Platinum, Mastercard Black, afinidad Club Centenario y Touring. Las tarjetas de crédito con las afinidades LATAM y Aadvantage acumulan en sus respectivos programas. No acumulable con otras promociones.",https://www.itau.com.py/beneficios2/Detalle?b=16312&c=1432,https://www.itau.com.py/beneficios2/categoria/16
Varios,Itaú,Denoir,6 Cuotas sin intereses 25 % Hasta; 20% de ahorro mas 5% pagando con Billetera y hasta 6 cuotas sin intereses,No especificado,2025-05-30 hasta 2026-12-02,tarjeta de crédito,Hasta el 2 de diciembre de 2026. Pagando con tus tarjetas de crédito Itaú. Tenes 20% de ahorro mas 5% pagando con GPAY y APPLE PAY y hasta 6 cuotas sin intereses. Aplica en el Shopping Mariano. Aplica el primer miércoles del mes.,"*Con tus tarjetas de crédito Itaú podés elegir pagar en hasta 6 cuotas sin intereses. La cantidad de cuotas la elegís al momento de la compra. Aplica para compras realizadas a través del pos de Bancard. No incluye tarjetas pre – pagas. Las tarjetas de crédito que acumulan puntos son Visa Infinite, Interventajas, American Express (Platinum, Gold y Green), Visa Platinum, Mastercard Black, afinidad Club Centenario y Touring. Las tarjetas de crédito con las afinidades LATAM y Aadvantage acumulan en sus respectivos programas. No acumulable con otras promociones.",https://www.itau.com.py/beneficios2/Detalle?b=16312&c=1444,https://www.itau.com.py/beneficios2/categoria/16
Varios,Itaú,EXA GOETHE,6 Cuotas sin intereses; Tenes 6 cuotas sin intereses.,No especificado,2026-03-05 hasta 2026-12-31,tarjeta de crédito,"Del 5 de marzo al 31 de diciembre de 2026. Pagando con tus tarjetas de crédito Itaú. Tenes 6 cuotas sin intereses. Sumá la cuota al debito automatico de tu tarjeta de crédito Itaú y olvidate de cortes y vencimientos. Para activarlo, escribí al EXA Goethe al 0987 150 382.","Con tus tarjetas de crédito Itaú podés elegir pagar en hasta 6 cuotas sin intereses. La cantidad de cuotas la elegís al momento de la compra. Aplica para compras realizadas a través del pos de Bancard. No incluye tarjetas pre – pagas. Las tarjetas de crédito que acumulan puntos son Visa Infinite, Interventajas, American Express (Platinum, Gold y Green), Visa Platinum, Mastercard Black, afinidad Club Centenario y Touring. Las tarjetas de crédito con las afinidades LATAM y Aadvantage acumulan en sus respectivos programas. No acumulable con otras promociones",https://www.itau.com.py/beneficios2/Detalle?b=16953&c=31951,https://www.itau.com.py/beneficios2/categoria/16
Varios,Itaú,Fapasisa,10 Cuotas sin intereses 20 % Hasta; hasta 20% de ahorro y hasta 10 cuotas sin intereses.,No especificado,2026-07-08 hasta 2026-09-30,tarjeta de crédito,Del 8 de julio al 30 de septiembre 2026. Pagando con tus tarjetas de crédito Itaú. Tenes hasta 20% de ahorro y hasta 10 cuotas sin intereses. Aplica en productos seleccionados.,"*Con tus tarjetas de crédito Itaú podés elegir pagar en hasta 10 cuotas sin intereses. La cantidad de cuotas la elegís al momento de la compra. Aplica para compras realizadas a través del pos de Bancard. No incluye tarjetas pre – pagas. Las tarjetas de crédito que acumulan puntos son Visa Infinite, Interventajas, American Express (Platinum, Gold y Green), Visa Platinum, MasterCard Black, afinidad Club Centenario y Touring. Las tarjetas de crédito con las afinidades LATAM y Aadvantage acumulan en sus respectivos programas. No acumulable con otras promociones.",https://www.itau.com.py/beneficios2/Detalle?b=16756&c=30412,https://www.itau.com.py/beneficios2/categoria/16
Varios,Itaú,Garden,3 Cuotas sin intereses; hasta 3 cuotas sin intereses.,No especificado,2025-01-01 hasta 2026-12-31,tarjeta de crédito,Del 3 de agosto al 31 de diciembre de 2026. Pagando con tus tarjetas de crédito Itaú. Tenes hasta 3 cuotas sin intereses.,"*Con tus tarjetas de crédito Itaú podés elegir pagar en hasta 3 cuotas sin intereses. La cantidad de cuotas la elegís al momento de la compra. Aplica para compras realizadas a través del pos de Bancard. No incluye tarjetas pre – pagas. Las tarjetas de crédito que acumulan puntos son Visa Infinite, Interventajas, American Express (Platinum, Gold y Green), Visa Platinum, Mastercard Black, afinidad Club Centenario y Touring. Las tarjetas de crédito con las afinidades LATAM y Aadvantage acumulan en sus respectivos programas. No acumulable con otras promociones.",https://www.itau.com.py/beneficios2/Detalle?b=13561&c=30380,https://www.itau.com.py/beneficios2/categoria/16
Varios,Itaú,Hering,6 Cuotas sin intereses 20 % Hasta; Tenes 15% de ahorro mas 5% pagando con GPAY y APPLE PAY y hasta 6 cuotas sin intereses,No especificado,2026-03-26 hasta 2026-12-02,tarjeta de crédito,Hasta el 2 de diciembre de 2026. Pagando con tus tarjetas de crédito Itaú. Tenes 15% de ahorro mas 5% pagando con GPAY y APPLE PAY y hasta 6 cuotas sin intereses. Aplica en el Shopping Mariano. Aplica el primer miércoles del mes.,"Con tus tarjetas de crédito Itaú podés elegir pagar en hasta 6 cuotas sin intereses. La cantidad de cuotas la elegís al momento de la compra. Aplica para compras realizadas a través del pos de Bancard. No incluye tarjetas pre – pagas. Las tarjetas de crédito que acumulan puntos son Visa Infinite, Interventajas, American Express (Platinum, Gold y Green), Visa Platinum, Mastercard Black, afinidad Club Centenario y Touring. Las tarjetas de crédito con las afinidades LATAM y Aadvantage acumulan en sus respectivos programas. No acumulable con otras promociones",https://www.itau.com.py/beneficios2/Detalle?b=16965&c=1600,https://www.itau.com.py/beneficios2/categoria/16
Varios,Itaú,Indio Termos,6 Cuotas sin intereses 25 % Hasta; 20% de ahorro mas 5% pagando con Billetera y hasta 6 cuotas sin intereses,No especificado,2025-05-30 hasta 2026-12-02,tarjeta de crédito,Hasta el 2 de diciembre de 2026. Pagando con tus tarjetas de crédito Itaú. Tenes 20% de ahorro mas 5% pagando con GPAY y APPLE PAY y hasta 6 cuotas sin intereses. Aplica en el Shopping Mariano. Aplica el primer miércoles del mes.,"*Con tus tarjetas de crédito Itaú podés elegir pagar en hasta 6 cuotas sin intereses. La cantidad de cuotas la elegís al momento de la compra. Aplica para compras realizadas a través del pos de Bancard. No incluye tarjetas pre – pagas. Las tarjetas de crédito que acumulan puntos son Visa Infinite, Interventajas, American Express (Platinum, Gold y Green), Visa Platinum, Mastercard Black, afinidad Club Centenario y Touring. Las tarjetas de crédito con las afinidades LATAM y Aadvantage acumulan en sus respectivos programas. No acumulable con otras promociones.",https://www.itau.com.py/beneficios2/Detalle?b=16312&c=31092,https://www.itau.com.py/beneficios2/categoria/16
Varios,Itaú,JOSEPH COIFFURE,6 Cuotas sin intereses 25 % Hasta; 20% de ahorro mas 5% pagando con Billetera y hasta 6 cuotas sin intereses,No especificado,2025-05-30 hasta 2026-12-02,tarjeta de crédito,Hasta el 2 de diciembre de 2026. Pagando con tus tarjetas de crédito Itaú. Tenes 20% de ahorro mas 5% pagando con GPAY y APPLE PAY y hasta 6 cuotas sin intereses. Aplica en el Shopping Mariano. Aplica el primer miércoles del mes.,"*Con tus tarjetas de crédito Itaú podés elegir pagar en hasta 6 cuotas sin intereses. La cantidad de cuotas la elegís al momento de la compra. Aplica para compras realizadas a través del pos de Bancard. No incluye tarjetas pre – pagas. Las tarjetas de crédito que acumulan puntos son Visa Infinite, Interventajas, American Express (Platinum, Gold y Green), Visa Platinum, Mastercard Black, afinidad Club Centenario y Touring. Las tarjetas de crédito con las afinidades LATAM y Aadvantage acumulan en sus respectivos programas. No acumulable con otras promociones.",https://www.itau.com.py/beneficios2/Detalle?b=16312&c=1629,https://www.itau.com.py/beneficios2/categoria/16
Varios,Itaú,Lomas Padel,20 %; Tenes 20% de ahorro con APPLE PAY o GOOGLE PAY (billeteras).,No especificado,2024-04-15 hasta 2026-12-27,tarjeta de crédito,Del 11 de julio al 27 de diciembre 2026. Pagando con tus tarjetas de crédito Itaú. Tenes 20% de ahorro con APPLE PAY o GOOGLE PAY (billeteras). Aplica solo sábado y domingo. Aplica a la cantina.,"Aplica para compras realizadas a través del pos de Bancard. No incluye tarjetas pre – pagas. Las tarjetas de crédito que acumulan puntos son Visa Infinite, Interventajas, American Express (Platinum, Gold y Green), Visa Platinum, Mastercard Black, afinidad Club Centenario y Touring. Las tarjetas de crédito con las afinidades LATAM y Aadvantage acumulan en sus respectivos programas. No acumulable con otras promociones.",https://www.itau.com.py/beneficios2/Detalle?b=15182&c=30608,https://www.itau.com.py/beneficios2/categoria/16
Varios,Itaú,Mi portal Coca Cola,25 %; 25% de ahorro.,Aplica los domingos,2025-10-19 hasta 2026-08-30,tarjeta de crédito,Hasta el 30 de Agosto de 2026. Pagando con tus tarjetas de crédito Itaú. Tenes 25% de ahorro. Válidos para compras desde el portal web de Coca Cola. Aplica los domingos. Tope de compra de 1.000.000 Gs durante el periodo de la promoción. La promo no aplica a retornables y que no es acumulable con otras promociones.,"Aplica para compras realizadas a través del pos de Bancard. No incluye tarjetas pre – pagas. Las tarjetas de crédito que acumulan puntos son Visa Infinite, Interventajas, American Express (Platinum, Gold y Green), Visa Platinum, Mastercard Black, afinidad Club Centenario y Touring. Las tarjetas de crédito con las afinidades LATAM y Aadvantage acumulan en sus respectivos programas. No acumulable con otras promociones.",https://www.itau.com.py/beneficios2/Detalle?b=16428&c=31719,https://www.itau.com.py/beneficios2/categoria/16
Varios,Itaú,New Balance,6 Cuotas sin intereses 25 % Hasta; 20% de ahorro mas 5% pagando con Billetera y hasta 6 cuotas sin intereses,No especificado,2025-05-30 hasta 2026-12-02,tarjeta de crédito,Hasta el 2 de diciembre de 2026. Pagando con tus tarjetas de crédito Itaú. Tenes 20% de ahorro mas 5% pagando con GPAY y APPLE PAY y hasta 6 cuotas sin intereses. Aplica en el Shopping Mariano. Aplica el primer miércoles del mes.,"*Con tus tarjetas de crédito Itaú podés elegir pagar en hasta 6 cuotas sin intereses. La cantidad de cuotas la elegís al momento de la compra. Aplica para compras realizadas a través del pos de Bancard. No incluye tarjetas pre – pagas. Las tarjetas de crédito que acumulan puntos son Visa Infinite, Interventajas, American Express (Platinum, Gold y Green), Visa Platinum, Mastercard Black, afinidad Club Centenario y Touring. Las tarjetas de crédito con las afinidades LATAM y Aadvantage acumulan en sus respectivos programas. No acumulable con otras promociones.",https://www.itau.com.py/beneficios2/Detalle?b=16312&c=1272,https://www.itau.com.py/beneficios2/categoria/16
Varios,Itaú,Nice,6 Cuotas sin intereses 25 % Hasta; 20% de ahorro mas 5% pagando con Billetera y hasta 6 cuotas sin intereses,No especificado,2025-05-30 hasta 2026-12-02,tarjeta de crédito,Hasta el 2 de diciembre de 2026. Pagando con tus tarjetas de crédito Itaú. Tenes 20% de ahorro mas 5% pagando con GPAY y APPLE PAY y hasta 6 cuotas sin intereses. Aplica en el Shopping Mariano. Aplica el primer miércoles del mes.,"*Con tus tarjetas de crédito Itaú podés elegir pagar en hasta 6 cuotas sin intereses. La cantidad de cuotas la elegís al momento de la compra. Aplica para compras realizadas a través del pos de Bancard. No incluye tarjetas pre – pagas. Las tarjetas de crédito que acumulan puntos son Visa Infinite, Interventajas, American Express (Platinum, Gold y Green), Visa Platinum, Mastercard Black, afinidad Club Centenario y Touring. Las tarjetas de crédito con las afinidades LATAM y Aadvantage acumulan en sus respectivos programas. No acumulable con otras promociones.",https://www.itau.com.py/beneficios2/Detalle?b=16312&c=30240,https://www.itau.com.py/beneficios2/categoria/16
Varios,Itaú,Pampero,6 Cuotas sin intereses 25 % Hasta; 20% de ahorro mas 5% pagando con Billetera y hasta 6 cuotas sin intereses,No especificado,2025-05-30 hasta 2026-12-02,tarjeta de crédito,Hasta el 2 de diciembre de 2026. Pagando con tus tarjetas de crédito Itaú. Tenes 20% de ahorro mas 5% pagando con GPAY y APPLE PAY y hasta 6 cuotas sin intereses. Aplica en el Shopping Mariano. Aplica el primer miércoles del mes.,"*Con tus tarjetas de crédito Itaú podés elegir pagar en hasta 6 cuotas sin intereses. La cantidad de cuotas la elegís al momento de la compra. Aplica para compras realizadas a través del pos de Bancard. No incluye tarjetas pre – pagas. Las tarjetas de crédito que acumulan puntos son Visa Infinite, Interventajas, American Express (Platinum, Gold y Green), Visa Platinum, Mastercard Black, afinidad Club Centenario y Touring. Las tarjetas de crédito con las afinidades LATAM y Aadvantage acumulan en sus respectivos programas. No acumulable con otras promociones.",https://www.itau.com.py/beneficios2/Detalle?b=16312&c=31093,https://www.itau.com.py/beneficios2/categoria/16
Varios,Itaú,Patrol,6 Cuotas sin intereses 25 % Hasta; 20% de ahorro mas 5% pagando con Billetera y hasta 6 cuotas sin intereses,No especificado,2025-05-30 hasta 2026-12-02,tarjeta de crédito,Hasta el 2 de diciembre de 2026. Pagando con tus tarjetas de crédito Itaú. Tenes 20% de ahorro mas 5% pagando con GPAY y APPLE PAY y hasta 6 cuotas sin intereses. Aplica en el Shopping Mariano. Aplica el primer miércoles del mes.,"*Con tus tarjetas de crédito Itaú podés elegir pagar en hasta 6 cuotas sin intereses. La cantidad de cuotas la elegís al momento de la compra. Aplica para compras realizadas a través del pos de Bancard. No incluye tarjetas pre – pagas. Las tarjetas de crédito que acumulan puntos son Visa Infinite, Interventajas, American Express (Platinum, Gold y Green), Visa Platinum, Mastercard Black, afinidad Club Centenario y Touring. Las tarjetas de crédito con las afinidades LATAM y Aadvantage acumulan en sus respectivos programas. No acumulable con otras promociones.",https://www.itau.com.py/beneficios2/Detalle?b=16312&c=30094,https://www.itau.com.py/beneficios2/categoria/16
Varios,Itaú,Primer Martes,"25 % Hasta 10 Cuotas sin intereses; hasta 25% de ahorro y hasta 10 cuotas sin intereses + 10% con código QR, Apple Pay, Google Pay.",No especificado,2026-01-06 hasta 2026-12-01,tarjeta de crédito,Del martes 6 de enero al 1 de diciembre de 2026. Pagando con tus tarjetas de crédito Itaú. Tenes hasta 25% de ahorro y hasta 10 cuotas sin intereses + 5% con Apple pay y Google pay. Aplica al Paseo La Galería.,"*Con tus tarjetas de crédito Itaú podés elegir pagar en hasta 10 cuotas sin intereses. La cantidad de cuotas la elegís al momento de la compra. Aplica para compras realizadas a través del pos de Bancard. No incluye tarjetas pre – pagas. Las tarjetas de crédito que acumulan puntos son Visa Infinite, Interventajas, American Express (Platinum, Gold y Green), Visa Platinum, MasterCard Black, afinidad Club Centenario y Touring. Las tarjetas de crédito con las afinidades LATAM y Aadvantage acumulan en sus respectivos programas. Aplica a descuentos de 5 – 10 – 15 – 20 y hasta 25% de descuento y un adicional de 5% pagando con QR, Apple Pay, Google Pay con tarjeta de crédito desde la app ITAÚ en locales adheridos del Paseo la Galería. No acumulable con otras promociones. Locales adheridos: ALDO BERTONI BIRKENSTOCK EL MERCADILLO GAP MOSS UNDER ARMOUR VERONICA WILLIGS ALEMANIA CELL BRAUN CALVIN KLEIN CASA AMERICANA CUNA BELLA HERING HIGH LOW ISDIN JOYERIA ARMELE MAC MANGO ORAL B PALUPIA PARFOIS PILAR TL SPORT & OUTDOORS TOMMY HILFIGER VENDOME RELOJERIA AEROPOSTALE APHRODITE CASA MARIA CAT CHAMPS ELYSEÉS COLE HAAN COLUMBIA CROCS DENOIR ENEACHE FUSCHIA INDIAN EMPORIUM JOSEFINA KERASTASE LUPO MARIE MARIE MATCH MAYBELLINE MUAR NEW BALANCE NINE WEST ODETTE OPTICA VISION PIERRE LANNIER PLANET TOY PULSAK PUMA RND ROCHESTER RONDINA SCALA SKECHERS SPORT HOUSE TIMBERLAND TOTTO VERDAD CONSECUENCIA WRANGLER - LEE GNC VERNIER BIBI",https://www.itau.com.py/beneficios2/Detalle?b=13431&c=31173,https://www.itau.com.py/beneficios2/categoria/16
Varios,Itaú,RAICES REAL ESTATE,10 Cuotas sin intereses; Tenes 10 cuotas sin intereses.,No especificado,2026-05-25 hasta 2026-09-20,tarjeta de crédito,Del 22 de mayo al 20 de septiembre 2026. Pagando con tus tarjetas de crédito Itaú. Tenes 10 cuotas sin intereses.,"Con tus tarjetas de crédito Itaú podés elegir pagar en hasta 10 cuotas sin intereses. La cantidad de cuotas la elegís al momento de la compra. Aplica para compras realizadas a través del pos de Bancard. No incluye tarjetas pre – pagas. Las tarjetas de crédito que acumulan puntos son Visa Infinite, Interventajas, American Express (Platinum, Gold y Green), Visa Platinum, Mastercard Black, afinidad Club Centenario y Touring. Las tarjetas de crédito con las afinidades LATAM y Aadvantage acumulan en sus respectivos programas. No acumulable con otras promociones",https://www.itau.com.py/beneficios2/Detalle?b=16996&c=31992,https://www.itau.com.py/beneficios2/categoria/16
Varios,Itaú,Rondina,6 Cuotas sin intereses 25 % Hasta; 20% de ahorro mas 5% pagando con Billetera y hasta 6 cuotas sin intereses,No especificado,2025-05-30 hasta 2026-12-02,tarjeta de crédito,Hasta el 2 de diciembre de 2026. Pagando con tus tarjetas de crédito Itaú. Tenes 20% de ahorro mas 5% pagando con GPAY y APPLE PAY y hasta 6 cuotas sin intereses. Aplica en el Shopping Mariano. Aplica el primer miércoles del mes.,"*Con tus tarjetas de crédito Itaú podés elegir pagar en hasta 6 cuotas sin intereses. La cantidad de cuotas la elegís al momento de la compra. Aplica para compras realizadas a través del pos de Bancard. No incluye tarjetas pre – pagas. Las tarjetas de crédito que acumulan puntos son Visa Infinite, Interventajas, American Express (Platinum, Gold y Green), Visa Platinum, Mastercard Black, afinidad Club Centenario y Touring. Las tarjetas de crédito con las afinidades LATAM y Aadvantage acumulan en sus respectivos programas. No acumulable con otras promociones.",https://www.itau.com.py/beneficios2/Detalle?b=16312&c=1396,https://www.itau.com.py/beneficios2/categoria/16
Varios,Itaú,Sallustro,6 Cuotas sin intereses 25 % Hasta; 20% de ahorro mas 5% pagando con Billetera y hasta 6 cuotas sin intereses,No especificado,2025-05-30 hasta 2026-12-02,tarjeta de crédito,Hasta el 2 de diciembre de 2026. Pagando con tus tarjetas de crédito Itaú. Tenes 20% de ahorro mas 5% pagando con GPAY y APPLE PAY y hasta 6 cuotas sin intereses. Aplica en el Shopping Mariano. Aplica el primer miércoles del mes.,"*Con tus tarjetas de crédito Itaú podés elegir pagar en hasta 6 cuotas sin intereses. La cantidad de cuotas la elegís al momento de la compra. Aplica para compras realizadas a través del pos de Bancard. No incluye tarjetas pre – pagas. Las tarjetas de crédito que acumulan puntos son Visa Infinite, Interventajas, American Express (Platinum, Gold y Green), Visa Platinum, Mastercard Black, afinidad Club Centenario y Touring. Las tarjetas de crédito con las afinidades LATAM y Aadvantage acumulan en sus respectivos programas. No acumulable con otras promociones.",https://www.itau.com.py/beneficios2/Detalle?b=16312&c=30036,https://www.itau.com.py/beneficios2/categoria/16
Varios,Itaú,Shell,20 %; 20% de reintegro con tu tarjeta de Crédito clásica,todos los lunes,2026-01-05 hasta 2026-09-28,tarjeta de crédito,"Tanque lleno, todos los lunes. Del 23 de febrero al 30 de septiembre de 2026. 20% de REINTEGRO con tu tarjeta de Crédito clásica. Tope de compra Gs. 300.000 por mes, por cliente (titular + adicional). No aplica PERSONAL BANK. Consultar Estaciones Adheridas en www.itau.com.py/Paginas/sobreitau_informes.","Aplica para compras realizadas a través del pos de Bancard. No incluye tarjetas pre – pagas. Las tarjetas de crédito que acumulan puntos son Visa Infinite, Interventajas, American Express (Platinum, Gold y Green), Visa Platinum, Mastercard Black, afinidad Club Centenario y Touring. Las tarjetas de crédito con las afinidades LATAM y Aadvantage acumulan en sus respectivos programas. No acumulable con otras promociones. El tope de reintegro mensual aplica por cliente titular. Los consumos realizados con todas las tarjetas del titular, incluidas las adicionales, se acumulan en una única bolsa de combustible.",https://www.itau.com.py/beneficios2/Detalle?b=16914&c=31291,https://www.itau.com.py/beneficios2/categoria/16
Varios,Itaú,Sport House,6 Cuotas sin intereses 25 % Hasta; 20% de ahorro mas 5% pagando con Billetera y hasta 6 cuotas sin intereses,No especificado,2025-05-30 hasta 2026-12-02,tarjeta de crédito,Hasta el 2 de diciembre de 2026. Pagando con tus tarjetas de crédito Itaú. Tenes 20% de ahorro mas 5% pagando con GPAY y APPLE PAY y hasta 6 cuotas sin intereses. Aplica en el Shopping Mariano. Aplica el primer miércoles del mes.,"*Con tus tarjetas de crédito Itaú podés elegir pagar en hasta 6 cuotas sin intereses. La cantidad de cuotas la elegís al momento de la compra. Aplica para compras realizadas a través del pos de Bancard. No incluye tarjetas pre – pagas. Las tarjetas de crédito que acumulan puntos son Visa Infinite, Interventajas, American Express (Platinum, Gold y Green), Visa Platinum, Mastercard Black, afinidad Club Centenario y Touring. Las tarjetas de crédito con las afinidades LATAM y Aadvantage acumulan en sus respectivos programas. No acumulable con otras promociones.",https://www.itau.com.py/beneficios2/Detalle?b=16312&c=1456,https://www.itau.com.py/beneficios2/categoria/16
Varios,Itaú,TL Sports & Outdoors,6 Cuotas sin intereses 25 % Hasta; 20% de ahorro mas 5% pagando con Billetera y hasta 6 cuotas sin intereses,No especificado,2025-05-30 hasta 2026-12-02,tarjeta de crédito,Hasta el 2 de diciembre de 2026. Pagando con tus tarjetas de crédito Itaú. Tenes 20% de ahorro mas 5% pagando con GPAY y APPLE PAY y hasta 6 cuotas sin intereses. Aplica en el Shopping Mariano. Aplica el primer miércoles del mes.,"*Con tus tarjetas de crédito Itaú podés elegir pagar en hasta 6 cuotas sin intereses. La cantidad de cuotas la elegís al momento de la compra. Aplica para compras realizadas a través del pos de Bancard. No incluye tarjetas pre – pagas. Las tarjetas de crédito que acumulan puntos son Visa Infinite, Interventajas, American Express (Platinum, Gold y Green), Visa Platinum, Mastercard Black, afinidad Club Centenario y Touring. Las tarjetas de crédito con las afinidades LATAM y Aadvantage acumulan en sus respectivos programas. No acumulable con otras promociones.",https://www.itau.com.py/beneficios2/Detalle?b=16312&c=1493,https://www.itau.com.py/beneficios2/categoria/16
Varios,Itaú,Timberland,6 Cuotas sin intereses 25 % Hasta; 20% de ahorro mas 5% pagando con Billetera y hasta 6 cuotas sin intereses,No especificado,2025-05-30 hasta 2026-12-02,tarjeta de crédito,Hasta el 2 de diciembre de 2026. Pagando con tus tarjetas de crédito Itaú. Tenes 20% de ahorro mas 5% pagando con GPAY y APPLE PAY y hasta 6 cuotas sin intereses. Aplica en el Shopping Mariano. Aplica el primer miércoles del mes.,"*Con tus tarjetas de crédito Itaú podés elegir pagar en hasta 6 cuotas sin intereses. La cantidad de cuotas la elegís al momento de la compra. Aplica para compras realizadas a través del pos de Bancard. No incluye tarjetas pre – pagas. Las tarjetas de crédito que acumulan puntos son Visa Infinite, Interventajas, American Express (Platinum, Gold y Green), Visa Platinum, Mastercard Black, afinidad Club Centenario y Touring. Las tarjetas de crédito con las afinidades LATAM y Aadvantage acumulan en sus respectivos programas. No acumulable con otras promociones.",https://www.itau.com.py/beneficios2/Detalle?b=16312&c=30097,https://www.itau.com.py/beneficios2/categoria/16
Varios,Itaú,Touring y Automóvil Club Paraguayo,10 Cuotas sin intereses; Tenes hasta 10 cuotas sin intereses.,No especificado,2026-06-26 hasta 2026-12-31,tarjeta de crédito,Del 25 de junio hasta el 31 de diciembre 2026. Pagando con tus tarjetas de crédito Itaú. Tenes hasta 10 cuotas sin intereses.,"Con tus tarjetas de crédito Itaú podés elegir pagar en hasta 10 cuotas sin intereses. La cantidad de cuotas la elegís al momento de la compra. Aplica para compras realizadas a través del pos de Bancard. No incluye tarjetas pre – pagas. Las tarjetas de crédito que acumulan puntos son Visa Infinite, Interventajas, American Express (Platinum, Gold y Green), Visa Platinum, Mastercard Black, afinidad Club Centenario y Touring. Las tarjetas de crédito con las afinidades LATAM y Aadvantage acumulan en sus respectivos programas. No acumulable con otras promociones.",https://www.itau.com.py/beneficios2/Detalle?b=17016&c=32011,https://www.itau.com.py/beneficios2/categoria/16
Varios,Itaú,VGS,6 Cuotas sin intereses 25 % Hasta; 20% de ahorro mas 5% pagando con Billetera y hasta 6 cuotas sin intereses,No especificado,2025-05-30 hasta 2026-12-02,tarjeta de crédito,Hasta el 2 de diciembre de 2026. Pagando con tus tarjetas de crédito Itaú. Tenes 20% de ahorro mas 5% pagando con GPAY y APPLE PAY y hasta 6 cuotas sin intereses. Aplica en el Shopping Mariano. Aplica el primer miércoles del mes.,"*Con tus tarjetas de crédito Itaú podés elegir pagar en hasta 6 cuotas sin intereses. La cantidad de cuotas la elegís al momento de la compra. Aplica para compras realizadas a través del pos de Bancard. No incluye tarjetas pre – pagas. Las tarjetas de crédito que acumulan puntos son Visa Infinite, Interventajas, American Express (Platinum, Gold y Green), Visa Platinum, Mastercard Black, afinidad Club Centenario y Touring. Las tarjetas de crédito con las afinidades LATAM y Aadvantage acumulan en sus respectivos programas. No acumulable con otras promociones.",https://www.itau.com.py/beneficios2/Detalle?b=16312&c=1538,https://www.itau.com.py/beneficios2/categoria/16
Varios,Itaú,VICAR S.A.,10 % 10 Cuotas sin intereses; Tenes 10% de ahorro y hasta 10 cuotas sin intereses.,No especificado,2021-08-30 hasta 2026-12-31,tarjeta de crédito,Hasta el 31 de diciembre de 2026. Pagando con tus tarjetas de crédito Itaú. Tenes 10% de ahorro y hasta 10 cuotas sin intereses.,"Con tus tarjetas de crédito Itaú podés elegir pagar en hasta 10 cuotas sin intereses. La cantidad de cuotas la elegís al momento de la compra. Aplica para compras realizadas a través del pos de Bancard. No incluye tarjetas pre – pagas. Las tarjetas de crédito que acumulan puntos son Visa Infinite, Interventajas, American Express (Platinum, Gold y Green), Visa Platinum, Mastercard Black, afinidad Club Centenario y Touring. Las tarjetas de crédito con las afinidades LATAM y Aadvantage acumulan en sus respectivos programas. No acumulable con otras promociones.",https://www.itau.com.py/beneficios2/Detalle?b=12732&c=30423,https://www.itau.com.py/beneficios2/categoria/16
Varios,Itaú,Vernier,6 Cuotas sin intereses 25 % Hasta; 20% de ahorro mas 5% pagando con Billetera y hasta 6 cuotas sin intereses,No especificado,2025-05-30 hasta 2026-12-02,tarjeta de crédito,Hasta el 2 de diciembre de 2026. Pagando con tus tarjetas de crédito Itaú. Tenes 20% de ahorro mas 5% pagando con GPAY y APPLE PAY y hasta 6 cuotas sin intereses. Aplica en el Shopping Mariano. Aplica el primer miércoles del mes.,"*Con tus tarjetas de crédito Itaú podés elegir pagar en hasta 6 cuotas sin intereses. La cantidad de cuotas la elegís al momento de la compra. Aplica para compras realizadas a través del pos de Bancard. No incluye tarjetas pre – pagas. Las tarjetas de crédito que acumulan puntos son Visa Infinite, Interventajas, American Express (Platinum, Gold y Green), Visa Platinum, Mastercard Black, afinidad Club Centenario y Touring. Las tarjetas de crédito con las afinidades LATAM y Aadvantage acumulan en sus respectivos programas. No acumulable con otras promociones.",https://www.itau.com.py/beneficios2/Detalle?b=16312&c=30116,https://www.itau.com.py/beneficios2/categoria/16
Viaje y Turismo,Itaú,Ace Tours,12 Cuotas sin intereses; hasta 12 cuotas sin intereses,No especificado,2025-02-01 hasta 2026-08-31,tarjeta de crédito,Hasta el 31 de agosto de 2026. Pagando con tus tarjetas The Platinum Card de American Express y VISA infinite tenes hasta 12 cuotas sin intereses. Pagando con tus tarjetas de crédito Itaú tenes hasta 10 cuotas sin intereses. Aplica a agencias adheridas a la promoción.,"*Con tus tarjetas de crédito Itaú podés elegir pagar en hasta 12 cuotas sin intereses. La cantidad de cuotas la elegís al momento de la compra. Aplica para compras realizadas a través del pos de Bancard. No incluye tarjetas pre – pagas. Las tarjetas de crédito que acumulan puntos son Visa Infinite, Interventajas, American Express (Platinum, Gold y Green), Visa Platinum, MasterCard Black, afinidad Club Centenario y Touring. Las tarjetas de crédito con las afinidades LATAM y Aadvantage acumulan en sus respectivos programas. No acumulable con otras promociones. Agencias adheridas: Boarding Pass, Alto Vuelo, Mevuelo, Go Travel, Smart Travel, Aries Travel, Coral Turismo, Almacen de Viajes, Palma Travel, Frontur Viajes, Ami tour, Zona de Embarque, Aventura Viajes, Aeromar, CMP Agencia de Viajes, Ace tours, Viamar Viajes, Universo turimso, Servi Travel, Panorama Viajes, Interviajes, Sensitur Viajes, Origen. OPERADORAS: Seven´s, Bespoke, Maral Turismo, Agyr, Terra Nova, Consorcio Travel.",https://www.itau.com.py/beneficios2/Detalle?b=16056&c=1211,https://www.itau.com.py/beneficios2/categoria/17
Viaje y Turismo,Itaú,Aeromar,12 Cuotas sin intereses; hasta 12 cuotas sin intereses,No especificado,2025-02-01 hasta 2026-08-31,tarjeta de crédito,Hasta el 31 de agosto de 2026. Pagando con tus tarjetas The Platinum Card de American Express y VISA infinite tenes hasta 12 cuotas sin intereses. Pagando con tus tarjetas de crédito Itaú tenes hasta 10 cuotas sin intereses. Aplica a agencias adheridas a la promoción.,"*Con tus tarjetas de crédito Itaú podés elegir pagar en hasta 12 cuotas sin intereses. La cantidad de cuotas la elegís al momento de la compra. Aplica para compras realizadas a través del pos de Bancard. No incluye tarjetas pre – pagas. Las tarjetas de crédito que acumulan puntos son Visa Infinite, Interventajas, American Express (Platinum, Gold y Green), Visa Platinum, MasterCard Black, afinidad Club Centenario y Touring. Las tarjetas de crédito con las afinidades LATAM y Aadvantage acumulan en sus respectivos programas. No acumulable con otras promociones. Agencias adheridas: Boarding Pass, Alto Vuelo, Mevuelo, Go Travel, Smart Travel, Aries Travel, Coral Turismo, Almacen de Viajes, Palma Travel, Frontur Viajes, Ami tour, Zona de Embarque, Aventura Viajes, Aeromar, CMP Agencia de Viajes, Ace tours, Viamar Viajes, Universo turimso, Servi Travel, Panorama Viajes, Interviajes, Sensitur Viajes, Origen. OPERADORAS: Seven´s, Bespoke, Maral Turismo, Agyr, Terra Nova, Consorcio Travel.",https://www.itau.com.py/beneficios2/Detalle?b=16056&c=1216,https://www.itau.com.py/beneficios2/categoria/17
Viaje y Turismo,Itaú,Agencias de Viajes,12 Cuotas sin intereses; hasta 12 cuotas sin intereses,No especificado,2025-02-01 hasta 2026-08-31,tarjeta de crédito,Hasta el 31 de agosto de 2026. Pagando con tus tarjetas The Platinum Card de American Express y VISA infinite tenes hasta 12 cuotas sin intereses. Pagando con tus tarjetas de crédito Itaú tenes hasta 10 cuotas sin intereses. Aplica a agencias adheridas a la promoción.,"*Con tus tarjetas de crédito Itaú podés elegir pagar en hasta 12 cuotas sin intereses. La cantidad de cuotas la elegís al momento de la compra. Aplica para compras realizadas a través del pos de Bancard. No incluye tarjetas pre – pagas. Las tarjetas de crédito que acumulan puntos son Visa Infinite, Interventajas, American Express (Platinum, Gold y Green), Visa Platinum, MasterCard Black, afinidad Club Centenario y Touring. Las tarjetas de crédito con las afinidades LATAM y Aadvantage acumulan en sus respectivos programas. No acumulable con otras promociones. Agencias adheridas: Boarding Pass, Alto Vuelo, Mevuelo, Go Travel, Smart Travel, Aries Travel, Coral Turismo, Almacen de Viajes, Palma Travel, Frontur Viajes, Ami tour, Zona de Embarque, Aventura Viajes, Aeromar, CMP Agencia de Viajes, Ace tours, Viamar Viajes, Universo turimso, Servi Travel, Panorama Viajes, Interviajes, Sensitur Viajes, Origen. OPERADORAS: Seven´s, Bespoke, Maral Turismo, Agyr, Terra Nova, Consorcio Travel.",https://www.itau.com.py/beneficios2/Detalle?b=16056&c=31564,https://www.itau.com.py/beneficios2/categoria/17
Viaje y Turismo,Itaú,Agyr,12 Cuotas sin intereses; hasta 12 cuotas sin intereses,No especificado,2025-02-01 hasta 2026-08-31,tarjeta de crédito,Hasta el 31 de agosto de 2026. Pagando con tus tarjetas The Platinum Card de American Express y VISA infinite tenes hasta 12 cuotas sin intereses. Pagando con tus tarjetas de crédito Itaú tenes hasta 10 cuotas sin intereses. Aplica a agencias adheridas a la promoción.,"*Con tus tarjetas de crédito Itaú podés elegir pagar en hasta 12 cuotas sin intereses. La cantidad de cuotas la elegís al momento de la compra. Aplica para compras realizadas a través del pos de Bancard. No incluye tarjetas pre – pagas. Las tarjetas de crédito que acumulan puntos son Visa Infinite, Interventajas, American Express (Platinum, Gold y Green), Visa Platinum, MasterCard Black, afinidad Club Centenario y Touring. Las tarjetas de crédito con las afinidades LATAM y Aadvantage acumulan en sus respectivos programas. No acumulable con otras promociones. Agencias adheridas: Boarding Pass, Alto Vuelo, Mevuelo, Go Travel, Smart Travel, Aries Travel, Coral Turismo, Almacen de Viajes, Palma Travel, Frontur Viajes, Ami tour, Zona de Embarque, Aventura Viajes, Aeromar, CMP Agencia de Viajes, Ace tours, Viamar Viajes, Universo turimso, Servi Travel, Panorama Viajes, Interviajes, Sensitur Viajes, Origen. OPERADORAS: Seven´s, Bespoke, Maral Turismo, Agyr, Terra Nova, Consorcio Travel.",https://www.itau.com.py/beneficios2/Detalle?b=16056&c=1010,https://www.itau.com.py/beneficios2/categoria/17
Viaje y Turismo,Itaú,Almacen De Viajes,12 Cuotas sin intereses; hasta 12 cuotas sin intereses,No especificado,2025-02-01 hasta 2026-08-31,tarjeta de crédito,Hasta el 31 de agosto de 2026. Pagando con tus tarjetas The Platinum Card de American Express y VISA infinite tenes hasta 12 cuotas sin intereses. Pagando con tus tarjetas de crédito Itaú tenes hasta 10 cuotas sin intereses. Aplica a agencias adheridas a la promoción.,"*Con tus tarjetas de crédito Itaú podés elegir pagar en hasta 12 cuotas sin intereses. La cantidad de cuotas la elegís al momento de la compra. Aplica para compras realizadas a través del pos de Bancard. No incluye tarjetas pre – pagas. Las tarjetas de crédito que acumulan puntos son Visa Infinite, Interventajas, American Express (Platinum, Gold y Green), Visa Platinum, MasterCard Black, afinidad Club Centenario y Touring. Las tarjetas de crédito con las afinidades LATAM y Aadvantage acumulan en sus respectivos programas. No acumulable con otras promociones. Agencias adheridas: Boarding Pass, Alto Vuelo, Mevuelo, Go Travel, Smart Travel, Aries Travel, Coral Turismo, Almacen de Viajes, Palma Travel, Frontur Viajes, Ami tour, Zona de Embarque, Aventura Viajes, Aeromar, CMP Agencia de Viajes, Ace tours, Viamar Viajes, Universo turimso, Servi Travel, Panorama Viajes, Interviajes, Sensitur Viajes, Origen. OPERADORAS: Seven´s, Bespoke, Maral Turismo, Agyr, Terra Nova, Consorcio Travel.",https://www.itau.com.py/beneficios2/Detalle?b=16056&c=1223,https://www.itau.com.py/beneficios2/categoria/17
Viaje y Turismo,Itaú,Alto Vuelo,12 Cuotas sin intereses; hasta 12 cuotas sin intereses,No especificado,2025-02-01 hasta 2026-08-31,tarjeta de crédito,Hasta el 31 de agosto de 2026. Pagando con tus tarjetas The Platinum Card de American Express y VISA infinite tenes hasta 12 cuotas sin intereses. Pagando con tus tarjetas de crédito Itaú tenes hasta 10 cuotas sin intereses. Aplica a agencias adheridas a la promoción.,"*Con tus tarjetas de crédito Itaú podés elegir pagar en hasta 12 cuotas sin intereses. La cantidad de cuotas la elegís al momento de la compra. Aplica para compras realizadas a través del pos de Bancard. No incluye tarjetas pre – pagas. Las tarjetas de crédito que acumulan puntos son Visa Infinite, Interventajas, American Express (Platinum, Gold y Green), Visa Platinum, MasterCard Black, afinidad Club Centenario y Touring. Las tarjetas de crédito con las afinidades LATAM y Aadvantage acumulan en sus respectivos programas. No acumulable con otras promociones. Agencias adheridas: Boarding Pass, Alto Vuelo, Mevuelo, Go Travel, Smart Travel, Aries Travel, Coral Turismo, Almacen de Viajes, Palma Travel, Frontur Viajes, Ami tour, Zona de Embarque, Aventura Viajes, Aeromar, CMP Agencia de Viajes, Ace tours, Viamar Viajes, Universo turimso, Servi Travel, Panorama Viajes, Interviajes, Sensitur Viajes, Origen. OPERADORAS: Seven´s, Bespoke, Maral Turismo, Agyr, Terra Nova, Consorcio Travel.",https://www.itau.com.py/beneficios2/Detalle?b=16056&c=30469,https://www.itau.com.py/beneficios2/categoria/17
Viaje y Turismo,Itaú,Ami Tour,12 Cuotas sin intereses; hasta 12 cuotas sin intereses,No especificado,2025-02-01 hasta 2026-08-31,tarjeta de crédito,Hasta el 31 de agosto de 2026. Pagando con tus tarjetas The Platinum Card de American Express y VISA infinite tenes hasta 12 cuotas sin intereses. Pagando con tus tarjetas de crédito Itaú tenes hasta 10 cuotas sin intereses. Aplica a agencias adheridas a la promoción.,"*Con tus tarjetas de crédito Itaú podés elegir pagar en hasta 12 cuotas sin intereses. La cantidad de cuotas la elegís al momento de la compra. Aplica para compras realizadas a través del pos de Bancard. No incluye tarjetas pre – pagas. Las tarjetas de crédito que acumulan puntos son Visa Infinite, Interventajas, American Express (Platinum, Gold y Green), Visa Platinum, MasterCard Black, afinidad Club Centenario y Touring. Las tarjetas de crédito con las afinidades LATAM y Aadvantage acumulan en sus respectivos programas. No acumulable con otras promociones. Agencias adheridas: Boarding Pass, Alto Vuelo, Mevuelo, Go Travel, Smart Travel, Aries Travel, Coral Turismo, Almacen de Viajes, Palma Travel, Frontur Viajes, Ami tour, Zona de Embarque, Aventura Viajes, Aeromar, CMP Agencia de Viajes, Ace tours, Viamar Viajes, Universo turimso, Servi Travel, Panorama Viajes, Interviajes, Sensitur Viajes, Origen. OPERADORAS: Seven´s, Bespoke, Maral Turismo, Agyr, Terra Nova, Consorcio Travel.",https://www.itau.com.py/beneficios2/Detalle?b=16056&c=30051,https://www.itau.com.py/beneficios2/categoria/17
Viaje y Turismo,Itaú,Aries Travel,12 Cuotas sin intereses; hasta 12 cuotas sin intereses,No especificado,2025-02-01 hasta 2026-08-31,tarjeta de crédito,Hasta el 31 de agosto de 2026. Pagando con tus tarjetas The Platinum Card de American Express y VISA infinite tenes hasta 12 cuotas sin intereses. Pagando con tus tarjetas de crédito Itaú tenes hasta 10 cuotas sin intereses. Aplica a agencias adheridas a la promoción.,"*Con tus tarjetas de crédito Itaú podés elegir pagar en hasta 12 cuotas sin intereses. La cantidad de cuotas la elegís al momento de la compra. Aplica para compras realizadas a través del pos de Bancard. No incluye tarjetas pre – pagas. Las tarjetas de crédito que acumulan puntos son Visa Infinite, Interventajas, American Express (Platinum, Gold y Green), Visa Platinum, MasterCard Black, afinidad Club Centenario y Touring. Las tarjetas de crédito con las afinidades LATAM y Aadvantage acumulan en sus respectivos programas. No acumulable con otras promociones. Agencias adheridas: Boarding Pass, Alto Vuelo, Mevuelo, Go Travel, Smart Travel, Aries Travel, Coral Turismo, Almacen de Viajes, Palma Travel, Frontur Viajes, Ami tour, Zona de Embarque, Aventura Viajes, Aeromar, CMP Agencia de Viajes, Ace tours, Viamar Viajes, Universo turimso, Servi Travel, Panorama Viajes, Interviajes, Sensitur Viajes, Origen. OPERADORAS: Seven´s, Bespoke, Maral Turismo, Agyr, Terra Nova, Consorcio Travel.",https://www.itau.com.py/beneficios2/Detalle?b=16056&c=1267,https://www.itau.com.py/beneficios2/categoria/17
Viaje y Turismo,Itaú,Aventura Viajes,12 Cuotas sin intereses; hasta 12 cuotas sin intereses,No especificado,2025-02-01 hasta 2026-08-31,tarjeta de crédito,Hasta el 31 de agosto de 2026. Pagando con tus tarjetas The Platinum Card de American Express y VISA infinite tenes hasta 12 cuotas sin intereses. Pagando con tus tarjetas de crédito Itaú tenes hasta 10 cuotas sin intereses. Aplica a agencias adheridas a la promoción.,"*Con tus tarjetas de crédito Itaú podés elegir pagar en hasta 12 cuotas sin intereses. La cantidad de cuotas la elegís al momento de la compra. Aplica para compras realizadas a través del pos de Bancard. No incluye tarjetas pre – pagas. Las tarjetas de crédito que acumulan puntos son Visa Infinite, Interventajas, American Express (Platinum, Gold y Green), Visa Platinum, MasterCard Black, afinidad Club Centenario y Touring. Las tarjetas de crédito con las afinidades LATAM y Aadvantage acumulan en sus respectivos programas. No acumulable con otras promociones. Agencias adheridas: Boarding Pass, Alto Vuelo, Mevuelo, Go Travel, Smart Travel, Aries Travel, Coral Turismo, Almacen de Viajes, Palma Travel, Frontur Viajes, Ami tour, Zona de Embarque, Aventura Viajes, Aeromar, CMP Agencia de Viajes, Ace tours, Viamar Viajes, Universo turimso, Servi Travel, Panorama Viajes, Interviajes, Sensitur Viajes, Origen. OPERADORAS: Seven´s, Bespoke, Maral Turismo, Agyr, Terra Nova, Consorcio Travel.",https://www.itau.com.py/beneficios2/Detalle?b=16056&c=1326,https://www.itau.com.py/beneficios2/categoria/17
Viaje y Turismo,Itaú,Bespoke,12 Cuotas sin intereses; hasta 12 cuotas sin intereses,No especificado,2025-02-01 hasta 2026-08-31,tarjeta de crédito,Hasta el 31 de agosto de 2026. Pagando con tus tarjetas The Platinum Card de American Express y VISA infinite tenes hasta 12 cuotas sin intereses. Pagando con tus tarjetas de crédito Itaú tenes hasta 10 cuotas sin intereses. Aplica a agencias adheridas a la promoción.,"*Con tus tarjetas de crédito Itaú podés elegir pagar en hasta 12 cuotas sin intereses. La cantidad de cuotas la elegís al momento de la compra. Aplica para compras realizadas a través del pos de Bancard. No incluye tarjetas pre – pagas. Las tarjetas de crédito que acumulan puntos son Visa Infinite, Interventajas, American Express (Platinum, Gold y Green), Visa Platinum, MasterCard Black, afinidad Club Centenario y Touring. Las tarjetas de crédito con las afinidades LATAM y Aadvantage acumulan en sus respectivos programas. No acumulable con otras promociones. Agencias adheridas: Boarding Pass, Alto Vuelo, Mevuelo, Go Travel, Smart Travel, Aries Travel, Coral Turismo, Almacen de Viajes, Palma Travel, Frontur Viajes, Ami tour, Zona de Embarque, Aventura Viajes, Aeromar, CMP Agencia de Viajes, Ace tours, Viamar Viajes, Universo turimso, Servi Travel, Panorama Viajes, Interviajes, Sensitur Viajes, Origen. OPERADORAS: Seven´s, Bespoke, Maral Turismo, Agyr, Terra Nova, Consorcio Travel.",https://www.itau.com.py/beneficios2/Detalle?b=16056&c=30416,https://www.itau.com.py/beneficios2/categoria/17
Viaje y Turismo,Itaú,Boarding Pass,12 Cuotas sin intereses; hasta 12 cuotas sin intereses,No especificado,2025-02-01 hasta 2026-08-31,tarjeta de crédito,Hasta el 31 de agosto de 2026. Pagando con tus tarjetas The Platinum Card de American Express y VISA infinite tenes hasta 12 cuotas sin intereses. Pagando con tus tarjetas de crédito Itaú tenes hasta 10 cuotas sin intereses. Aplica a agencias adheridas a la promoción.,"*Con tus tarjetas de crédito Itaú podés elegir pagar en hasta 12 cuotas sin intereses. La cantidad de cuotas la elegís al momento de la compra. Aplica para compras realizadas a través del pos de Bancard. No incluye tarjetas pre – pagas. Las tarjetas de crédito que acumulan puntos son Visa Infinite, Interventajas, American Express (Platinum, Gold y Green), Visa Platinum, MasterCard Black, afinidad Club Centenario y Touring. Las tarjetas de crédito con las afinidades LATAM y Aadvantage acumulan en sus respectivos programas. No acumulable con otras promociones. Agencias adheridas: Boarding Pass, Alto Vuelo, Mevuelo, Go Travel, Smart Travel, Aries Travel, Coral Turismo, Almacen de Viajes, Palma Travel, Frontur Viajes, Ami tour, Zona de Embarque, Aventura Viajes, Aeromar, CMP Agencia de Viajes, Ace tours, Viamar Viajes, Universo turimso, Servi Travel, Panorama Viajes, Interviajes, Sensitur Viajes, Origen. OPERADORAS: Seven´s, Bespoke, Maral Turismo, Agyr, Terra Nova, Consorcio Travel.",https://www.itau.com.py/beneficios2/Detalle?b=16056&c=1344,https://www.itau.com.py/beneficios2/categoria/17
Viaje y Turismo,Itaú,CMP Travel,12 Cuotas sin intereses; hasta 12 cuotas sin intereses,No especificado,2025-02-01 hasta 2026-08-31,tarjeta de crédito,Hasta el 31 de agosto de 2026. Pagando con tus tarjetas The Platinum Card de American Express y VISA infinite tenes hasta 12 cuotas sin intereses. Pagando con tus tarjetas de crédito Itaú tenes hasta 10 cuotas sin intereses. Aplica a agencias adheridas a la promoción.,"*Con tus tarjetas de crédito Itaú podés elegir pagar en hasta 12 cuotas sin intereses. La cantidad de cuotas la elegís al momento de la compra. Aplica para compras realizadas a través del pos de Bancard. No incluye tarjetas pre – pagas. Las tarjetas de crédito que acumulan puntos son Visa Infinite, Interventajas, American Express (Platinum, Gold y Green), Visa Platinum, MasterCard Black, afinidad Club Centenario y Touring. Las tarjetas de crédito con las afinidades LATAM y Aadvantage acumulan en sus respectivos programas. No acumulable con otras promociones. Agencias adheridas: Boarding Pass, Alto Vuelo, Mevuelo, Go Travel, Smart Travel, Aries Travel, Coral Turismo, Almacen de Viajes, Palma Travel, Frontur Viajes, Ami tour, Zona de Embarque, Aventura Viajes, Aeromar, CMP Agencia de Viajes, Ace tours, Viamar Viajes, Universo turimso, Servi Travel, Panorama Viajes, Interviajes, Sensitur Viajes, Origen. OPERADORAS: Seven´s, Bespoke, Maral Turismo, Agyr, Terra Nova, Consorcio Travel.",https://www.itau.com.py/beneficios2/Detalle?b=16056&c=32037,https://www.itau.com.py/beneficios2/categoria/17
Viaje y Turismo,Itaú,Consorcio,12 Cuotas sin intereses; hasta 12 cuotas sin intereses,No especificado,2025-02-01 hasta 2026-08-31,tarjeta de crédito,Hasta el 31 de agosto de 2026. Pagando con tus tarjetas The Platinum Card de American Express y VISA infinite tenes hasta 12 cuotas sin intereses. Pagando con tus tarjetas de crédito Itaú tenes hasta 10 cuotas sin intereses. Aplica a agencias adheridas a la promoción.,"*Con tus tarjetas de crédito Itaú podés elegir pagar en hasta 12 cuotas sin intereses. La cantidad de cuotas la elegís al momento de la compra. Aplica para compras realizadas a través del pos de Bancard. No incluye tarjetas pre – pagas. Las tarjetas de crédito que acumulan puntos son Visa Infinite, Interventajas, American Express (Platinum, Gold y Green), Visa Platinum, MasterCard Black, afinidad Club Centenario y Touring. Las tarjetas de crédito con las afinidades LATAM y Aadvantage acumulan en sus respectivos programas. No acumulable con otras promociones. Agencias adheridas: Boarding Pass, Alto Vuelo, Mevuelo, Go Travel, Smart Travel, Aries Travel, Coral Turismo, Almacen de Viajes, Palma Travel, Frontur Viajes, Ami tour, Zona de Embarque, Aventura Viajes, Aeromar, CMP Agencia de Viajes, Ace tours, Viamar Viajes, Universo turimso, Servi Travel, Panorama Viajes, Interviajes, Sensitur Viajes, Origen. OPERADORAS: Seven´s, Bespoke, Maral Turismo, Agyr, Terra Nova, Consorcio Travel.",https://www.itau.com.py/beneficios2/Detalle?b=16056&c=30043,https://www.itau.com.py/beneficios2/categoria/17
Viaje y Turismo,Itaú,Coral Turismo,12 Cuotas sin intereses; hasta 12 cuotas sin intereses,No especificado,2025-02-01 hasta 2026-08-31,tarjeta de crédito,Hasta el 31 de agosto de 2026. Pagando con tus tarjetas The Platinum Card de American Express y VISA infinite tenes hasta 12 cuotas sin intereses. Pagando con tus tarjetas de crédito Itaú tenes hasta 10 cuotas sin intereses. Aplica a agencias adheridas a la promoción.,"*Con tus tarjetas de crédito Itaú podés elegir pagar en hasta 12 cuotas sin intereses. La cantidad de cuotas la elegís al momento de la compra. Aplica para compras realizadas a través del pos de Bancard. No incluye tarjetas pre – pagas. Las tarjetas de crédito que acumulan puntos son Visa Infinite, Interventajas, American Express (Platinum, Gold y Green), Visa Platinum, MasterCard Black, afinidad Club Centenario y Touring. Las tarjetas de crédito con las afinidades LATAM y Aadvantage acumulan en sus respectivos programas. No acumulable con otras promociones. Agencias adheridas: Boarding Pass, Alto Vuelo, Mevuelo, Go Travel, Smart Travel, Aries Travel, Coral Turismo, Almacen de Viajes, Palma Travel, Frontur Viajes, Ami tour, Zona de Embarque, Aventura Viajes, Aeromar, CMP Agencia de Viajes, Ace tours, Viamar Viajes, Universo turimso, Servi Travel, Panorama Viajes, Interviajes, Sensitur Viajes, Origen. OPERADORAS: Seven´s, Bespoke, Maral Turismo, Agyr, Terra Nova, Consorcio Travel.",https://www.itau.com.py/beneficios2/Detalle?b=16056&c=1429,https://www.itau.com.py/beneficios2/categoria/17
Viaje y Turismo,Itaú,Frontur,12 Cuotas sin intereses; hasta 12 cuotas sin intereses,No especificado,2025-02-01 hasta 2026-08-31,tarjeta de crédito,Hasta el 31 de agosto de 2026. Pagando con tus tarjetas The Platinum Card de American Express y VISA infinite tenes hasta 12 cuotas sin intereses. Pagando con tus tarjetas de crédito Itaú tenes hasta 10 cuotas sin intereses. Aplica a agencias adheridas a la promoción.,"*Con tus tarjetas de crédito Itaú podés elegir pagar en hasta 12 cuotas sin intereses. La cantidad de cuotas la elegís al momento de la compra. Aplica para compras realizadas a través del pos de Bancard. No incluye tarjetas pre – pagas. Las tarjetas de crédito que acumulan puntos son Visa Infinite, Interventajas, American Express (Platinum, Gold y Green), Visa Platinum, MasterCard Black, afinidad Club Centenario y Touring. Las tarjetas de crédito con las afinidades LATAM y Aadvantage acumulan en sus respectivos programas. No acumulable con otras promociones. Agencias adheridas: Boarding Pass, Alto Vuelo, Mevuelo, Go Travel, Smart Travel, Aries Travel, Coral Turismo, Almacen de Viajes, Palma Travel, Frontur Viajes, Ami tour, Zona de Embarque, Aventura Viajes, Aeromar, CMP Agencia de Viajes, Ace tours, Viamar Viajes, Universo turimso, Servi Travel, Panorama Viajes, Interviajes, Sensitur Viajes, Origen. OPERADORAS: Seven´s, Bespoke, Maral Turismo, Agyr, Terra Nova, Consorcio Travel.",https://www.itau.com.py/beneficios2/Detalle?b=16056&c=30046,https://www.itau.com.py/beneficios2/categoria/17
Viaje y Turismo,Itaú,Go Travel,12 Cuotas sin intereses; hasta 12 cuotas sin intereses,No especificado,2025-02-01 hasta 2026-08-31,tarjeta de crédito,Hasta el 31 de agosto de 2026. Pagando con tus tarjetas The Platinum Card de American Express y VISA infinite tenes hasta 12 cuotas sin intereses. Pagando con tus tarjetas de crédito Itaú tenes hasta 10 cuotas sin intereses. Aplica a agencias adheridas a la promoción.,"*Con tus tarjetas de crédito Itaú podés elegir pagar en hasta 12 cuotas sin intereses. La cantidad de cuotas la elegís al momento de la compra. Aplica para compras realizadas a través del pos de Bancard. No incluye tarjetas pre – pagas. Las tarjetas de crédito que acumulan puntos son Visa Infinite, Interventajas, American Express (Platinum, Gold y Green), Visa Platinum, MasterCard Black, afinidad Club Centenario y Touring. Las tarjetas de crédito con las afinidades LATAM y Aadvantage acumulan en sus respectivos programas. No acumulable con otras promociones. Agencias adheridas: Boarding Pass, Alto Vuelo, Mevuelo, Go Travel, Smart Travel, Aries Travel, Coral Turismo, Almacen de Viajes, Palma Travel, Frontur Viajes, Ami tour, Zona de Embarque, Aventura Viajes, Aeromar, CMP Agencia de Viajes, Ace tours, Viamar Viajes, Universo turimso, Servi Travel, Panorama Viajes, Interviajes, Sensitur Viajes, Origen. OPERADORAS: Seven´s, Bespoke, Maral Turismo, Agyr, Terra Nova, Consorcio Travel.",https://www.itau.com.py/beneficios2/Detalle?b=16056&c=30050,https://www.itau.com.py/beneficios2/categoria/17
Viaje y Turismo,Itaú,Interviajes,12 Cuotas sin intereses; hasta 12 cuotas sin intereses,No especificado,2025-02-01 hasta 2026-08-31,tarjeta de crédito,Hasta el 31 de agosto de 2026. Pagando con tus tarjetas The Platinum Card de American Express y VISA infinite tenes hasta 12 cuotas sin intereses. Pagando con tus tarjetas de crédito Itaú tenes hasta 10 cuotas sin intereses. Aplica a agencias adheridas a la promoción.,"*Con tus tarjetas de crédito Itaú podés elegir pagar en hasta 12 cuotas sin intereses. La cantidad de cuotas la elegís al momento de la compra. Aplica para compras realizadas a través del pos de Bancard. No incluye tarjetas pre – pagas. Las tarjetas de crédito que acumulan puntos son Visa Infinite, Interventajas, American Express (Platinum, Gold y Green), Visa Platinum, MasterCard Black, afinidad Club Centenario y Touring. Las tarjetas de crédito con las afinidades LATAM y Aadvantage acumulan en sus respectivos programas. No acumulable con otras promociones. Agencias adheridas: Boarding Pass, Alto Vuelo, Mevuelo, Go Travel, Smart Travel, Aries Travel, Coral Turismo, Almacen de Viajes, Palma Travel, Frontur Viajes, Ami tour, Zona de Embarque, Aventura Viajes, Aeromar, CMP Agencia de Viajes, Ace tours, Viamar Viajes, Universo turimso, Servi Travel, Panorama Viajes, Interviajes, Sensitur Viajes, Origen. OPERADORAS: Seven´s, Bespoke, Maral Turismo, Agyr, Terra Nova, Consorcio Travel.",https://www.itau.com.py/beneficios2/Detalle?b=16056&c=1619,https://www.itau.com.py/beneficios2/categoria/17
Viaje y Turismo,Itaú,Latam,10 Cuotas sin intereses; hasta 10 cuotas sin intereses,No especificado,2026-02-11 hasta 2026-12-31,tarjeta de crédito,Hasta el 31 de diciembre de 2026. Pagando con tus tarjetas de crédito Itaú. Tenés hasta 10 cuotas sin intereses y hasta 12 cuotas sin intereses con tarjetas American Express.,"*Con tus tarjetas de crédito Itaú podés elegir pagar en hasta 10 cuotas sin intereses y hasta 12 cuotas sin intereses con tarjetas de crédito American Express. La cantidad de cuotas la elegís al momento de la compra. Aplica para compras realizadas a través del POS de Bancard. No incluye tarjetas pre – pagas. Las tarjetas de crédito que acumulan puntos son Visa Infinite, Interventajas, American Express (Platinum, Gold y Green), Visa Platinum, Mastercard Black, afinidad Club Centenario y Touring. Las tarjetas de crédito con las afinidades LATAM y Aadvantage acumulan en sus respectivos programas. No acumulable con otras promociones.",https://www.itau.com.py/beneficios2/Detalle?b=15177&c=1093,https://www.itau.com.py/beneficios2/categoria/17
Viaje y Turismo,Itaú,Maral Turismo,12 Cuotas sin intereses; hasta 12 cuotas sin intereses,No especificado,2025-02-01 hasta 2026-08-31,tarjeta de crédito,Hasta el 31 de agosto de 2026. Pagando con tus tarjetas The Platinum Card de American Express y VISA infinite tenes hasta 12 cuotas sin intereses. Pagando con tus tarjetas de crédito Itaú tenes hasta 10 cuotas sin intereses. Aplica a agencias adheridas a la promoción.,"*Con tus tarjetas de crédito Itaú podés elegir pagar en hasta 12 cuotas sin intereses. La cantidad de cuotas la elegís al momento de la compra. Aplica para compras realizadas a través del pos de Bancard. No incluye tarjetas pre – pagas. Las tarjetas de crédito que acumulan puntos son Visa Infinite, Interventajas, American Express (Platinum, Gold y Green), Visa Platinum, MasterCard Black, afinidad Club Centenario y Touring. Las tarjetas de crédito con las afinidades LATAM y Aadvantage acumulan en sus respectivos programas. No acumulable con otras promociones. Agencias adheridas: Boarding Pass, Alto Vuelo, Mevuelo, Go Travel, Smart Travel, Aries Travel, Coral Turismo, Almacen de Viajes, Palma Travel, Frontur Viajes, Ami tour, Zona de Embarque, Aventura Viajes, Aeromar, CMP Agencia de Viajes, Ace tours, Viamar Viajes, Universo turimso, Servi Travel, Panorama Viajes, Interviajes, Sensitur Viajes, Origen. OPERADORAS: Seven´s, Bespoke, Maral Turismo, Agyr, Terra Nova, Consorcio Travel.",https://www.itau.com.py/beneficios2/Detalle?b=16056&c=1190,https://www.itau.com.py/beneficios2/categoria/17
Viaje y Turismo,Itaú,Me Vuelo,12 Cuotas sin intereses; hasta 12 cuotas sin intereses,No especificado,2025-02-01 hasta 2026-08-31,tarjeta de crédito,Hasta el 31 de agosto de 2026. Pagando con tus tarjetas The Platinum Card de American Express y VISA infinite tenes hasta 12 cuotas sin intereses. Pagando con tus tarjetas de crédito Itaú tenes hasta 10 cuotas sin intereses. Aplica a agencias adheridas a la promoción.,"*Con tus tarjetas de crédito Itaú podés elegir pagar en hasta 12 cuotas sin intereses. La cantidad de cuotas la elegís al momento de la compra. Aplica para compras realizadas a través del pos de Bancard. No incluye tarjetas pre – pagas. Las tarjetas de crédito que acumulan puntos son Visa Infinite, Interventajas, American Express (Platinum, Gold y Green), Visa Platinum, MasterCard Black, afinidad Club Centenario y Touring. Las tarjetas de crédito con las afinidades LATAM y Aadvantage acumulan en sus respectivos programas. No acumulable con otras promociones. Agencias adheridas: Boarding Pass, Alto Vuelo, Mevuelo, Go Travel, Smart Travel, Aries Travel, Coral Turismo, Almacen de Viajes, Palma Travel, Frontur Viajes, Ami tour, Zona de Embarque, Aventura Viajes, Aeromar, CMP Agencia de Viajes, Ace tours, Viamar Viajes, Universo turimso, Servi Travel, Panorama Viajes, Interviajes, Sensitur Viajes, Origen. OPERADORAS: Seven´s, Bespoke, Maral Turismo, Agyr, Terra Nova, Consorcio Travel.",https://www.itau.com.py/beneficios2/Detalle?b=16056&c=30840,https://www.itau.com.py/beneficios2/categoria/17
Viaje y Turismo,Itaú,Origen,12 Cuotas sin intereses; hasta 12 cuotas sin intereses,No especificado,2025-02-01 hasta 2026-08-31,tarjeta de crédito,Hasta el 31 de agosto de 2026. Pagando con tus tarjetas The Platinum Card de American Express y VISA infinite tenes hasta 12 cuotas sin intereses. Pagando con tus tarjetas de crédito Itaú tenes hasta 10 cuotas sin intereses. Aplica a agencias adheridas a la promoción.,"*Con tus tarjetas de crédito Itaú podés elegir pagar en hasta 12 cuotas sin intereses. La cantidad de cuotas la elegís al momento de la compra. Aplica para compras realizadas a través del pos de Bancard. No incluye tarjetas pre – pagas. Las tarjetas de crédito que acumulan puntos son Visa Infinite, Interventajas, American Express (Platinum, Gold y Green), Visa Platinum, MasterCard Black, afinidad Club Centenario y Touring. Las tarjetas de crédito con las afinidades LATAM y Aadvantage acumulan en sus respectivos programas. No acumulable con otras promociones. Agencias adheridas: Boarding Pass, Alto Vuelo, Mevuelo, Go Travel, Smart Travel, Aries Travel, Coral Turismo, Almacen de Viajes, Palma Travel, Frontur Viajes, Ami tour, Zona de Embarque, Aventura Viajes, Aeromar, CMP Agencia de Viajes, Ace tours, Viamar Viajes, Universo turimso, Servi Travel, Panorama Viajes, Interviajes, Sensitur Viajes, Origen. OPERADORAS: Seven´s, Bespoke, Maral Turismo, Agyr, Terra Nova, Consorcio Travel.",https://www.itau.com.py/beneficios2/Detalle?b=16056&c=1294,https://www.itau.com.py/beneficios2/categoria/17
Viaje y Turismo,Itaú,Palma Travel,12 Cuotas sin intereses; hasta 12 cuotas sin intereses,No especificado,2025-02-01 hasta 2026-08-31,tarjeta de crédito,Hasta el 31 de agosto de 2026. Pagando con tus tarjetas The Platinum Card de American Express y VISA infinite tenes hasta 12 cuotas sin intereses. Pagando con tus tarjetas de crédito Itaú tenes hasta 10 cuotas sin intereses. Aplica a agencias adheridas a la promoción.,"*Con tus tarjetas de crédito Itaú podés elegir pagar en hasta 12 cuotas sin intereses. La cantidad de cuotas la elegís al momento de la compra. Aplica para compras realizadas a través del pos de Bancard. No incluye tarjetas pre – pagas. Las tarjetas de crédito que acumulan puntos son Visa Infinite, Interventajas, American Express (Platinum, Gold y Green), Visa Platinum, MasterCard Black, afinidad Club Centenario y Touring. Las tarjetas de crédito con las afinidades LATAM y Aadvantage acumulan en sus respectivos programas. No acumulable con otras promociones. Agencias adheridas: Boarding Pass, Alto Vuelo, Mevuelo, Go Travel, Smart Travel, Aries Travel, Coral Turismo, Almacen de Viajes, Palma Travel, Frontur Viajes, Ami tour, Zona de Embarque, Aventura Viajes, Aeromar, CMP Agencia de Viajes, Ace tours, Viamar Viajes, Universo turimso, Servi Travel, Panorama Viajes, Interviajes, Sensitur Viajes, Origen. OPERADORAS: Seven´s, Bespoke, Maral Turismo, Agyr, Terra Nova, Consorcio Travel.",https://www.itau.com.py/beneficios2/Detalle?b=16056&c=1304,https://www.itau.com.py/beneficios2/categoria/17
Viaje y Turismo,Itaú,Panorama Viajes,12 Cuotas sin intereses; hasta 12 cuotas sin intereses,No especificado,2025-02-01 hasta 2026-08-31,tarjeta de crédito,Hasta el 31 de agosto de 2026. Pagando con tus tarjetas The Platinum Card de American Express y VISA infinite tenes hasta 12 cuotas sin intereses. Pagando con tus tarjetas de crédito Itaú tenes hasta 10 cuotas sin intereses. Aplica a agencias adheridas a la promoción.,"*Con tus tarjetas de crédito Itaú podés elegir pagar en hasta 12 cuotas sin intereses. La cantidad de cuotas la elegís al momento de la compra. Aplica para compras realizadas a través del pos de Bancard. No incluye tarjetas pre – pagas. Las tarjetas de crédito que acumulan puntos son Visa Infinite, Interventajas, American Express (Platinum, Gold y Green), Visa Platinum, MasterCard Black, afinidad Club Centenario y Touring. Las tarjetas de crédito con las afinidades LATAM y Aadvantage acumulan en sus respectivos programas. No acumulable con otras promociones. Agencias adheridas: Boarding Pass, Alto Vuelo, Mevuelo, Go Travel, Smart Travel, Aries Travel, Coral Turismo, Almacen de Viajes, Palma Travel, Frontur Viajes, Ami tour, Zona de Embarque, Aventura Viajes, Aeromar, CMP Agencia de Viajes, Ace tours, Viamar Viajes, Universo turimso, Servi Travel, Panorama Viajes, Interviajes, Sensitur Viajes, Origen. OPERADORAS: Seven´s, Bespoke, Maral Turismo, Agyr, Terra Nova, Consorcio Travel.",https://www.itau.com.py/beneficios2/Detalle?b=16056&c=30049,https://www.itau.com.py/beneficios2/categoria/17
Viaje y Turismo,Itaú,Sensitur Viajes,12 Cuotas sin intereses; hasta 12 cuotas sin intereses,No especificado,2025-02-01 hasta 2026-08-31,tarjeta de crédito,Hasta el 31 de agosto de 2026. Pagando con tus tarjetas The Platinum Card de American Express y VISA infinite tenes hasta 12 cuotas sin intereses. Pagando con tus tarjetas de crédito Itaú tenes hasta 10 cuotas sin intereses. Aplica a agencias adheridas a la promoción.,"*Con tus tarjetas de crédito Itaú podés elegir pagar en hasta 12 cuotas sin intereses. La cantidad de cuotas la elegís al momento de la compra. Aplica para compras realizadas a través del pos de Bancard. No incluye tarjetas pre – pagas. Las tarjetas de crédito que acumulan puntos son Visa Infinite, Interventajas, American Express (Platinum, Gold y Green), Visa Platinum, MasterCard Black, afinidad Club Centenario y Touring. Las tarjetas de crédito con las afinidades LATAM y Aadvantage acumulan en sus respectivos programas. No acumulable con otras promociones. Agencias adheridas: Boarding Pass, Alto Vuelo, Mevuelo, Go Travel, Smart Travel, Aries Travel, Coral Turismo, Almacen de Viajes, Palma Travel, Frontur Viajes, Ami tour, Zona de Embarque, Aventura Viajes, Aeromar, CMP Agencia de Viajes, Ace tours, Viamar Viajes, Universo turimso, Servi Travel, Panorama Viajes, Interviajes, Sensitur Viajes, Origen. OPERADORAS: Seven´s, Bespoke, Maral Turismo, Agyr, Terra Nova, Consorcio Travel.",https://www.itau.com.py/beneficios2/Detalle?b=16056&c=32036,https://www.itau.com.py/beneficios2/categoria/17
Viaje y Turismo,Itaú,Servitravel,12 Cuotas sin intereses; hasta 12 cuotas sin intereses,No especificado,2025-02-01 hasta 2026-08-31,tarjeta de crédito,Hasta el 31 de agosto de 2026. Pagando con tus tarjetas The Platinum Card de American Express y VISA infinite tenes hasta 12 cuotas sin intereses. Pagando con tus tarjetas de crédito Itaú tenes hasta 10 cuotas sin intereses. Aplica a agencias adheridas a la promoción.,"*Con tus tarjetas de crédito Itaú podés elegir pagar en hasta 12 cuotas sin intereses. La cantidad de cuotas la elegís al momento de la compra. Aplica para compras realizadas a través del pos de Bancard. No incluye tarjetas pre – pagas. Las tarjetas de crédito que acumulan puntos son Visa Infinite, Interventajas, American Express (Platinum, Gold y Green), Visa Platinum, MasterCard Black, afinidad Club Centenario y Touring. Las tarjetas de crédito con las afinidades LATAM y Aadvantage acumulan en sus respectivos programas. No acumulable con otras promociones. Agencias adheridas: Boarding Pass, Alto Vuelo, Mevuelo, Go Travel, Smart Travel, Aries Travel, Coral Turismo, Almacen de Viajes, Palma Travel, Frontur Viajes, Ami tour, Zona de Embarque, Aventura Viajes, Aeromar, CMP Agencia de Viajes, Ace tours, Viamar Viajes, Universo turimso, Servi Travel, Panorama Viajes, Interviajes, Sensitur Viajes, Origen. OPERADORAS: Seven´s, Bespoke, Maral Turismo, Agyr, Terra Nova, Consorcio Travel.",https://www.itau.com.py/beneficios2/Detalle?b=16056&c=1417,https://www.itau.com.py/beneficios2/categoria/17
Viaje y Turismo,Itaú,Sevens Travel,12 Cuotas sin intereses; hasta 12 cuotas sin intereses,No especificado,2025-02-01 hasta 2026-08-31,tarjeta de crédito,Hasta el 31 de agosto de 2026. Pagando con tus tarjetas The Platinum Card de American Express y VISA infinite tenes hasta 12 cuotas sin intereses. Pagando con tus tarjetas de crédito Itaú tenes hasta 10 cuotas sin intereses. Aplica a agencias adheridas a la promoción.,"*Con tus tarjetas de crédito Itaú podés elegir pagar en hasta 12 cuotas sin intereses. La cantidad de cuotas la elegís al momento de la compra. Aplica para compras realizadas a través del pos de Bancard. No incluye tarjetas pre – pagas. Las tarjetas de crédito que acumulan puntos son Visa Infinite, Interventajas, American Express (Platinum, Gold y Green), Visa Platinum, MasterCard Black, afinidad Club Centenario y Touring. Las tarjetas de crédito con las afinidades LATAM y Aadvantage acumulan en sus respectivos programas. No acumulable con otras promociones. Agencias adheridas: Boarding Pass, Alto Vuelo, Mevuelo, Go Travel, Smart Travel, Aries Travel, Coral Turismo, Almacen de Viajes, Palma Travel, Frontur Viajes, Ami tour, Zona de Embarque, Aventura Viajes, Aeromar, CMP Agencia de Viajes, Ace tours, Viamar Viajes, Universo turimso, Servi Travel, Panorama Viajes, Interviajes, Sensitur Viajes, Origen. OPERADORAS: Seven´s, Bespoke, Maral Turismo, Agyr, Terra Nova, Consorcio Travel.",https://www.itau.com.py/beneficios2/Detalle?b=16056&c=30639,https://www.itau.com.py/beneficios2/categoria/17
Viaje y Turismo,Itaú,Smart Travel,12 Cuotas sin intereses; hasta 12 cuotas sin intereses,No especificado,2025-02-01 hasta 2026-08-31,tarjeta de crédito,Hasta el 31 de agosto de 2026. Pagando con tus tarjetas The Platinum Card de American Express y VISA infinite tenes hasta 12 cuotas sin intereses. Pagando con tus tarjetas de crédito Itaú tenes hasta 10 cuotas sin intereses. Aplica a agencias adheridas a la promoción.,"*Con tus tarjetas de crédito Itaú podés elegir pagar en hasta 12 cuotas sin intereses. La cantidad de cuotas la elegís al momento de la compra. Aplica para compras realizadas a través del pos de Bancard. No incluye tarjetas pre – pagas. Las tarjetas de crédito que acumulan puntos son Visa Infinite, Interventajas, American Express (Platinum, Gold y Green), Visa Platinum, MasterCard Black, afinidad Club Centenario y Touring. Las tarjetas de crédito con las afinidades LATAM y Aadvantage acumulan en sus respectivos programas. No acumulable con otras promociones. Agencias adheridas: Boarding Pass, Alto Vuelo, Mevuelo, Go Travel, Smart Travel, Aries Travel, Coral Turismo, Almacen de Viajes, Palma Travel, Frontur Viajes, Ami tour, Zona de Embarque, Aventura Viajes, Aeromar, CMP Agencia de Viajes, Ace tours, Viamar Viajes, Universo turimso, Servi Travel, Panorama Viajes, Interviajes, Sensitur Viajes, Origen. OPERADORAS: Seven´s, Bespoke, Maral Turismo, Agyr, Terra Nova, Consorcio Travel.",https://www.itau.com.py/beneficios2/Detalle?b=16056&c=30047,https://www.itau.com.py/beneficios2/categoria/17
Viaje y Turismo,Itaú,Terranova,12 Cuotas sin intereses; hasta 12 cuotas sin intereses,No especificado,2025-02-01 hasta 2026-08-31,tarjeta de crédito,Hasta el 31 de agosto de 2026. Pagando con tus tarjetas The Platinum Card de American Express y VISA infinite tenes hasta 12 cuotas sin intereses. Pagando con tus tarjetas de crédito Itaú tenes hasta 10 cuotas sin intereses. Aplica a agencias adheridas a la promoción.,"*Con tus tarjetas de crédito Itaú podés elegir pagar en hasta 12 cuotas sin intereses. La cantidad de cuotas la elegís al momento de la compra. Aplica para compras realizadas a través del pos de Bancard. No incluye tarjetas pre – pagas. Las tarjetas de crédito que acumulan puntos son Visa Infinite, Interventajas, American Express (Platinum, Gold y Green), Visa Platinum, MasterCard Black, afinidad Club Centenario y Touring. Las tarjetas de crédito con las afinidades LATAM y Aadvantage acumulan en sus respectivos programas. No acumulable con otras promociones. Agencias adheridas: Boarding Pass, Alto Vuelo, Mevuelo, Go Travel, Smart Travel, Aries Travel, Coral Turismo, Almacen de Viajes, Palma Travel, Frontur Viajes, Ami tour, Zona de Embarque, Aventura Viajes, Aeromar, CMP Agencia de Viajes, Ace tours, Viamar Viajes, Universo turimso, Servi Travel, Panorama Viajes, Interviajes, Sensitur Viajes, Origen. OPERADORAS: Seven´s, Bespoke, Maral Turismo, Agyr, Terra Nova, Consorcio Travel.",https://www.itau.com.py/beneficios2/Detalle?b=16056&c=1486,https://www.itau.com.py/beneficios2/categoria/17
Viaje y Turismo,Itaú,Universo Turismo,12 Cuotas sin intereses; hasta 12 cuotas sin intereses,No especificado,2025-02-01 hasta 2026-08-31,tarjeta de crédito,Hasta el 31 de agosto de 2026. Pagando con tus tarjetas The Platinum Card de American Express y VISA infinite tenes hasta 12 cuotas sin intereses. Pagando con tus tarjetas de crédito Itaú tenes hasta 10 cuotas sin intereses. Aplica a agencias adheridas a la promoción.,"*Con tus tarjetas de crédito Itaú podés elegir pagar en hasta 12 cuotas sin intereses. La cantidad de cuotas la elegís al momento de la compra. Aplica para compras realizadas a través del pos de Bancard. No incluye tarjetas pre – pagas. Las tarjetas de crédito que acumulan puntos son Visa Infinite, Interventajas, American Express (Platinum, Gold y Green), Visa Platinum, MasterCard Black, afinidad Club Centenario y Touring. Las tarjetas de crédito con las afinidades LATAM y Aadvantage acumulan en sus respectivos programas. No acumulable con otras promociones. Agencias adheridas: Boarding Pass, Alto Vuelo, Mevuelo, Go Travel, Smart Travel, Aries Travel, Coral Turismo, Almacen de Viajes, Palma Travel, Frontur Viajes, Ami tour, Zona de Embarque, Aventura Viajes, Aeromar, CMP Agencia de Viajes, Ace tours, Viamar Viajes, Universo turimso, Servi Travel, Panorama Viajes, Interviajes, Sensitur Viajes, Origen. OPERADORAS: Seven´s, Bespoke, Maral Turismo, Agyr, Terra Nova, Consorcio Travel.",https://www.itau.com.py/beneficios2/Detalle?b=16056&c=30920,https://www.itau.com.py/beneficios2/categoria/17
Viaje y Turismo,Itaú,Viamar Viajes,12 Cuotas sin intereses; hasta 12 cuotas sin intereses,No especificado,2025-02-01 hasta 2026-08-31,tarjeta de crédito,Hasta el 31 de agosto de 2026. Pagando con tus tarjetas The Platinum Card de American Express y VISA infinite tenes hasta 12 cuotas sin intereses. Pagando con tus tarjetas de crédito Itaú tenes hasta 10 cuotas sin intereses. Aplica a agencias adheridas a la promoción.,"*Con tus tarjetas de crédito Itaú podés elegir pagar en hasta 12 cuotas sin intereses. La cantidad de cuotas la elegís al momento de la compra. Aplica para compras realizadas a través del pos de Bancard. No incluye tarjetas pre – pagas. Las tarjetas de crédito que acumulan puntos son Visa Infinite, Interventajas, American Express (Platinum, Gold y Green), Visa Platinum, MasterCard Black, afinidad Club Centenario y Touring. Las tarjetas de crédito con las afinidades LATAM y Aadvantage acumulan en sus respectivos programas. No acumulable con otras promociones. Agencias adheridas: Boarding Pass, Alto Vuelo, Mevuelo, Go Travel, Smart Travel, Aries Travel, Coral Turismo, Almacen de Viajes, Palma Travel, Frontur Viajes, Ami tour, Zona de Embarque, Aventura Viajes, Aeromar, CMP Agencia de Viajes, Ace tours, Viamar Viajes, Universo turimso, Servi Travel, Panorama Viajes, Interviajes, Sensitur Viajes, Origen. OPERADORAS: Seven´s, Bespoke, Maral Turismo, Agyr, Terra Nova, Consorcio Travel.",https://www.itau.com.py/beneficios2/Detalle?b=16056&c=30048,https://www.itau.com.py/beneficios2/categoria/17
Viaje y Turismo,Itaú,Zona De Embarque,12 Cuotas sin intereses; hasta 12 cuotas sin intereses,No especificado,2025-02-01 hasta 2026-08-31,tarjeta de crédito,Hasta el 31 de agosto de 2026. Pagando con tus tarjetas The Platinum Card de American Express y VISA infinite tenes hasta 12 cuotas sin intereses. Pagando con tus tarjetas de crédito Itaú tenes hasta 10 cuotas sin intereses. Aplica a agencias adheridas a la promoción.,"*Con tus tarjetas de crédito Itaú podés elegir pagar en hasta 12 cuotas sin intereses. La cantidad de cuotas la elegís al momento de la compra. Aplica para compras realizadas a través del pos de Bancard. No incluye tarjetas pre – pagas. Las tarjetas de crédito que acumulan puntos son Visa Infinite, Interventajas, American Express (Platinum, Gold y Green), Visa Platinum, MasterCard Black, afinidad Club Centenario y Touring. Las tarjetas de crédito con las afinidades LATAM y Aadvantage acumulan en sus respectivos programas. No acumulable con otras promociones. Agencias adheridas: Boarding Pass, Alto Vuelo, Mevuelo, Go Travel, Smart Travel, Aries Travel, Coral Turismo, Almacen de Viajes, Palma Travel, Frontur Viajes, Ami tour, Zona de Embarque, Aventura Viajes, Aeromar, CMP Agencia de Viajes, Ace tours, Viamar Viajes, Universo turimso, Servi Travel, Panorama Viajes, Interviajes, Sensitur Viajes, Origen. OPERADORAS: Seven´s, Bespoke, Maral Turismo, Agyr, Terra Nova, Consorcio Travel.",https://www.itau.com.py/beneficios2/Detalle?b=16056&c=1564,https://www.itau.com.py/beneficios2/categoria/17
Últimos días,Itaú,Almacen De Pizzas,25 % Hasta; Tenés 20% de ahorro pagando con tarjeta de crédito Itaú + 5% con American Express,No especificado,2020-03-02 hasta 2026-08-23,tarjeta de crédito,Del 23 julio al 23 agosto de 2026. Pagando con tus tarjetas de crédito Itaú. Tenés 20% de ahorro pagando con tarjeta de crédito Itaú + 5% con American Express. Aplica a Pizzas Gorgonzola.,"Aplica para compras realizadas a través del pos de Bancard. No incluye tarjetas pre – pagas. Las tarjetas de crédito que acumulan puntos son Visa Infinite, Interventajas, American Express (Platinum, Gold y Green), Visa Platinum, Mastercard Black, afinidad Club Centenario y Touring. Las tarjetas de crédito con las afinidades LATAM y Aadvantage acumulan en sus respectivos programas. No acumulable con otras promociones.",https://www.itau.com.py/beneficios2/Detalle?b=11479&c=30022,https://www.itau.com.py/beneficios2/categoria/7
Últimos días,Itaú,Casa rica,20 %; 20% de ahorro.,No especificado,2025-11-20 hasta 2026-08-20,tarjeta de crédito,"El 20 de agosto de 2026. Pagando con tus tarjetas PREMIUM (VISA INFINITE, AMEX PLATINUM, VISA PLATINUM, INTERVENTAJAS PLATINUM, AADVANTAGE PLATINUM, VISA PLATINUM CENTENARIO, LATAM PLATINUM, MC BLACK) de Itaú. Tenes 20% de ahorro. Beneficio exclusivo para compras realizadas en www.casarica.com.py y APP móvil pagadas en el día de la promoción.","*Desuento para compras realizadas en www.casarica.com.py y App móvil Casa Rica pagadas online en el dia de la promo. Exclusiva para el consumo familiar. Limites de compras pordrian ser aplicados en productos puntuales. American Express es una marca registrada de American Express y es utilizada por el banco Itaú Paraguay S,A. bajo licencia adquirida. Descuento no acumulable con otras promociones.",https://www.itau.com.py/beneficios2/Detalle?b=16772&c=31563,https://www.itau.com.py/beneficios2/categoria/13
Últimos días,Itaú,TRINCHE,20 % 10 Cuotas sin intereses; Tenes 20% de ahorro y hasta 10 cuotas sin intereses.,No especificado,2026-05-08 hasta 2026-08-21,tarjeta de crédito,Hasta el 21 de Agosto 2026. Pagando con tus tarjetas de crédito Itaú. Tenes 20% de ahorro y hasta 10 cuotas sin intereses.,"Con tus tarjetas de crédito Itaú podés elegir pagar en hasta 10 cuotas sin intereses. La cantidad de cuotas la elegís al momento de la compra. Aplica para compras realizadas a través del pos de Bancard. No incluye tarjetas pre – pagas. Las tarjetas de crédito que acumulan puntos son Visa Infinite, Interventajas, American Express (Platinum, Gold y Green), Visa Platinum, Mastercard Black, afinidad Club Centenario y Touring. Las tarjetas de crédito con las afinidades LATAM y Aadvantage acumulan en sus respectivos programas. No acumulable con otras promociones",https://www.itau.com.py/beneficios2/Detalle?b=16991&c=31983,https://www.itau.com.py/beneficios2/categoria/50
Últimos días,Itaú,Tienda Móvil,15 Cuotas sin intereses; Hasta 15 cuotas sin intereses.,No especificado,2025-01-02 hasta 2026-08-20,tarjeta de crédito,Del 7 al 20 de agosto de 2026. Pagando con tus tarjetas de crédito Itaú. Tenes hasta 15 cuotas sin intereses.,"*Con tus tarjetas de crédito Itaú podés elegir pagar en hasta 15 cuotas sin intereses. La cantidad de cuotas la elegís al momento de la compra. Aplica para compras realizadas a través del pos de Bancard. No incluye tarjetas pre – pagas. Las tarjetas de crédito que acumulan puntos son Visa Infinite, Interventajas, American Express (Platinum, Gold y Green), Visa Platinum, Mastercard Black, afinidad Club Centenario y Touring. Las tarjetas de crédito con las afinidades LATAM y Aadvantage acumulan en sus respectivos programas. No acumulable con otras promociones.",https://www.itau.com.py/beneficios2/Detalle?b=15876&c=1576,https://www.itau.com.py/beneficios2/categoria/14
