id,bank,category,merchant_name,merchant_locations_or_group,benefit_summary,benefit_type,percentages,promotion_days,day_text,validity,caps_and_minimums,level_rules,source_url
02bae3cf228d830e,BNF,Estaciones de Servicio,Estaciones de Servicio,386 locales. Marcas/comercios: Puma; Copetrol; Compasa; Petrochaco; 3MG,20% reintegro,reintegro,20%,miércoles,Miércoles,Todos los Miércoles,Tope de compra mensual por cuenta de tarjeta de crédito (incluye titular y adicionales) Gs; tope asignado se computará estrictamente por marca en su totalidad y no por localidad; tope de reintegro máximo mensual por tarjeta de crédito será de Gs; Gs. 1.000.000; Gs. 200.000,,https://www.bnf.gov.py/uploads/Promocion_Reintegro_Estaciones_de_Servicio_2026_AGOSTO_2026_fd2e476e47.pdf
cc150d8996caad4a,BNF,Farmacias,Farmacias,419 locales. Marcas/comercios: ASISMED Drugstore; Farmacias Catedral; Farmacia Vicente Scavone; Farmacenter; Farma Koke; Farmacia Santa Victoria,10% reintegro,reintegro,10%,,No especificado en tarjeta,Todos los lunes,"Tope de compra mensual por tarjeta de crédito Gs; tope no se multiplicará por sucursal, sino que se unificará bajo el mismo sello comercial; tope de reintegro máximo mensual por tarjeta de crédito será de Gs; Gs. 1.000.000; Gs. 100.000",,https://www.bnf.gov.py/uploads/Promocion_Reintegro_Farmacias_2026_AGOSTO_2026_297be5ea2b.pdf
c0941e4a5daeb225,BNF,Frigoríficos,Frigoríficos,46 locales. Marcas/comercios: Pollos Don Juan; Cooperativa Chortitzer,30% reintegro,reintegro,30%,viernes,Viernes,Todos los viernes,Tope de compra mensual por cuenta de tarjeta de crédito (incluye titular y adicionales) Gs; Tope de reintegro máximo mensual por tarjeta de crédito Gs; Gs. 1.000.000; Gs. 300.000,,https://www.bnf.gov.py/uploads/Promocion_Reintegro_Frigorificos_2026_AGOSTO_33175dc92c.pdf
27b100a3985f856c,BNF,Mayoristas,Mayoristas,14 locales. Marcas/comercios: BOX Mayorista; Aho Aho Comercial; Supermás; Casa Grütter,30% reintegro,reintegro,30%,sábado,Sábados,Todos los sábados,Tope de compra mensual por cuenta de tarjeta de crédito (incluye titular y adicionales) Gs; Tope de reintegro máximo mensual por tarjeta de crédito Gs; Gs. 2.000.000; Gs. 1.000.000; Gs. 600.000,,https://www.bnf.gov.py/uploads/Promocion_Reintegro_Mayoristas_2026_AGOSTO_fb99dd53e5.pdf
a05b63930854650d,BNF,Supermercados,Supermercados,"116 locales. Comercios detectados: PLUB, Los Jardines Supermercado, Casa Paraná, Hipermercados Luisito, Superseis, Supersies, Superseis Express, Delimarket, Mercado Villa Sofía, Supermercado La Preferida, Cadena Real, Supermercados Gran Vía, Copemarket, Supermercado Cardoso, A Punto Tienda del Asadero, A Punto Market, Comercial Elena, Super Santa Rosa, Supermercado Gran Avenida, Supermercado S&M, Casa Yasy, Multi Carnes Supermercado, Comercial Armin",30% reintegro,reintegro,30%,jueves,Jueves,Todos los Jueves,Tope de compra mensual por cuenta de tarjeta de crédito (incluye titular y adicionales) Gs; Tope de reintegro máximo mensual por tarjeta de crédito Gs; Gs. 1.500.000; Gs. 1.000.000; Gs. 450.000,,https://www.bnf.gov.py/uploads/Promocion_Reintegro_Supermercados_2026_AGOSTO_2e7bd73fa2.pdf
dbd3e1316f161392,Continental,Agencias de Viaje y Compañías Aéreas,Agencias de Viaje y Compañías Aéreas,,Hasta 12 cuotas sin intereses,cuotas_sin_intereses,,lunes; martes; miércoles; jueves; viernes; sábado; domingo,Todos los días,Vigente hasta el 31 de diciembre de 2026,Límite de compra mensual de hasta Gs; Gs. 50.000.000,,https://www.bancontinental.com.py/api/comercios?_limit=-1
a2cfb5ad3fb7156d,Continental,Agencias de Viaje y Compañías Aéreas,Asatur Paraguay,,Hasta 18 cuotas sin intereses,cuotas_sin_intereses,,lunes; martes; miércoles; jueves; viernes; sábado; domingo,Todos los días,Vigente hasta el 31 de diciembre de 2026,Límite de compra mensual de hasta Gs; Gs. 50.000.000,,https://www.bancontinental.com.py/api/comercios?_limit=-1
4c456852f003fe2d,Continental,Agencias de Viaje y Compañías Aéreas,Consolid Travel,,Hasta 24 cuotas sin intereses,cuotas_sin_intereses,,lunes; martes; miércoles; jueves; viernes; sábado; domingo,Todos los días,Vigente hasta el 31 de diciembre del 2026,Límites de compras: - Cuotas sin intereses con límite de compra mensual de Gs; Gs. 50.000.000,,https://www.bancontinental.com.py/api/comercios?_limit=-1
ffd0af79c3fdea7a,Continental,Agencias de Viaje y Compañías Aéreas,Exel Turismo,,Hasta 24 cuotas sin intereses,cuotas_sin_intereses,,lunes; martes; miércoles; jueves; viernes; sábado; domingo,Todos los días,Vigente hasta el 01 de mayo de 2027,Límite de compra mensual de Gs; Gs. 50.000.000,,https://www.bancontinental.com.py/api/comercios?_limit=-1
54729daf4a4a53b6,Continental,Agencias de Viaje y Compañías Aéreas,Lleva Viajes,,Hasta 18 cuotas sin intereses,cuotas_sin_intereses,,lunes; martes; miércoles; jueves; viernes; sábado; domingo,Todos los días,Vigente hasta el 10 de abril del 2027,Límite de compra mensual de hasta Gs; Gs. 50.000.000,,https://www.bancontinental.com.py/api/comercios?_limit=-1
27c1171e0af98bca,Continental,Caza y Pesca,Asociación Paraguaya de Caza y Pesca,,Hasta 12 cuotas sin intereses,cuotas_sin_intereses,,lunes; martes; miércoles; jueves; viernes; sábado; domingo,Todos los días,Vigente hasta el 14 de agosto de 2027,Límite de compra mensual de hasta Gs; Gs. 50.000.000,,https://www.bancontinental.com.py/api/comercios?_limit=-1
ed683d928f6181f3,Continental,Clubes,Asunción Tenis Club,,50%; hasta 24 cuotas sin intereses; 50% de descuento,cuotas_sin_intereses,50%,lunes; martes; miércoles; jueves; viernes; sábado; domingo,Todos los días,Vigente hasta el 25 de diciembre del 2026,Límites de compras: - Cuotas sin intereses con límite de compra mensual de Gs; Gs. 50.000.000,,https://www.bancontinental.com.py/api/comercios?_limit=-1
1b1f37fd2036f192,Continental,Clubes,San Bernardino Country Club,,Hasta 12 cuotas sin intereses,cuotas_sin_intereses,,lunes; martes; miércoles; jueves; viernes; sábado; domingo,Todos los días,Vigente hasta el 16 de julio de 2027,Límite de compra mensual de hasta Gs; Gs. 50.000.000,,https://www.bancontinental.com.py/api/comercios?_limit=-1
dd1a30d6a2de8e8b,Continental,Construcción,Aceros Gallo,,Hasta 18 cuotas sin intereses,cuotas_sin_intereses,,lunes; martes; miércoles; jueves; viernes; sábado; domingo,Todos los días,Vigente hasta el 26 de marzo de 2027,Límite de compra mensual de hasta Gs; Gs. 50.000.000,,https://www.bancontinental.com.py/api/comercios?_limit=-1
649c1b73f604d48d,Continental,Construcción,Bautec,,Hasta 12 cuotas sin intereses,cuotas_sin_intereses,,lunes; martes; miércoles; jueves; viernes; sábado; domingo,Todos los días,Vigente desde el 27 de mayo de 2025 hasta el 26 de mayo de 2027,Límite de compra mensual de hasta Gs; Gs. 50.000.000,,https://www.bancontinental.com.py/api/comercios?_limit=-1
8188adbc6f4144a1,Continental,Construcción,Casa de las Piscinas,,hasta 12 cuotas sin intereses; 25% de reintegro; 20% de reintegro,cuotas_sin_intereses,25%; 20%,lunes; martes; miércoles; jueves; viernes; sábado; domingo,todos los días,Vigente hasta el 09 de abril de 2027,Límite de compra mensual de hasta Gs; Límite de compras mensual de Gs; Gs. 5.000.000; Gs. 50.000.000,,https://www.bancontinental.com.py/api/comercios?_limit=-1
59674a81086a1d5f,Continental,Construcción,Delia Elisa,,Hasta 12 cuotas sin intereses,cuotas_sin_intereses,,lunes; martes; miércoles; jueves; viernes; sábado; domingo,Todos los días,Vigente hasta el 06 de agosto de 2027,Límite de compra mensual de hasta Gs; Gs. 50.000.000,,https://www.bancontinental.com.py/api/comercios?_limit=-1
61e0a7576d1f617f,Continental,Construcción,Electro Paraná,,Hasta 12 cuotas sin intereses,cuotas_sin_intereses,,lunes; martes; miércoles; jueves; viernes; sábado; domingo,Todos los días,Vigente hasta el 11 de febrero de 2027,Límite de compra mensual de hasta Gs; Gs. 50.000.000,,https://www.bancontinental.com.py/api/comercios?_limit=-1
789d39600d1812df,Continental,Construcción,Emporio de la Construcción,,hasta 24 cuotas sin intereses; 30% de descuento,cuotas_sin_intereses,30%,lunes; martes; miércoles; jueves; viernes; sábado; domingo,Todos los días,Vigente hasta el 06 de noviembre de 2026,Límites de compras: - Cuotas sin intereses con límite de compra mensual de Gs; Gs. 50.000.000,,https://www.bancontinental.com.py/api/comercios?_limit=-1
48a7d0786d00c176,Continental,Construcción,Fermaco,,Hasta 12 cuotas sin intereses,cuotas_sin_intereses,,lunes; martes; miércoles; jueves; viernes; sábado; domingo,Todos los días,Vigente hasta el 13 de mayo de 2027,Límite de compra mensual de Gs; Gs. 50.000.000,,https://www.bancontinental.com.py/api/comercios?_limit=-1
df141313c4c1e9d5,Continental,Construcción,Galvamax,,Hasta 12 cuotas sin intereses,cuotas_sin_intereses,,lunes; martes; miércoles; jueves; viernes; sábado; domingo,Todos los días,Vigente hasta el 19 de marzo de 2027,Límite de compra mensual de hasta Gs; Gs. 50.000.000,,https://www.bancontinental.com.py/api/comercios?_limit=-1
861584cabbc81e46,Continental,Construcción,H. Petersen,,Hasta 36 cuotas sin intereses,cuotas_sin_intereses,,lunes; martes; miércoles; jueves; viernes; sábado; domingo,Todos los días,Vigente hasta el 11 de agosto de 2027,Límite de compra mensual de hasta Gs; Gs. 50.000.000,,https://www.bancontinental.com.py/api/comercios?_limit=-1
3ec8d8dd03a6d3b1,Continental,Construcción,Ipale,,20%; hasta 12 cuotas sin intereses; 20% de descuento,cuotas_sin_intereses,20%,lunes; martes; miércoles; jueves; viernes; sábado; domingo,Todos los días,Vigente hasta el 26 de septiembre de 2026,Límite de compra mensual de Gs; Gs. 50.000.000,,https://www.bancontinental.com.py/api/comercios?_limit=-1
0fb0e78c09322155,Continental,Construcción,Konstruir - Kdos Import,,Hasta 12 cuotas sin intereses,cuotas_sin_intereses,,lunes; martes; miércoles; jueves; viernes; sábado; domingo,Todos los días,Vigente hasta el 24 de marzo de 2027,Límite de compras mensual de hasta Gs; Gs. 50.000.000,,https://www.bancontinental.com.py/api/comercios?_limit=-1
c474c97a1e92dd35,Continental,Construcción,Mercoeste,,Hasta 12 cuotas sin intereses,cuotas_sin_intereses,,lunes; martes; miércoles; jueves; viernes; sábado; domingo,Todos los días,Vigente desde el 27 de mayo de 2025 hasta el 26 de mayo de 2027,Límite de compra mensual de hasta Gs; Gs. 50.000.000,,https://www.bancontinental.com.py/api/comercios?_limit=-1
9573f2b9fe6919d3,Continental,Construcción,Ogara Construcciones,,20%; 20% de reintegro,reintegro,20%,lunes; martes; miércoles; jueves; viernes; sábado; domingo,todos los días,Vigente hasta el 08 de abril de 2027,Límite de compra mensual de hasta Gs; Límite de compra mensual de Gs; Gs. 5.000.000; Gs. 50.000.000,,https://www.bancontinental.com.py/api/comercios?_limit=-1
ecf1e20134c20b0b,Continental,Construcción,PY Vidrios,,Hasta 12 cuotas sin intereses,cuotas_sin_intereses,,lunes; martes; miércoles; jueves; viernes; sábado; domingo,Todos los días,Vigente hasta el 24 de julio de 2027,Límite de compra mensual de hasta Gs; Gs. 50.000.000,,https://www.bancontinental.com.py/api/comercios?_limit=-1
1e95101dec13a9eb,Continental,Construcción,Pandolfo,,Hasta 12 cuotas sin intereses,cuotas_sin_intereses,,lunes; martes; miércoles; jueves; viernes; sábado; domingo,Todos los días,Vigente hasta el 03 de marzo de 2027,Límite de compras mensual de hasta Gs; Gs. 50.000.000,,https://www.bancontinental.com.py/api/comercios?_limit=-1
c7c03319271d61cf,Continental,Construcción,Petersen,,20%; Hasta 12 cuotas sin intereses; 20% de reintegro,cuotas_sin_intereses,20%,lunes; martes; miércoles; jueves; viernes; sábado; domingo,todos los días,Vigente hasta el 29 de enero de 2027,Límite de compra mensual de hasta Gs; Gs. 500.000; Gs. 50.000.000,,https://www.bancontinental.com.py/api/comercios?_limit=-1
597d4471164d6ac4,Continental,Construcción,Proyec S.A.E,,Hasta 12 cuotas sin intereses,cuotas_sin_intereses,,lunes; martes; miércoles; jueves; viernes; sábado; domingo,Todos los días,Vigente hasta el 13 de septiembre de 2026,Límite de compra mensual de hasta Gs; Gs. 50.000.000,,https://www.bancontinental.com.py/api/comercios?_limit=-1
904f2754f65b9180,Continental,Construcción,Rackpar,,Hasta 12 cuotas sin intereses,cuotas_sin_intereses,,lunes; martes; miércoles; jueves; viernes; sábado; domingo,Todos los días,Vigente hasta el 19 de marzo de 2027,Límite de compra mensual de hasta Gs; Gs. 50.000.000,,https://www.bancontinental.com.py/api/comercios?_limit=-1
5ae93b65232f4aba,Continental,Construcción,Shopping Glass - Butterfly,,Hasta 12 cuotas sin intereses,cuotas_sin_intereses,,lunes; martes; miércoles; jueves; viernes; sábado; domingo,Todos los días,Vigente hasta el 20 de agosto de 2026,Límites de compras: - Cuotas sin intereses con límite de compra mensual de Gs; Gs. 50.000.000,,https://www.bancontinental.com.py/api/comercios?_limit=-1
5ead6b283ab8df0a,Continental,Construcción,Universo Emprendimientos,,Hasta 12 cuotas sin intereses,cuotas_sin_intereses,,lunes; martes; miércoles; jueves; viernes; sábado; domingo,Todos los días,Vigente hasta el 03 de septiembre de 2026,Límites de compras: - Cuotas sin intereses con límite de compra mensual de Gs; Gs. 50.000.000,,https://www.bancontinental.com.py/api/comercios?_limit=-1
95a62440aa5e167b,Continental,Contimarket,Contimarket - 25%,,25%; 25% de reintegro,reintegro,25%,jueves,No especificado,No especificado,Límite de compra mensual de hasta Gs; Tope de reintegro de Gs; Gs. 1.000.000; Gs. 250.000.,,https://www.bancontinental.com.py/api/comercios?_limit=-1
f781ac3004b9b700,Continental,Contimarket,Contimarket.com,,Hasta 12 cuotas sin intereses,cuotas_sin_intereses,,lunes; martes; miércoles; jueves; viernes; sábado; domingo,Todos los días,Vigente hasta el 31 de diciembre de 2026,Límite de compra mensual de hasta Gs; Gs. 50.000.000,,https://www.bancontinental.com.py/api/comercios?_limit=-1
93d73a606679f157,Continental,Deportes,Avant Padel,,Hasta 12 cuotas sin intereses,cuotas_sin_intereses,,lunes; martes; miércoles; jueves; viernes; sábado; domingo,Todos los días,Vigente hasta el 14 de abril de 2027,Límite de compra mensual de hasta Gs; Gs. 50.000.000,,https://www.bancontinental.com.py/api/comercios?_limit=-1
678f79a075f7aff4,Continental,Deportes,Bigg,,20%; 20% de reintegro,reintegro,20%,,No especificado,Vigente hasta el 19 de noviembre de 2026,Límite de compra mensual de hasta Gs; Gs. 500.000,,https://www.bancontinental.com.py/api/comercios?_limit=-1
f36a0cd3110b1a5b,Continental,Deportes,Complejo Rotela,,20%; 20% de reintegro,reintegro,20%,viernes,los viernes,Vigente hasta el 26 de febrero del 2027,Límite de compra mensual de hasta Gs; Gs. 1.000.000,,https://www.bancontinental.com.py/api/comercios?_limit=-1
c98a9ddc5ebef2fc,Continental,Deportes,Cumana Yoga & Soul Gym,,Hasta 18 cuotas sin intereses,cuotas_sin_intereses,,lunes; martes; miércoles; jueves; viernes; sábado; domingo,Todos los días,Vigente hasta el 03 de octubre del 2026,Límites de compras: - Cuotas sin intereses con límite de compra mensual de Gs; Gs. 50.000.000,,https://www.bancontinental.com.py/api/comercios?_limit=-1
d76e10714ecf112d,Continental,Deportes,DT Básquet,,Hasta 12 cuotas sin intereses,cuotas_sin_intereses,,lunes; martes; miércoles; jueves; viernes; sábado; domingo,Todos los días,Vigente hasta el 19 de febrero de 2027,Límite de compra mensual de hasta Gs; Gs. 50.000.000,,https://www.bancontinental.com.py/api/comercios?_limit=-1
578212e500d95f89,Continental,Deportes,Javi Deportes,,20%; 20% de reintegro,reintegro,20%,jueves,los jueves,Vigente hasta el 18 de marzo de 2027,Límite de compra mensual de hasta Gs; Gs. 1.000.000,,https://www.bancontinental.com.py/api/comercios?_limit=-1
6de4a62d3833c69d,Continental,Deportes,Renova Padel,,20%; Hasta 12 cuotas sin intereses; 25% de reintegro; 20% de reintegro,cuotas_sin_intereses,20%; 25%,lunes; martes; miércoles; jueves; viernes; sábado; domingo,todos los días,Vigente hasta el 28 de mayo de 2027,Límite de compras de Gs; Límite de compra de hasta Gs; Gs. 2.000.000; Gs. 50.000.000,,https://www.bancontinental.com.py/api/comercios?_limit=-1
12dc43789e7ec6c3,Continental,Deportes,Tienda Padel,,20%; hasta 6 cuotas sin intereses; 20% de reintegro,cuotas_sin_intereses,20%,lunes; martes; miércoles; jueves; viernes; sábado; domingo,todos los días,Vigente hasta el 08 de abril de 2027,Límite de compra mensual de hasta Gs; Gs. 2.000.000; Gs. 50.000.000,,https://www.bancontinental.com.py/api/comercios?_limit=-1
f6748e7507bca66e,Continental,Educación,Centros educativos del país,,Hasta 12 cuotas sin intereses,cuotas_sin_intereses,,lunes; martes; miércoles; jueves; viernes; sábado; domingo,Todos los días,Vigente hasta el 06 de agosto de 2027,Límite de compra mensual de hasta Gs; Gs. 50.000.000,,https://www.bancontinental.com.py/api/comercios?_limit=-1
cf87e5bc4660e379,Continental,Educación,Infobanc S.A,,Hasta 12 cuotas sin intereses,cuotas_sin_intereses,,lunes; martes; miércoles; jueves; viernes; sábado; domingo,Todos los días,Vigente hasta el 04 de diciembre del 2026,Límites de compras: - Cuotas sin intereses con límite de compra mensual de Gs; Gs. 50.000.000,,https://www.bancontinental.com.py/api/comercios?_limit=-1
c64b8700b06eb392,Continental,Educación,One 2 One,,20%; Hasta 12 cuotas sin intereses; 20% de descuento; 15% de descuento,cuotas_sin_intereses,20%; 15%,lunes; martes; miércoles; jueves; viernes; sábado; domingo,Todos los días,Vigente hasta el 09 de abril de 2027,Límite de compra mensual de hasta Gs; Gs. 50.000.000,,https://www.bancontinental.com.py/api/comercios?_limit=-1
5b7bcbdf8ec3640f,Continental,Electrónica,AG - Multiventas,,Hasta 12 cuotas sin intereses,cuotas_sin_intereses,,lunes; martes; miércoles; jueves; viernes; sábado; domingo,Todos los días,Vigente hasta el 29 de agosto de 2026,Límite de compra mensual de hasta Gs; Gs. 50.000.000,,https://www.bancontinental.com.py/api/comercios?_limit=-1
3411cca051aac3a0,Continental,Electrónica,America Shop,,Hasta 24 cuotas sin intereses,cuotas_sin_intereses,,lunes; martes; miércoles; jueves; viernes; sábado; domingo,Todos los días,Vigente hasta el 11 de junio de 2027,Límite de compra mensual de hasta Gs; Gs. 50.000.000,,https://www.bancontinental.com.py/api/comercios?_limit=-1
6b4ca1264186c72f,Continental,Electrónica,Art Electric,,Hasta 12 cuotas sin intereses,cuotas_sin_intereses,,lunes; martes; miércoles; jueves; viernes; sábado; domingo,Todos los días,Vigente hasta el 02 de abril de 2027,Límite de compra mensual de Gs; Gs. 50.000.000,,https://www.bancontinental.com.py/api/comercios?_limit=-1
496b7481d2894476,Continental,Electrónica,Avanza,,Hasta 12 cuotas sin intereses,cuotas_sin_intereses,,lunes; martes; miércoles; jueves; viernes; sábado; domingo,Todos los días,"Vigente hasta el 09 de marzo de 2027 Aplica únicamente para compras o pagos presenciales, vía POS físico",Límite de compra mensual de hasta Gs; Gs. 50.000.000,,https://www.bancontinental.com.py/api/comercios?_limit=-1
140922ea257563d8,Continental,Electrónica,Cecotec,,Hasta 18 cuotas sin intereses,cuotas_sin_intereses,,lunes; martes; miércoles; jueves; viernes; sábado; domingo,Todos los días,Vigente hasta el 05 de mayo de 2027,Límite de compra mensual de Gs; Gs. 50.000.000,,https://www.bancontinental.com.py/api/comercios?_limit=-1
47fe168b5812291a,Continental,Electrónica,Celexx,,Hasta 12 cuotas sin intereses,cuotas_sin_intereses,,lunes; martes; miércoles; jueves; viernes; sábado; domingo,Todos los días,Vigente hasta el 24 de agosto de 2026,Límite de compra mensual de hasta Gs; Gs. 50.000.000,,https://www.bancontinental.com.py/api/comercios?_limit=-1
f0caf74a5aadb0b0,Continental,Electrónica,Centauri Smart House,,15%; 15% de reintegro,reintegro,15%,jueves,los jueves,Vigente hasta el 15 de octubre del 2026,Límites de compras: - Reintegros con límite de compra mensual de hasta Gs; Gs. 2.000.000,,https://www.bancontinental.com.py/api/comercios?_limit=-1
30fb585a33a32f1e,Continental,Electrónica,Choice,,Hasta 12 cuotas sin intereses,cuotas_sin_intereses,,lunes; martes; miércoles; jueves; viernes; sábado; domingo,Todos los días,Vigente hasta el 11 de julio de 2027,Límite de compra mensual de hasta Gs; Gs. 50.000.000,,https://www.bancontinental.com.py/api/comercios?_limit=-1
641c025f9eb7873f,Continental,Electrónica,Compu shop,,Hasta 12 cuotas sin intereses,cuotas_sin_intereses,,lunes; martes; miércoles; jueves; viernes; sábado; domingo,Todos los días,Vigente hasta el 17 de noviembre del 2026,Límites de compras: - Cuotas sin intereses con límite de compra mensual de Gs; Gs. 50.000.000,,https://www.bancontinental.com.py/api/comercios?_limit=-1
aae40f5c9a2a4f47,Continental,Electrónica,Creativa - Informática & Papelería,,Hasta 12 cuotas sin intereses,cuotas_sin_intereses,,lunes; martes; miércoles; jueves; viernes; sábado; domingo,Todos los días,Vigente hasta el 09 de diciembre de 2026,Límite de compra mensual de hasta Gs; Gs. 50.000.000,,https://www.bancontinental.com.py/api/comercios?_limit=-1
3729791356bbc7b2,Continental,Electrónica,Creditop,,Hasta 12 cuotas sin intereses,cuotas_sin_intereses,,lunes; martes; miércoles; jueves; viernes; sábado; domingo,Todos los días,Vigente hasta el 15 de junio de 2027,Límite de compra mensual de hasta Gs; Gs. 50.000.000,,https://www.bancontinental.com.py/api/comercios?_limit=-1
d9693c1e514d5c26,Continental,Electrónica,Dark Tech,,Hasta 12 cuotas sin intereses,cuotas_sin_intereses,,lunes; martes; miércoles; jueves; viernes; sábado; domingo,Todos los días,"Vigente hasta el 14 de octubre de 2026 (*) No participan las tarjetas Pre-Pagas, Gourmet Card ni Cabal",Límites de compras: - Cuotas sin intereses con límite de compra mensual de Gs; Gs. 50.000.000,,https://www.bancontinental.com.py/api/comercios?_limit=-1
75de31bddc14378e,Continental,Electrónica,Don Negro Comercial,,Hasta 12 cuotas sin intereses,cuotas_sin_intereses,,lunes; martes; miércoles; jueves; viernes; sábado; domingo,Todos los días,Vigente hasta el 30 de abril de 2027,Límite de compra mensual de Gs; Gs. 50.000.000,,https://www.bancontinental.com.py/api/comercios?_limit=-1
4ab36f4f04a033f0,Continental,Electrónica,Electrik Cell,,Hasta 12 cuotas sin intereses,cuotas_sin_intereses,,lunes; martes; miércoles; jueves; viernes; sábado; domingo,Todos los días,Vigente desde el 20 de agosto de 2026 hasta el 19 de agosto de 2027,Límite de compra mensual de hasta Gs; Gs. 50.000.000,,https://www.bancontinental.com.py/api/comercios?_limit=-1
109c3493f3d498ed,Continental,Electrónica,Electro 10,,Hasta 12 cuotas sin intereses,cuotas_sin_intereses,,lunes; martes; miércoles; jueves; viernes; sábado; domingo,Todos los días,Vigente hasta el 27 de febrero de 2027,Límite de compras mensual de hasta Gs; Gs. 50.000.000,,https://www.bancontinental.com.py/api/comercios?_limit=-1
b7e587636cffbf3a,Continental,Electrónica,Electromax,,Hasta 12 cuotas sin intereses,cuotas_sin_intereses,,lunes; martes; miércoles; jueves; viernes; sábado; domingo,Todos los días,Vigente hasta el 12 de septiembre de 2026,Límites de compras: - Cuotas sin intereses con límite de compra mensual de Gs; Gs. 50.000.000,,https://www.bancontinental.com.py/api/comercios?_limit=-1
7be734a4cb712c07,Continental,Electrónica,Ferbotec,,Hasta 12 cuotas sin intereses,cuotas_sin_intereses,,lunes; martes; miércoles; jueves; viernes; sábado; domingo,Todos los días,Vigente hasta el 22 de abril de 2027,Límite de compra mensual de Gs; Gs. 50.000.000,,https://www.bancontinental.com.py/api/comercios?_limit=-1
fca2dfb3faf6a44f,Continental,Electrónica,Mac Store,,Hasta 12 cuotas sin intereses,cuotas_sin_intereses,,lunes; martes; miércoles; jueves; viernes; sábado; domingo,Todos los días,Vigente hasta el 25 de mayo de 2027,Límite de compra mensual de hasta Gs; Gs. 50.000.000,,https://www.bancontinental.com.py/api/comercios?_limit=-1
221507fd784b91cb,Continental,Electrónica,Madrid Center,,Hasta 12 cuotas sin intereses,cuotas_sin_intereses,,lunes; martes; miércoles; jueves; viernes; sábado; domingo,Todos los días,Vigente hasta el 06 de noviembre del 2026,Límites de compras: - Cuotas sin intereses con límite de compra mensual de Gs; Gs. 50.000.000,,https://www.bancontinental.com.py/api/comercios?_limit=-1
f3d671bb8b497f44,Continental,Electrónica,Mega Electrónicos - Importadora Americas,,Hasta 24 cuotas sin intereses,cuotas_sin_intereses,,lunes; martes; miércoles; jueves; viernes; sábado; domingo,Todos los días,Vigente hasta el 25 de agosto del 2027,Límite de compra mensual de hasta Gs; Gs. 50.000.000,,https://www.bancontinental.com.py/api/comercios?_limit=-1
ac8e5c6a772f60e8,Continental,Electrónica,Microlider,,Hasta 12 cuotas sin intereses,cuotas_sin_intereses,,lunes; martes; miércoles; jueves; viernes; sábado; domingo,Todos los días,Vigente hasta el 28 de mayo de 2027,Límite de compra de hasta Gs; Gs. 50.000.000,,https://www.bancontinental.com.py/api/comercios?_limit=-1
6f17579bd2476690,Continental,Electrónica,Minishopp,,Hasta 12 cuotas sin intereses,cuotas_sin_intereses,,lunes; martes; miércoles; jueves; viernes; sábado; domingo,Todos los días,"Vigente hasta el 10 de abril del 2027 ---------- (*) No participan las tarjetas Pre Pagas, Gourmet Card ni Cabal",Límite de compra mensual de Gs; Gs. 50.000.000,,https://www.bancontinental.com.py/api/comercios?_limit=-1
5648fcafe049e2b9,Continental,Electrónica,Movil.com,,Hasta 12 cuotas sin intereses,cuotas_sin_intereses,,lunes; martes; miércoles; jueves; viernes; sábado; domingo,Todos los días,Vigente hasta el 07 de noviembre del 2026,Límites de compras: - Cuotas sin intereses con límite de compra mensual de Gs; Gs. 50.000.000,,https://www.bancontinental.com.py/api/comercios?_limit=-1
1043487933885e21,Continental,Electrónica,Mundo Informático,,10%; hasta 12 cuotas sin intereses; 10% de descuento,cuotas_sin_intereses,10%,lunes; martes; miércoles; jueves; viernes; sábado; domingo,todos los días,Vigente hasta el 21 de agosto de 2026,Límites de compras: - Cuotas sin intereses con límite de compra mensual de Gs; Gs. 50.000.000,,https://www.bancontinental.com.py/api/comercios?_limit=-1
1dceb0d27635f7ae,Continental,Electrónica,Naila Center (Hachen Hermanos),,Hasta 12 cuotas sin intereses,cuotas_sin_intereses,,lunes; martes; miércoles; jueves; viernes; sábado; domingo,Todos los días,Vigente hasta el 16 de marzo de 2027,Límite de compra mensual de hasta Gs; Gs. 50.000.000,,https://www.bancontinental.com.py/api/comercios?_limit=-1
1f5d0a6ffda70917,Continental,Electrónica,New Libano Electronics,,Hasta 12 cuotas sin intereses,cuotas_sin_intereses,,lunes; martes; miércoles; jueves; viernes; sábado; domingo,Todos los días,Vigente hasta el 10 de mayo de 2027,Límite de compra mensual de Gs; Gs. 50.000.000,,https://www.bancontinental.com.py/api/comercios?_limit=-1
596130213dd0abbf,Continental,Electrónica,Nissei,,Hasta 12 cuotas sin intereses,cuotas_sin_intereses,,lunes; martes; miércoles; jueves; viernes; sábado; domingo,Todos los días,Vigente hasta el 31 de diciembre del 2026,Límites de compras: - Cuotas sin intereses con límite de compra mensual de Gs; Gs. 50.000.000,,https://www.bancontinental.com.py/api/comercios?_limit=-1
0ffa37abd7be7d93,Continental,Electrónica,Parana Electronicos,,Hasta 18 cuotas sin intereses,cuotas_sin_intereses,,lunes; martes; miércoles; jueves; viernes; sábado; domingo,Todos los días,Vigente hasta el 10 de noviembre del 2026,Límites de compras: - Cuotas sin intereses con límite de compra mensual de Gs; Gs. 50.000.000,,https://www.bancontinental.com.py/api/comercios?_limit=-1
905a8849b145ae2a,Continental,Electrónica,Prime Shop,,Hasta 12 cuotas sin intereses,cuotas_sin_intereses,,lunes; martes; miércoles; jueves; viernes; sábado; domingo,Todos los días,Vigente hasta el 08 de julio de 2027,Límite de compra de hasta Gs; Gs. 50.000.000,,https://www.bancontinental.com.py/api/comercios?_limit=-1
b0b175f08655e125,Continental,Electrónica,Shopping City,,20%; 20% de reintegro,reintegro,20%,jueves,los jueves,Vigente hasta el 29 de abril del 2027,Límite de compras mensual de Gs; Gs. 2.000.000,,https://www.bancontinental.com.py/api/comercios?_limit=-1
d646ca28116eaefc,Continental,Electrónica,Tecnostore,,Hasta 12 cuotas sin intereses,cuotas_sin_intereses,,lunes; martes; miércoles; jueves; viernes; sábado; domingo,Todos los días,Vigente hasta el 24 de junio de 2027,Límite de compra mensual de hasta Gs; Gs. 50.000.000,,https://www.bancontinental.com.py/api/comercios?_limit=-1
46634d695b95a63e,Continental,Electrónica,Visuar,,Hasta 12 cuotas sin intereses,cuotas_sin_intereses,,lunes; martes; miércoles; jueves; viernes; sábado; domingo,Todos los días,Vigente hasta el 30 de julio de 2027,Límite de compra mensual de hasta Gs; Gs. 50.000.000,,https://www.bancontinental.com.py/api/comercios?_limit=-1
b895df99aed412ff,Continental,Electrónica,Zep Import,,Hasta 12 cuotas sin intereses,cuotas_sin_intereses,,lunes; martes; miércoles; jueves; viernes; sábado; domingo,Todos los días,Vigente hasta el 10 de septiembre del 2026,Límites de compras: - Cuotas sin intereses con límite de compra mensual de Gs; Gs. 50.000.000,,https://www.bancontinental.com.py/api/comercios?_limit=-1
9cb7d648da99c5e5,Continental,Estaciones de Servicios,Compasa,,20%; 20% de reintegro,reintegro,20%,viernes,los viernes,Vigente hasta el 11 de septiembre de 2026,Límite de compra semanal de hasta Gs; Gs. 500.000,,https://www.bancontinental.com.py/api/comercios?_limit=-1
39813547af091893,Continental,Estaciones de Servicios,Copetrol,,25%; 25% de reintegro; 20% de reintegro,reintegro,25%; 20%,viernes,Los viernes,Vigente hasta el 02 de octubre de 2026,Límite de compra semanal de hasta Gs; Gs. 500.000,,https://www.bancontinental.com.py/api/comercios?_limit=-1
b16921d914e3735b,Continental,Estaciones de Servicios,ECOP,,15%; 15% de reintegro,reintegro,15%,viernes,los viernes,Vigente hasta el 06 de diciembre del 2026,Límites de compras: - Reintegros con límite de compra semanal de Gs; Gs. 500.000,,https://www.bancontinental.com.py/api/comercios?_limit=-1
eb843f74c4a4ed54,Continental,Estaciones de Servicios,Enercon - Estaciones de Servicio,,20%; 20% de reintegro,reintegro,20%,viernes,los viernes,Vigente hasta el 19 de marzo de 2027,Límite de compra semanal de Gs; Gs. 500.000,,https://www.bancontinental.com.py/api/comercios?_limit=-1
cce9eaf28783c4c4,Continental,Estaciones de Servicios,Energy,,20%; 20% de reintegro; 25% de reintegro,reintegro,20%; 25%,viernes; domingo,los viernes,Vigente hasta el 12 de marzo de 2027,Límite de compra semanal de hasta Gs; Gs. 500.000,,https://www.bancontinental.com.py/api/comercios?_limit=-1
8b68003853e32596,Continental,Estaciones de Servicios,Grupo Laso - Estaciones de Servicio,,10%; 10% de reintegro,reintegro,10%,viernes,Los viernes,Vigente hasta el 06 de agosto de 2027,Límite de compra semanal de hasta Gs; Gs. 500.000,,https://www.bancontinental.com.py/api/comercios?_limit=-1
25faf5f395aee37b,Continental,Estaciones de Servicios,HN - Petróleos,,20%; 20% de reintegro,reintegro,20%,viernes,los viernes,Vigente hasta el 23 de abril de 2027,Límite de compra semanal de Gs; Gs. 500.000,,https://www.bancontinental.com.py/api/comercios?_limit=-1
1319b70743e83968,Continental,Estaciones de Servicios,Petrobras,,20%; 25% de reintegro; 20% de reintegro,reintegro,20%; 25%,viernes; domingo,Los viernes,Vigente hasta el 04 de septiembre de 2026,Límite de compra semanal de hasta Gs; Gs. 500.000,,https://www.bancontinental.com.py/api/comercios?_limit=-1
4a1da33239ac9796,Continental,Estaciones de Servicios,Petrobras - Privilege,,25% de reintegro,reintegro,25%,viernes; domingo,los viernes,Vigente hasta el 04 de septiembre de 2026,Límite de compra semanal de hasta Gs; Gs. 500.000,,https://www.bancontinental.com.py/api/comercios?_limit=-1
a18d27d8958a6e5d,Continental,Estaciones de Servicios,Petrochaco,,20%; 20% de reintegro,reintegro,20%,viernes,Los viernes,Vigente hasta el 20 de noviembre de 2026,Límite de compra semanal de hasta Gs; Gs. 500.000,,https://www.bancontinental.com.py/api/comercios?_limit=-1
03ed7773b8f2c38d,Continental,Estaciones de Servicios,Petromax,,20%; 20% de reintegro,reintegro,20%,viernes,los viernes,Vigente hasta 25 de septiembre del 2026,Límite de compra semanal de Gs; Gs. 500.000,,https://www.bancontinental.com.py/api/comercios?_limit=-1
9f33aa1fd51663cd,Continental,Estaciones de Servicios,Petropar - Curuguaty,,10%; 10% de reintegro,reintegro,10%,viernes,los viernes,Vigente hasta el 29 de enero de 2027,Límite de compra semanal de hasta Gs; Gs. 500.000,,https://www.bancontinental.com.py/api/comercios?_limit=-1
2230a1f433c6946f,Continental,Estaciones de Servicios,Petrosur,,20%; 20% de reintegro,reintegro,20%,viernes,Los viernes,Vigente hasta el 13 de noviembre de 2026,Límite de compra semanal de hasta Gs; Gs. 500.000,,https://www.bancontinental.com.py/api/comercios?_limit=-1
3714f91394a2a036,Continental,Estaciones de Servicios,Puma Energy,,15%; 15% de reintegro,reintegro,15%,viernes,los viernes,Vigente hasta el 30 de abril del 2027,Límite de compra semanal de hasta Gs; Gs. 500.000,,https://www.bancontinental.com.py/api/comercios?_limit=-1
86190e0684c15e6a,Continental,Estaciones de Servicios,Ultra Estaciones de Servicio,,10%; 10% de reintegro,reintegro,10%,viernes,Los viernes,Vigente hasta el 09 de abril de 2027,Límite de compra semanal de hasta Gs; Gs. 500.000,,https://www.bancontinental.com.py/api/comercios?_limit=-1
e480857a299403a0,Continental,Estudios Jurídicos,RM & Asociados S.A,,Hasta 12 cuotas sin intereses,cuotas_sin_intereses,,lunes; martes; miércoles; jueves; viernes; sábado; domingo,Todos los días,Vigente hasta el 15 de julio de 2027,Límite de compra mensual de hasta Gs; Gs. 50.000.000,,https://www.bancontinental.com.py/api/comercios?_limit=-1
8b4aa53aeea71af0,Continental,Eventos,Teko Park,,10%; Hasta 12 cuotas sin intereses,cuotas_sin_intereses,10%,lunes; martes; miércoles; jueves; viernes; sábado; domingo,todos los días,Vigente hasta el 24 de julio de 2027,Límite de compra mensual de hasta Gs; Gs. 50.000.000,,https://www.bancontinental.com.py/api/comercios?_limit=-1
b6684bdef53a5f46,Continental,Farmacias y Perfumerías,Aaron Farma,,20% de reintegro,reintegro,20%,martes,Los martes,Vigente hasta el 15 de septiembre del 2026,Límite de compra mensual de hasta Gs; Gs. 500.000,,https://www.bancontinental.com.py/api/comercios?_limit=-1
eb8d4d0c7f39fa64,Continental,Farmacias y Perfumerías,Biggie Farma,,30%; 10% de reintegro; 20% de reintegro; 20% de descuento,reintegro,30%; 10%; 20%,martes,los martes,Vigente hasta el 29 de septiembre del 2026,Límites de compras: - Reintegros con límite de compra semanal de hasta Gs; Gs. 500.000,,https://www.bancontinental.com.py/api/comercios?_limit=-1
3680acd5686f26b7,Continental,Farmacias y Perfumerías,Drugstore - Asismed,,10% de reintegro; 32% de descuento; 17% de descuento,reintegro,10%; 32%; 17%; 100%,martes,Los martes,Vigente hasta el 29 de junio de 2027,Límite de compra semanal de hasta Gs; Gs. 500.000,,https://www.bancontinental.com.py/api/comercios?_limit=-1
ffe70ac8df9ea760,Continental,Farmacias y Perfumerías,Farma Lorena,,20%; 20% de reintegro,reintegro,20%,martes,los martes,Vigente hasta el 12 de agosto de 2027,Límite de compra semanal de hasta Gs; Gs. 500.000,,https://www.bancontinental.com.py/api/comercios?_limit=-1
5a496d90d0a0df8f,Continental,Farmacias y Perfumerías,Farma San Juan,,Hasta 12 cuotas sin intereses,cuotas_sin_intereses,,lunes; martes; miércoles; jueves; viernes; sábado; domingo,Todos los días,"Vigente hasta el 13 de octubre del 2026 (*) No participan las tarjetas Pre-Pagas, Gourmet Card ni Cabal",Límites de compras: - Cuotas sin intereses con límite de compra mensual de Gs; Gs. 50.000.000,,https://www.bancontinental.com.py/api/comercios?_limit=-1
223ca085023c1add,Continental,Farmacias y Perfumerías,FarmaInternacional - Grupo Guide,,35%; Hasta 12 cuotas sin intereses; 10% de reintegro; 25% de descuento,cuotas_sin_intereses,35%; 10%; 25%,lunes; martes; miércoles; jueves; viernes; sábado; domingo,todos los días,Vigente hasta el 01 de junio de 2027,Límite de compra semanal de hasta Gs; Límite de compra mensual de hasta Gs; Gs. 500.000; Gs. 50.000.000,,https://www.bancontinental.com.py/api/comercios?_limit=-1
cba2fcd2da336291,Continental,Farmacias y Perfumerías,Farmacenter,,35%; Hasta 3 cuotas sin intereses; 15% de reintegro; 20% de descuento; 15% de descuento,cuotas_sin_intereses,35%; 15%; 20%,miércoles,los miércoles,Vigente hasta el 31 de diciembre de 2026,Límite de compra semanal de hasta Gs; Límite de compra mensual de hasta Gs; Gs. 600.000; Gs. 50.000.000,,https://www.bancontinental.com.py/api/comercios?_limit=-1
7773a24bc9ac448b,Continental,Farmacias y Perfumerías,Farmacia - Sanatorio Alemán,,20%; 20% de reintegro,reintegro,20%,martes,los Martes,Vigente hasta el 22 de septiembre del 2026,Límites de compras: - Reintegros con límite de compra mensual de hasta Gs; Gs. 500.000,,https://www.bancontinental.com.py/api/comercios?_limit=-1
74a77b721494b8db,Continental,Farmacias y Perfumerías,Farmacia Americana,,40%; hasta 6 cuotas sin intereses; 15% de reintegro; 40% de descuento,cuotas_sin_intereses,40%; 15%,lunes; martes; miércoles; jueves; viernes; sábado; domingo,todos los días,Vigente hasta el 26 de enero 2027,Limite de compra mensual de hasta Gs; límite de compra mensual de Gs; Gs. 500.000; Gs. 50.000.000,,https://www.bancontinental.com.py/api/comercios?_limit=-1
4d89fb48bdbb13bb,Continental,Farmacias y Perfumerías,Farmacia Ivan,,30%; 30% de reintegro,reintegro,30%,martes,Los martes,Vigente hasta el 03 de agosto de 2027,Límite de compra semanal de hasta Gs; Gs. 500.000,,https://www.bancontinental.com.py/api/comercios?_limit=-1
9a53e1ac0ec1a5b3,Continental,Farmacias y Perfumerías,Farmacia La Trinidad,,10%; 10% de reintegro,reintegro,10%,martes,los martes,Vigente hasta el 18 de agosto de 2026,Límite de compra semanal de hasta Gs; Gs. 500.000,,https://www.bancontinental.com.py/api/comercios?_limit=-1
b9f5921b978e3591,Continental,Farmacias y Perfumerías,Farmacia Ultrapharma,,15%; 15% de reintegro,reintegro,15%,martes,los martes,Vigente hasta el 23 de marzo de 2027,Límite de compra semanal de hasta Gs; Gs. 500.000,,https://www.bancontinental.com.py/api/comercios?_limit=-1
0a6b1ca680429cdb,Continental,Farmacias y Perfumerías,Farmacia Ypané,,30%; 30% de reintegro,reintegro,30%,martes,los martes,Vigente hasta el 15 de septiembre del 2026,Límites de compras: - Reintegros con límite de compra mensual de hasta Gs; Gs. 500.000,,https://www.bancontinental.com.py/api/comercios?_limit=-1
8cec91dc3acd2223,Continental,Farmacias y Perfumerías,Farmacia y Perfumería Liz,,20%; 20% de reintegro,reintegro,20%,martes,los martes,Vigente hasta el 24 de noviembre del 2026,Límites de compras: - Reintegros con límite de compra mensual de hasta Gs; Gs. 1.000.000,,https://www.bancontinental.com.py/api/comercios?_limit=-1
a3dce4f040b90150,Continental,Farmacias y Perfumerías,Farmacia Ñeembucú,,20%; hasta 12 cuotas sin intereses; 20% de descuento,cuotas_sin_intereses,20%,lunes; martes; miércoles; jueves; viernes; sábado; domingo,todos los días,Vigente hasta el 02 de marzo de 2027,límite de compra mensual de Gs; Gs. 50.000.000,,https://www.bancontinental.com.py/api/comercios?_limit=-1
1d8ce8247a16cd8d,Continental,Farmacias y Perfumerías,Farmacias Catedral,,30%; 10% de reintegro; 20% de descuento,reintegro,30%; 10%; 20%,martes,los martes,Vigente hasta el 29 de diciembre del 2026,Límites de compras: - Reintegros con límite de compra semanal de hasta Gs; Gs. 500.000,,https://www.bancontinental.com.py/api/comercios?_limit=-1
9f733e2309ea2923,Continental,Farmacias y Perfumerías,Farmacias Energy,,10%; 10% de reintegro; 25% de descuento,reintegro,10%; 25%,martes,los martes,Vigente hasta el 01 de diciembre de 2026,Límites de compras: - Reintegros con límite de compra semanal de hasta Gs; Gs. 500.000,,https://www.bancontinental.com.py/api/comercios?_limit=-1
0e5885edfcb763ae,Continental,Farmacias y Perfumerías,Farmacity,,20% de reintegro,reintegro,20%,martes,los martes,"Vigente hasta el 03 de noviembre de 2026 (*) No participan las tarjetas Pre-Pagas, Gourmet Card ni Cabal",Límites de compras: - Reintegros con límite de compra mensual de hasta Gs; Gs. 500.000,,https://www.bancontinental.com.py/api/comercios?_limit=-1
f3abb31cc4f0b937,Continental,Farmacias y Perfumerías,Farmacumbre,,20%; 20% de reintegro,reintegro,20%,martes,Los martes,Vigente hasta el 08 de junio del 2027,Límite de compra semanal de hasta Gs; Gs. 500.000,,https://www.bancontinental.com.py/api/comercios?_limit=-1
77a25a23c6fbb555,Continental,Farmacias y Perfumerías,Farmaelgue,,hasta 12 cuotas sin intereses; 25% de descuento,cuotas_sin_intereses,25%,lunes; martes; miércoles; jueves; viernes; sábado; domingo,todos los días,"Vigente hasta 27 de abril de 2027 (*) No participan las tarjetas Pre-Pagas, Gourmet Card ni Cabal",Límite de compras mensual de hasta Gs; Gs. 50.000.000,,https://www.bancontinental.com.py/api/comercios?_limit=-1
a8c28e84bdbedfe4,Continental,Farmacias y Perfumerías,Farmalab,,15%; 15% de reintegro,reintegro,15%,martes,los martes,"Vigente hasta 13 de abril de 2027 (*) No participan las tarjetas Pre-Pagas, Gourmet Card ni Cabal",Límite de compra semanal de Gs; Gs. 500.000,,https://www.bancontinental.com.py/api/comercios?_limit=-1
fcbd1e93be99a64c,Continental,Farmacias y Perfumerías,Farmalife,,20%; 20% de reintegro,reintegro,20%,martes,los martes,Vigente hasta el 06 de abril de 2027,Límite de compra semanal de hasta Gs; Gs. 500.000,,https://www.bancontinental.com.py/api/comercios?_limit=-1
e50194c1a2ecc5e5,Continental,Farmacias y Perfumerías,Farmaoliva,,40%; 15% de reintegro; 25% de descuento; 15% de descuento,cuotas_sin_intereses,40%; 15%; 25%,martes,los martes,Vigente hasta el 05 de enero del 2027,Límites de compras: - Límite de compras de hasta Gs; límite de compras mensual de Gs; Gs. 500.000; Gs. 50.000.000,,https://www.bancontinental.com.py/api/comercios?_limit=-1
6c4f92d53e7f3a34,Continental,Farmacias y Perfumerías,Farmatotal,,30%; 10% de reintegro; 20% de descuento,reintegro,30%; 10%; 20%,martes,los martes,Vigente hasta el 10 de noviembre del 2026,Límites de compras: - Reintegros con límite mensual de hasta Gs; Gs. 1.000.000,,https://www.bancontinental.com.py/api/comercios?_limit=-1
0df41c6aa8662059,Continental,Farmacias y Perfumerías,Farmavida,,20%; 20% de reintegro,reintegro,20%,martes,Los martes,Vigente hasta el 29 de diciembre del 2026,Límite de compra semanal de hasta Gs; Gs. 500.000,,https://www.bancontinental.com.py/api/comercios?_limit=-1
97196a4ce542dbd1,Continental,Farmacias y Perfumerías,Farmavip,,30%; 30% de reintegro,reintegro,30%,martes,los martes,Vigente hasta el 16 de febrero del 2027,Límite de compra semanal de hasta Gs; Gs. 500.000,,https://www.bancontinental.com.py/api/comercios?_limit=-1
c64c6ebc8a0ad3e2,Continental,Farmacias y Perfumerías,Maxi Farma,,20%; 20% de reintegro,reintegro,20%,martes,los martes,Vigente hasta el 01 de septiembre del 2026,Límites de compras: - Reintegros con límite de compra semanal de hasta Gs; Gs. 500.000,,https://www.bancontinental.com.py/api/comercios?_limit=-1
501f2bcf19799440,Continental,Farmacias y Perfumerías,New Arrow - Perfumería,,20%; hasta 12 cuotas sin intereses; 20% de reintegro,cuotas_sin_intereses,20%,lunes; martes; miércoles; jueves; viernes; sábado; domingo,todos los días,Vigente hasta el 18 de febrero de 2027,Límite de compra mensual de hasta Gs; límite de compra mensual de hasta Gs; Gs. 2.000.000; Gs. 50.000.000,,https://www.bancontinental.com.py/api/comercios?_limit=-1
d9f8703610ccb8f8,Continental,Farmacias y Perfumerías,Nutrilife,,30%; 10% de reintegro; 20% de descuento,reintegro,30%; 10%; 20%,martes,Los martes,Vigente hasta el 08 de junio del 2027,Límite de compra semanal de hasta Gs; Gs. 500.000,,https://www.bancontinental.com.py/api/comercios?_limit=-1
3cb2a6f4e38db166,Continental,Farmacias y Perfumerías,Total Farma,,20%; 20% de reintegro,reintegro,20%,martes,los Martes,Vigente hasta el 10 de noviembre del 2026,Límites de compras: - Reintegros con límite de compra semanal de hasta Gs; Gs. 500.000,,https://www.bancontinental.com.py/api/comercios?_limit=-1
113ac7153b0d40f3,Continental,Farmacias y Perfumerías,Vicente Scavone,,30%; hasta 6 cuotas sin intereses; 10 % de reintegro; 20% de descuento,cuotas_sin_intereses,30%; 10 %; 20%,lunes; martes; miércoles; jueves; viernes; sábado; domingo,todos los días,Vigente hasta el 06 de enero del 2027,Límites de compras: - Reintegros con límite semanal de hasta Gs; límite de compra mensual de Gs; Gs. 500.000; Gs. 50.000.000,,https://www.bancontinental.com.py/api/comercios?_limit=-1
4f9ce5cd46af97a9,Continental,Farmacias y Perfumerías,Vitalmed,,20%; 20% de reintegro,reintegro,20%,martes,Los martes,Vigente hasta el 06 de julio de 2027,Límite de compra mensual de hasta Gs; Gs. 500.000,,https://www.bancontinental.com.py/api/comercios?_limit=-1
b5eb70e6897abd01,Continental,Ferreterías,Bricomas,,20%; 20% de reintegro,reintegro,20%,jueves,los jueves,Vigente hasta el 29 de abril del 2027,Límite de compras mensual de Gs; Gs. 2.000.000,,https://www.bancontinental.com.py/api/comercios?_limit=-1
408ed0785ca4aa64,Continental,Ferreterías,Ferretería Aquino,,Hasta 12 cuotas sin intereses,cuotas_sin_intereses,,lunes; martes; miércoles; jueves; viernes; sábado; domingo,Todos los días,Vigente hasta el 10 de agosto de 2027,Límite de compra mensual de hasta Gs; Gs. 50.000.000,,https://www.bancontinental.com.py/api/comercios?_limit=-1
93db3e91f054e237,Continental,Ferreterías,Ferretería La Familia,,Hasta 12 cuotas sin intereses,cuotas_sin_intereses,,lunes; martes; miércoles; jueves; viernes; sábado; domingo,Todos los días,Vigente hasta el 10 de agosto de 2027,Límite de compra mensual de hasta Gs; Gs. 50.000.000,,https://www.bancontinental.com.py/api/comercios?_limit=-1
5ae3663ef11e7c0d,Continental,Ferreterías,Ferretería Mercantil,,15%; hasta 12 cuotas sin intereses; 15% de reintegro,cuotas_sin_intereses,15%,lunes; martes; miércoles; jueves; viernes; sábado; domingo,todos los días,Vigente hasta 17 de septiembre de 2026,Límites de compras: - Reintegros con límite de compra mensual de hasta Gs; límite de compra mensual de Gs; Gs. 500.000; Gs. 50.000.000,,https://www.bancontinental.com.py/api/comercios?_limit=-1
bd98bd12dbe9d1be,Continental,Ferreterías,Ferretería Oriental,,Hasta 12 cuotas sin intereses,cuotas_sin_intereses,,lunes; martes; miércoles; jueves; viernes; sábado; domingo,Todos los días,Vigente hasta el 17 de noviembre del 2026,Límites de compras: - Cuotas sin intereses con límite de compra mensual de Gs; Gs. 50.000.000,,https://www.bancontinental.com.py/api/comercios?_limit=-1
777cdbff89e32204,Continental,Ferreterías,Ferretería Tottal,,Hasta 12 cuotas sin intereses,cuotas_sin_intereses,,lunes; martes; miércoles; jueves; viernes; sábado; domingo,Todos los días,Vigente hasta el 27 de octubre del 2026,Límites de compras: - Cuotas sin intereses con límite de compra mensual de Gs; Gs. 50.000.000,,https://www.bancontinental.com.py/api/comercios?_limit=-1
4b41b43f5fd966b5,Continental,Ferreterías,Ferrex,,Hasta 12 cuotas sin intereses,cuotas_sin_intereses,,lunes; martes; miércoles; jueves; viernes; sábado; domingo,Todos los días,Vigente hasta el 06 de noviembre del 2026,Límites de compras: - Cuotas sin intereses con límite de compra mensual de Gs; Gs. 50.000.000,,https://www.bancontinental.com.py/api/comercios?_limit=-1
32f6fb096b1697bc,Continental,Ferreterías,Huguito Ferretería,,10%; 10% de reintegro,cuotas_sin_intereses,10%,jueves,los jueves,Vigente hasta el 22 de octubre del 2026,Límites de compras: - Reintegros con límite de compra mensual de hasta Gs; límite de compra mensual de Gs; Gs. 1.000.000; Gs. 50.000.000,,https://www.bancontinental.com.py/api/comercios?_limit=-1
08daa8e8d787a65b,Continental,Ferreterías,Lincoln,,20%; hasta 12 cuotas sin intereses; 20% de reintegro,cuotas_sin_intereses,20%,lunes; martes; miércoles; jueves; viernes; sábado; domingo,todos los días,Vigente hasta el 31 de diciembre del 2026,Límites de compras: - Reintegros con límite de compra mensual de hasta Gs; límite de compra mensual de Gs; Gs. 2.000.000; Gs. 50.000.000,,https://www.bancontinental.com.py/api/comercios?_limit=-1
9360c022c39b67b0,Continental,Ferreterías y Talleres del País,Fereterías y Talleres del País,,Hasta 18 cuotas sin intereses; Hasta 12 cuotas sin intereses,cuotas_sin_intereses,,lunes; martes; miércoles; jueves; viernes; sábado; domingo,Todos los días,Vigente hasta el 16 de agosto de 2027,Límite de compra mensual de hasta Gs; Gs. 50.000.000,,https://www.bancontinental.com.py/api/comercios?_limit=-1
f7af2a04b44c58d1,Continental,Gastronomía,836 Cocina Internacional,,35%; 35% de reintegro; 25% de reintegro; 20% de reintegro,reintegro,35%; 25%; 20%,sábado; domingo,Los sábados,Vigente hasta el 24 de octubre del 2026,Límite de compra mensual de hasta Gs; Gs. 2.000.000; Gs. 1.000.000; Gs. 500.000,,https://www.bancontinental.com.py/api/comercios?_limit=-1
eb602f9fd55bfa28,Continental,Gastronomía,Acuarela Churrasquería,,35%; 35% de reintegro; 25% de reintegro; 20% de reintegro,reintegro,35%; 25%; 20%,sábado; domingo,Los sábados,Vigente hasta el 24 de octubre de 2026,Límite de compra mensual de hasta Gs; Gs. 2.000.000; Gs. 1.000.000; Gs. 500.000,,https://www.bancontinental.com.py/api/comercios?_limit=-1
9c98a07b5b07bd58,Continental,Gastronomía,Agro Masa,,35%; 35% de reintegro; 25% de reintegro; 20% de reintegro,reintegro,35%; 25%; 20%,sábado; domingo,Los sábados,Vigente hasta el 24 de octubre del 2026,Límite de compra mensual de hasta Gs; Gs. 2.000.000; Gs. 1.000.000; Gs. 500.000,,https://www.bancontinental.com.py/api/comercios?_limit=-1
afe0fbc474f37d00,Continental,Gastronomía,Almarreina,,35%; 35% de reintegro; 25% de reintegro; 20% de reintegro,reintegro,35%; 25%; 20%,sábado; domingo,Los sábados,Vigente hasta el 24 de octubre de 2026,Límite de compra mensual de hasta Gs; Gs. 2.000.000; Gs. 1.000.000,,https://www.bancontinental.com.py/api/comercios?_limit=-1
01abaddb8e670785,Continental,Gastronomía,Amandau - Encarnación,,20%; 20% de reintegro,reintegro,20%,sábado; domingo,los sábados,Vigente hasta el 30 de agosto de 2026,Límites de compras: Límite de compra mensual de hasta Gs; Gs. 100.000,,https://www.bancontinental.com.py/api/comercios?_limit=-1
afaf020415098a19,Continental,Gastronomía,Amilcar,,20%; 35% de reintegro; 25% de reintegro; 20% de reintegro,reintegro,20%; 35%; 25%,sábado,Los sábados,Vigente hasta el 24 de octubre de 2026,Límite de compra mensual de hasta Gs; Gs. 2.000.000; Gs. 1.000.000; Gs. 500.000,,https://www.bancontinental.com.py/api/comercios?_limit=-1
ccf8ae37534458fb,Continental,Gastronomía,Bacon - Smash Burguer - Panceta - Pocket Pizza,,20%; 35% de reintegro; 25% de reintegro; 20% de reintegro,reintegro,20%; 35%; 25%,sábado; domingo,los sábados,Vigente hasta el 24 de octubre de 2026,Límite de compra mensual de hasta Gs; Gs. 2.000.000; Gs. 1.000.000; Gs. 500.000,,https://www.bancontinental.com.py/api/comercios?_limit=-1
20f1a740b6927a10,Continental,Gastronomía,Bernardino Hamburguesas,,35%; 35% de reintegro; 25% de reintegro; 20% de reintegro,reintegro,35%; 25%; 20%,sábado; domingo,Los sábados,Vigente hasta el 24 de octubre de 2026,Límite de compra mensual de hasta Gs; Gs. 2.000.000; Gs. 1.000.000; Gs. 500.000,,https://www.bancontinental.com.py/api/comercios?_limit=-1
3ae3f7d0ef1d47dd,Continental,Gastronomía,Billy Smash,,35%; 35% de reintegro; 25% de reintegro; 20% de reintegro,reintegro,35%; 25%; 20%,sábado; domingo,Los sábados,Vigente hasta el 24 de octubre del 2026,Límite de compra mensual de hasta Gs; Gs. 2.000.000; Gs. 1.000.000; Gs. 500.000,,https://www.bancontinental.com.py/api/comercios?_limit=-1
3007419675cf93b2,Continental,Gastronomía,Bodega Duff,,20%; 20% de reintegro,reintegro,20%,viernes,los viernes,Vigente hasta el 13 de noviembre del 2026,Límites de compras: - Reintegros con límite de compra semanal de hasta Gs; Gs. 300.000,,https://www.bancontinental.com.py/api/comercios?_limit=-1
d315ab83bd0950cf,Continental,Gastronomía,Brebaje Bar Parrilla,,20%; 20% de reintegro; 25% de reintegro; 35% de reintegro,reintegro,20%; 25%; 35%,sábado; domingo,los sábados,Vigente hasta el 12 de septiembre de 2026,Límites de compras: - Reintegros del 20% con límite de compra mensual de hasta Gs; límite de compra mensual de hasta Gs; Gs. 500.000; Gs. 1.000.000; Gs. 2.000.000,,https://www.bancontinental.com.py/api/comercios?_limit=-1
5251c2170d8a59ef,Continental,Gastronomía,Calle 75,,20%; 20% de reintegro; 25% de reintegro; 35% de reintegro,reintegro,20%; 25%; 35%,sábado; domingo,los sábados,Vigente hasta el 29 de agosto de 2026,Límites de compras: - Reintegros del 20% con límite de compra mensual de hasta Gs; límite de compra mensual de hasta Gs; Gs. 1.000.000; Gs. 2.000.000,,https://www.bancontinental.com.py/api/comercios?_limit=-1
cfee075ab22a3732,Continental,Gastronomía,Churrasquería García,,20%; 20% de reintegro; 25% de reintegro; 35% de reintegro,reintegro,20%; 25%; 35%,sábado; domingo,los sábados,Vigente hasta el 19 de diciembre de 2026,Límites de compras: - Reintegros del 20% con límite de compra mensual de hasta Gs; límite de compra mensual de hasta Gs; Gs. 1.000.000; Gs. 2.000.000,,https://www.bancontinental.com.py/api/comercios?_limit=-1
0090235b90d5e7c0,Continental,Gastronomía,Costa Colón,,35%; 35% de reintegro; 25% de reintegro; 20% de reintegro,reintegro,35%; 25%; 20%,sábado; domingo,Los sábados,Vigente hasta el 24 de octubre del 2026,Límite de compra mensual de hasta Gs; Gs. 2.000.000; Gs. 1.000.000; Gs. 500.000,,https://www.bancontinental.com.py/api/comercios?_limit=-1
fdb516b83e2cbf0d,Continental,Gastronomía,De Las Sierras - Restaurante,,20%; 35% de reintegro; 25% de reintegro; 20% de reintegro,reintegro,20%; 35%; 25%,sábado; domingo,Los sábados,Vigente hasta el 24 de octubre de 2026,Límite de compra mensual de hasta Gs; Gs. 2.000.000; Gs. 1.000.000; Gs. 500.000,,https://www.bancontinental.com.py/api/comercios?_limit=-1
6c95dc75c447878d,Continental,Gastronomía,Don Beling,,20%; 20% de reintegro,reintegro,20%,lunes; martes; miércoles; jueves; viernes; sábado; domingo,Todos los días,Vigente hasta el 25 de agosto de 2027,Límite de compra mensual de hasta Gs; Gs. 600.000,,https://www.bancontinental.com.py/api/comercios?_limit=-1
80dbcb86fe86d2df,Continental,Gastronomía,El Viejo Marino,,20%; 20% de reintegro; 25% de reintegro; 35% de reintegro,reintegro,20%; 25%; 35%,sábado; domingo,los sábados,Vigente hasta el 31 de octubre del 2026,Límites de compras: - Reintegros del 20% con límite de compra mensual de hasta Gs; límite de compra mensual de hasta Gs; Gs. 1.000.000; Gs. 2.000.000,,https://www.bancontinental.com.py/api/comercios?_limit=-1
9136582a0159f234,Continental,Gastronomía,Game Core,,35%; 35% de reintegro; 25% de reintegro; 20% de reintegro,reintegro,35%; 25%; 20%,sábado; domingo,Los sábados,Vigente hasta el 24 de octubre de 2026,Límite de compra mensual de hasta Gs; Gs. 2.000.000; Gs. 1.000.000; Gs. 500.000,,https://www.bancontinental.com.py/api/comercios?_limit=-1
c639048491078711,Continental,Gastronomía,KFC,,35%; 35% de reintegro; 25% de reintegro; 20% de reintegro,reintegro,35%; 25%; 20%,sábado; domingo,Los sábados,Vigente hasta el 24 de octubre del 2026,Límite de compra mensual de hasta Gs; Gs. 2.000.000; Gs. 1.000.000,,https://www.bancontinental.com.py/api/comercios?_limit=-1
590d2fcabf191012,Continental,Gastronomía,Kafea,,35%; 35% de reintegro; 25% de reintegro; 20% de reintegro,reintegro,35%; 25%; 20%,sábado; domingo,Los sábados,Vigente hasta el 24 de octubre del 2026,Límite de compra mensual de hasta Gs; Gs. 2.000.000; Gs. 1.000.000; Gs. 500.000,,https://www.bancontinental.com.py/api/comercios?_limit=-1
746101f65b1529bd,Continental,Gastronomía,Koggi,,20%; 35% de reintegro; 25% de reintegro; 20% de reintegro,reintegro,20%; 35%; 25%,sábado; domingo,los sábados,Vigente hasta el 24 de octubre de 2026,Límite de compra mensual de hasta Gs; Gs. 2.000.000; Gs. 1.000.000; Gs. 500.000,,https://www.bancontinental.com.py/api/comercios?_limit=-1
5568f23f43aa5f4d,Continental,Gastronomía,La Brasileña- Shopping Dubai,,20%; 20% de reintegro; 25% de reintegro; 35% de reintegro,reintegro,20%; 25%; 35%,sábado; domingo,los sábados,Vigente hasta el 12 de septiembre del 2026,Límites de compras: - Reintegros del 20% con límite de compra mensual de hasta Gs; límite de compra mensual de hasta Gs; Gs. 500.000; Gs. 1.000.000; Gs. 2.000.000,,https://www.bancontinental.com.py/api/comercios?_limit=-1
1829b2d22bc40be5,Continental,Gastronomía,La Candelaria - Restaurant,,20%; 35% de reintegro; 25% de reintegro; 20% de reintegro,reintegro,20%; 35%; 25%,sábado; domingo,Los sábados,Vigente hasta el 24 de octubre de 2026,Límite de compra mensual de hasta Gs; Gs. 2.000.000; Gs. 1.000.000; Gs. 500.000,,https://www.bancontinental.com.py/api/comercios?_limit=-1
62e4916f51c2524b,Continental,Gastronomía,La Negrita,,20%; 20% de reintegro; 25% de reintegro; 35% de reintegro,reintegro,20%; 25%; 35%,sábado; domingo,los sábados,Vigente hasta el 18 octubre del 2026,Límites de compras: - Reintegros del 20% con límite de compra mensual de hasta Gs; límite de compra mensual de hasta Gs; Gs. 500.000; Gs. 1.000.000; Gs. 2.000.000,,https://www.bancontinental.com.py/api/comercios?_limit=-1
c252baff8f8ddcb8,Continental,Gastronomía,La Nutry,,35%; 35% de reintegro; 25% de reintegro; 20% de reintegro,reintegro,35%; 25%; 20%,sábado; domingo,No especificado,"Vigente desde el 24 de enero de 2026 al 22 de enero de 2027: - 20% de reintegro en el extracto, pagando con las tarjetas de crédito Continental Dinelco, Clásica y Oro",Límite de compra mensual de hasta Gs; Gs. 2.000.000; Gs. 1.000.000,,https://www.bancontinental.com.py/api/comercios?_limit=-1
d916d688f268088d,Continental,Gastronomía,Malandras Grill,,35%; 35% de reintegro; 25% de reintegro; 20% de reintegro,reintegro,35%; 25%; 20%,sábado; domingo,Los sábados,Vigente hasta el 24 de octubre del 2026,Límite de compra mensual de hasta Gs; Gs. 2.000.000; Gs. 1.000.000; Gs. 500.000,,https://www.bancontinental.com.py/api/comercios?_limit=-1
7ba536e909d38b88,Continental,Gastronomía,Marimex Hotel y Restaurant,,20%; 20% de reintegro,reintegro,20%,lunes; martes; miércoles; jueves; viernes; sábado; domingo,Todos los días,Vigente hasta el 25 de agosto de 2026,Límite de compra mensual de hasta Gs; Gs. 600.000,,https://www.bancontinental.com.py/api/comercios?_limit=-1
d9d683033f98694c,Continental,Gastronomía,Mc Donald's,,20%; 20% de reintegro,reintegro,20%,viernes,los viernes,Vigente hasta 26 de diciembre del 2026,Límite de compra mensual de hasta Gs; Gs. 1.000.000,,https://www.bancontinental.com.py/api/comercios?_limit=-1
69003497ecda2eea,Continental,Gastronomía,Molas 1901,,20%; 35% de reintegro; 25% de reintegro; 20% de reintegro,reintegro,20%; 35%; 25%,sábado; domingo,Los sábados,Vigente hasta el 24 de octubre del 2026,Límite de compra mensual de hasta Gs; Gs. 2.000.000; Gs. 1.000.000; Gs. 500.000,,https://www.bancontinental.com.py/api/comercios?_limit=-1
b4ef7d75dfa249fe,Continental,Gastronomía,Nelore Estrellita,,35%; 35% de reintegro; 25% de reintegro; 20% de reintegro,reintegro,35%; 25%; 20%,sábado; domingo,Los sábados,Vigente hasta el 24 de octubre de 2026,Límite de compra mensual de hasta Gs; Gs. 2.000.000; Gs. 1.000.000; Gs. 500.000,,https://www.bancontinental.com.py/api/comercios?_limit=-1
51d31fead0bfc458,Continental,Gastronomía,Parador Campo 9,,35%; 35% de reintegro; 25% de reintegro; 20% de reintegro,reintegro,35%; 25%; 20%,sábado; domingo,No especificado,Vigente hasta el 24 de octubre de 2026,Límite de compra mensual de hasta Gs; Límite de compra mensual de Gs; Gs. 1.000.000; Gs. 2.000.000; Gs. 500.000,,https://www.bancontinental.com.py/api/comercios?_limit=-1
34764556a2947d60,Continental,Gastronomía,Paulista Grill Churrasquería,,20%; 20% de reintegro; 25% de reintegro; 35% de reintegro,reintegro,20%; 25%; 35%,sábado; domingo,los sábados,Vigente hasta el 27 de noviembre de 2026,Límites de compras: - Reintegros del 20% con límite de compra mensual de hasta Gs; límite de compra mensual de hasta Gs; Gs. 500.000; Gs. 1.00.000; Gs. 2.000.000,,https://www.bancontinental.com.py/api/comercios?_limit=-1
5a0d3583280d2c04,Continental,Gastronomía,Pederzani,,35%; 35% de reintegro; 25% de reintegro; 20% de reintegro,reintegro,35%; 25%; 20%,sábado; domingo,Los sábados,Vigente hasta el 24 de octubre del 2026,Límite de compra mensual de hasta Gs; Gs. 2.000.000; Gs. 1.000.000; Gs. 500.000,,https://www.bancontinental.com.py/api/comercios?_limit=-1
2dd99d84b53de190,Continental,Gastronomía,Pizza Hut,,35%; 35% de reintegro; 25% de reintegro; 20% de reintegro,reintegro,35%; 25%; 20%,sábado; domingo,Los sábados,Vigente hasta el 24 de octubre del 2026,Límite de compra mensual de hasta Gs; Gs. 2.000.000; Gs. 1.000.000,,https://www.bancontinental.com.py/api/comercios?_limit=-1
b203d75c06ac1133,Continental,Gastronomía,Plaza Tamarindo,,35%; 35% de reintegro; 25% de reintegro; 20% de reintegro,reintegro,35%; 25%; 20%,viernes; sábado; domingo,Los sábados,Vigente hasta el 24 de octubre de 2026,Límite de compra mensual de hasta Gs; Gs. 2.000.000; Gs. 1.000.000; Gs. 500.000,,https://www.bancontinental.com.py/api/comercios?_limit=-1
b72818d4b48ec923,Continental,Gastronomía,Real Costanera Restaurante - Encarnación,,35%; 35% de reintegro; 25% de reintegro; 20% de reintegro,reintegro,35%; 25%; 20%,sábado; domingo,Los sábados,Vigente hasta el 24 de octubre del 2026,Límite de compra mensual de hasta Gs; Gs. 2.000.000; Gs. 1.000.000; Gs. 500.000,,https://www.bancontinental.com.py/api/comercios?_limit=-1
80465446e5bb4d0b,Continental,Gastronomía,Real Restaurante - Luque,,35%; 35% de reintegro; 25% de reintegro; 20% de reintegro,reintegro,35%; 25%; 20%,sábado; domingo,Los sábados,Vigente hasta el 24 de octubre del 2026,Límite de compra mensual de hasta Gs; Gs. 2.000.000; Gs. 1.000.000; Gs. 500.000,,https://www.bancontinental.com.py/api/comercios?_limit=-1
40de7f85eea4ee9e,Continental,Gastronomía,Restaurante - Soho Savoy Hotel,,35%; 35% de reintegro; 25% de reintegro; 20% de reintegro,reintegro,35%; 25%; 20%,sábado; domingo,Los sábados,Vigente hasta el 24 de octubre del 2026,Límite de compra mensual de hasta Gs; Gs. 2.000.000; Gs. 1.000.000; Gs. 500.000,,https://www.bancontinental.com.py/api/comercios?_limit=-1
cfb6537ed76d79a8,Continental,Gastronomía,Restaurantes,,25% de reintegro; 35% de reintegro,reintegro,25%; 35%,sábado; domingo,los sábados,No especificado,Límites de compras: - Reintegros del 25% con límite de compra mensual de hasta Gs; límite de compra mensual de hasta Gs; Gs. 1.000.000; Gs. 2.000.000,,https://www.bancontinental.com.py/api/comercios?_limit=-1
4f33a6a96e1ffc51,Continental,Gastronomía,Sabores del Pacífico,,35%; 35% de reintegro; 25% de reintegro; 20% de reintegro,reintegro,35%; 25%; 20%,sábado,los sábados,Vigente hasta el 24 de octubre de 2026,Límite de compra mensual de hasta Gs; Gs. 2.000.000; Gs. 1.000.000; Gs. 500.000,,https://www.bancontinental.com.py/api/comercios?_limit=-1
7bd89b041ec46629,Continental,Gastronomía,Takuare'e Restó,,35%; 35% de reintegro; 25% de reintegro; 20% de reintegro,reintegro,35%; 25%; 20%,sábado; domingo,Los sábados,Vigente hasta el 24 de octubre del 2026,Límite de compra mensual de hasta Gs; Gs. 2.000.000; Gs. 1.000.000; Gs. 500.000,,https://www.bancontinental.com.py/api/comercios?_limit=-1
1987bff56fc6bd58,Continental,Gastronomía,Unaghi Sushi Bar,,35%; 35% de reintegro; 25% de reintegro; 20% de descuento,reintegro,35%; 25%; 20%,sábado; domingo,Los sábados,Vigente hasta el 24 de octubre de 2026,Límite de compra mensual de hasta Gs; Gs. 2.000.000; Gs. 1.000.000,,https://www.bancontinental.com.py/api/comercios?_limit=-1
5e8d6f33c2cb43f9,Continental,Gastronomía,Ña Virginia,,35%; 35% de reintegro; 25% de reintegro; 20% de reintegro,reintegro,35%; 25%; 20%,sábado; domingo,Los sábados,Vigente hasta el 24 de octubre de 2026,Límite de compra mensual de hasta Gs; Gs. 2.000.000; Gs. 1.000.000; Gs. 500.000,,https://www.bancontinental.com.py/api/comercios?_limit=-1
acc0fb84f566d4ac,Continental,Heladerías,Kekala,,20%; 20% de reintegro,reintegro,20%,sábado; domingo,Los sábados,Vigente hasta el 12 de junio de 2027,Límite de compra mensual de hasta Gs; Gs. 300.000,,https://www.bancontinental.com.py/api/comercios?_limit=-1
612938efa3877640,Continental,Hogar,ARC Electrodomésticos,,Hasta 12 cuotas sin intereses,cuotas_sin_intereses,,lunes; martes; miércoles; jueves; viernes; sábado; domingo,Todos los días,Vigente hasta el 10 de diciembre de 2026,Límite de compra mensual de hasta Gs; Gs. 50.000.000,,https://www.bancontinental.com.py/api/comercios?_limit=-1
7107bbfd93af0bbb,Continental,Hogar,Arte & Company,,Hasta 12 cuotas sin intereses,cuotas_sin_intereses,,lunes; martes; miércoles; jueves; viernes; sábado; domingo,Todos los días,Vigente hasta el 27 de noviembre del 2026,Límites de compras: - Cuotas sin intereses con límite de compra mensual de Gs; Gs. 50.000.000,,https://www.bancontinental.com.py/api/comercios?_limit=-1
baa4ff7557657b94,Continental,Hogar,Bazar Emanuel,,Hasta 12 cuotas sin intereses,cuotas_sin_intereses,,lunes; martes; miércoles; jueves; viernes; sábado; domingo,Todos los días,Vigente hasta el 19 de abril de 2027,Límite de compra mensual de hasta Gs; Gs. 50.000.000,,https://www.bancontinental.com.py/api/comercios?_limit=-1
028fdc7e871cf02b,Continental,Hogar,Bella Casa,,10%; hasta 12 cuotas sin intereses; 10% de reintegro,cuotas_sin_intereses,10%,lunes; martes; miércoles; jueves; viernes; sábado; domingo,todos los días,Vigente hasta el 20 de agosto de 2026,Límite de compra mensual de hasta Gs; límite de compra mensual de hasta Gs; Gs. 2.000.000; Gs. 50.000.000,,https://www.bancontinental.com.py/api/comercios?_limit=-1
20b4ae3628c63765,Continental,Hogar,Bristol,,Hasta 18 cuotas sin intereses,cuotas_sin_intereses,,lunes; martes; miércoles; jueves; viernes; sábado; domingo,Todos los días,"Vigente hasta el 28 de enero del 2027 (*) No participan las tarjetas Pre-Pagas, Gourmet Card ni Cabal",Límite de compra mensual de hasta Gs; Gs. 50.000.000,,https://www.bancontinental.com.py/api/comercios?_limit=-1
e10b10054a20476d,Continental,Hogar,Casa Mariela,,Hasta 12 cuotas sin intereses,cuotas_sin_intereses,,lunes; martes; miércoles; jueves; viernes; sábado; domingo,Todos los días,Vigente hasta el 09 de mayo de 2027,Límite de compra mensual de Gs; Gs. 50.000.000,,https://www.bancontinental.com.py/api/comercios?_limit=-1
6add3217e4774bf1,Continental,Hogar,Classic Home,,Hasta 12 cuotas sin intereses,cuotas_sin_intereses,,lunes; martes; miércoles; jueves; viernes; sábado; domingo,Todos los días,Vigente desde el 20 de agosto de 2026 hasta el 19 de agosto de 2027,Límite de compra mensual de hasta Gs; Gs. 50.000.000,,https://www.bancontinental.com.py/api/comercios?_limit=-1
cd55be625f5c0a60,Continental,Hogar,Comercial Cerrito,,Hasta 12 cuotas sin intereses,cuotas_sin_intereses,,lunes; martes; miércoles; jueves; viernes; sábado; domingo,Todos los días,Vigente hasta el 06 de noviembre de 2026,Límites de compras: - Cuotas sin intereses con límite de compra mensual de Gs; Gs. 50.000.000,,https://www.bancontinental.com.py/api/comercios?_limit=-1
bc07717dc7d4d71d,Continental,Hogar,Comercial Santo Domingo,,hasta 12 cuotas sin intereses; 25% de descuento,cuotas_sin_intereses,25%,lunes; martes; miércoles; jueves; viernes; sábado; domingo,todos los días,Vigente hasta el 10 de marzo de 2027,Límite de compra mensual de hasta Gs; Gs. 50.000.000,,https://www.bancontinental.com.py/api/comercios?_limit=-1
ed0598029bcce876,Continental,Hogar,DHome,,20%; Hasta 12 cuotas sin intereses; 20% de reintegro,cuotas_sin_intereses,20%,lunes; martes; miércoles; jueves; viernes; sábado; domingo,todos los días,Vigente hasta el 10 de junio de 2027,Límite de compra mensual de Gs; Gs. 2.000.000; Gs. 50.000.000,,https://www.bancontinental.com.py/api/comercios?_limit=-1
1ee362049706710e,Continental,Hogar,Deco Hogar - Los Hnos. S.A,,20%; hasta 12 cuotas sin intereses; 20% de reintegro,cuotas_sin_intereses,20%,lunes; martes; miércoles; jueves; viernes; sábado; domingo,todos los días,Vigente hasta el 15 de abril de 2027,Límite de compra mensual de hasta Gs; Gs. 10.000.000; Gs. 50.000.000,,https://www.bancontinental.com.py/api/comercios?_limit=-1
b465c47318e73033,Continental,Hogar,Electrocenter (Aquino e Hijos S.A),,Hasta 18 cuotas sin intereses,cuotas_sin_intereses,,lunes; martes; miércoles; jueves; viernes; sábado; domingo,Todos los días,Vigente hasta el 29 de octubre del 2026,Límite de compra mensual de hasta Gs; Gs. 50.000.000,,https://www.bancontinental.com.py/api/comercios?_limit=-1
c7de9e6ac640153e,Continental,Hogar,Electroluz,,20%; 20% de reintegro,reintegro,20%,jueves,Los jueves,Vigente hasta el 22 de julio de 2027,Límite de compra mensual de hasta Gs; Gs. 1.000.000,,https://www.bancontinental.com.py/api/comercios?_limit=-1
85ba1656225b0c7a,Continental,Hogar,Eurohome,,Hasta 12 cuotas sin intereses,cuotas_sin_intereses,,lunes; martes; miércoles; jueves; viernes; sábado; domingo,Todos los días,Vigente hasta el 22 de mayo de 2027,Límite de compra mensual de hasta Gs; Gs. 50.000.000,,https://www.bancontinental.com.py/api/comercios?_limit=-1
5f106dbc39f0efa4,Continental,Hogar,Fortezza,,Hasta 12 cuotas sin intereses,cuotas_sin_intereses,,lunes; martes; miércoles; jueves; viernes; sábado; domingo,Todos los días,Vigente hasta el 15 de junio de 2027,Límite de compra mensual de hasta Gs; Gs. 50.000.000,,https://www.bancontinental.com.py/api/comercios?_limit=-1
666ca334c54574a6,Continental,Hogar,Framafix,,10%,cuotas_sin_intereses,10%,lunes; martes; miércoles; jueves; viernes; sábado; domingo,Todos los días,Vigente hasta el 19 de diciembre del 2026,Límites de compras: - Cuotas sin intereses con límite de compra mensual de Gs; Gs. 50.000.000,,https://www.bancontinental.com.py/api/comercios?_limit=-1
276dc9a59a7642ac,Continental,Hogar,GA Iluminación & Casa (GAILUM PARAGUAY),,Hasta 18 cuotas sin intereses,cuotas_sin_intereses,,lunes; martes; miércoles; jueves; viernes; sábado; domingo,Todos los días,"Vigente hasta el 26 de septiembre del 2026 Las promociones aplican únicamente para compras o pagos presenciales, vía POS físico",Límite de compra mensual de hasta Gs; Gs. 50.000.000,,https://www.bancontinental.com.py/api/comercios?_limit=-1
f87ba2b46f9ed3af,Continental,Hogar,Glan Living,,Hasta 12 cuotas sin intereses,cuotas_sin_intereses,,lunes; martes; miércoles; jueves; viernes; sábado; domingo,Todos los días,Vigente hasta el 03 de julio de 2027,Límite de compra mensual de hasta Gs; Gs. 50.000.000,,https://www.bancontinental.com.py/api/comercios?_limit=-1
5af6e78dc5efab8d,Continental,Hogar,Grill West,,Hasta 12 cuotas sin intereses,cuotas_sin_intereses,,lunes; martes; miércoles; jueves; viernes; sábado; domingo,Todos los días,Vigente hasta el 24 de septiembre del 2026,Límite de compra mensual de hasta Gs; Gs. 50.000.000,,https://www.bancontinental.com.py/api/comercios?_limit=-1
23edada849b0a2de,Continental,Hogar,Grupo Sauce - electrodomésticos,,Hasta 12 cuotas sin intereses,cuotas_sin_intereses,,lunes; martes; miércoles; jueves; viernes; sábado; domingo,Todos los días,"Vigente hasta el 17 de septiembre de 2026 Las promociones aplican únicamente para compras o pagos presenciales, vía POS físico",Límite de compra mensual de hasta Gs; Gs. 50.000.000,,https://www.bancontinental.com.py/api/comercios?_limit=-1
193e69333fa16c81,Continental,Hogar,Hoc Cell,,10%; Hasta 12 cuotas sin intereses; 10% de descuento,cuotas_sin_intereses,10%,lunes; martes; miércoles; jueves; viernes; sábado; domingo,Todos los días,Vigente hasta el 11 de junio de 2027,Límite de compra mensual de hasta Gs; Gs. 50.000.000,,https://www.bancontinental.com.py/api/comercios?_limit=-1
f73902beca91770d,Continental,Hogar,Hogar Feliz,,Hasta 18 cuotas sin intereses,cuotas_sin_intereses,,lunes; martes; miércoles; jueves; viernes; sábado; domingo,Todos los días,Vigente hasta el 04 de noviembre de 2026,Límites de compras: - Cuotas sin intereses con límite de compra mensual de Gs; Gs. 50.000.000,,https://www.bancontinental.com.py/api/comercios?_limit=-1
18ac2c9f3de089fc,Continental,Hogar,Hydro Clean,,Hasta 12 cuotas sin intereses,cuotas_sin_intereses,,lunes; martes; miércoles; jueves; viernes; sábado; domingo,Todos los días,Vigente hasta el 22 de septiembre del 2026,Límite de compra mensual de hasta Gs; Gs. 50.000.000,,https://www.bancontinental.com.py/api/comercios?_limit=-1
ea44b0918408a1d7,Continental,Hogar,Impacto,,10%; hasta 18 cuotas sin intereses; 10% de reintegro; 5% de reintegro; 15% de descuento,cuotas_sin_intereses,10%; 5%; 15%,lunes; martes; miércoles; jueves; viernes; sábado; domingo,todos los días,Vigente desde el 21 de febrero al 21 de noviembre del 2026,Límite de compra mensual de hasta Gs; límite de compra mensual de hasta Gs; Gs. 20.000.000; Gs. 50.000.000,,https://www.bancontinental.com.py/api/comercios?_limit=-1
620e33b58f67833b,Continental,Hogar,Inoga - Inmapol,,Hasta 18 cuotas sin intereses; 25% de descuento,cuotas_sin_intereses,25%,lunes; martes; miércoles; jueves; viernes; sábado; domingo,Todos los días,Vigente hasta 31 de julio de 2027,Límite de compra mensual de hasta Gs; Gs. 50.000.000,,https://www.bancontinental.com.py/api/comercios?_limit=-1
bcbf41bd14dd01c6,Continental,Hogar,Inverfin,,Hasta 18 cuotas sin intereses,cuotas_sin_intereses,,lunes; martes; miércoles; jueves; viernes; sábado; domingo,Todos los días,Vigente hasta el 08 de agosto de 2027,Límite de compra mensual de hasta Gs; Gs. 50.000.000,,https://www.bancontinental.com.py/api/comercios?_limit=-1
dd823e542cf4830d,Continental,Hogar,Luminotecnia,,hasta 12 cuotas sin intereses; 20% de reintegro; 25% de reintegro,cuotas_sin_intereses,20%; 25%,lunes; martes; miércoles; jueves; viernes; sábado; domingo,todos los días,Vigente hasta el 15 de octubre del 2026,Límites de compras: - Reintegros con límite de compra mensual de hasta Gs; Gs. 2.000.000,,https://www.bancontinental.com.py/api/comercios?_limit=-1
52f76221d328e3ce,Continental,Hogar,Meyer Gini,,Hasta 12 cuotas sin intereses,cuotas_sin_intereses,,lunes; martes; miércoles; jueves; viernes; sábado; domingo,Todos los días,Vigente hasta el 05 de noviembre de 2026,Límite de compra mensual de hasta Gs; Gs. 50.000.000,,https://www.bancontinental.com.py/api/comercios?_limit=-1
69d64b1781188e82,Continental,Hogar,Muebles Schmitz,,Hasta 18 cuotas sin intereses,cuotas_sin_intereses,,lunes; martes; miércoles; jueves; viernes; sábado; domingo,Todos los días,Vigente hasta el 08 de diciembre de 2026,Límite de compra mensual de hasta Gs; Gs. 50.000.000,,https://www.bancontinental.com.py/api/comercios?_limit=-1
aabb73bf9b910d7d,Continental,Hogar,NGO,,Hasta 24 cuotas sin intereses,cuotas_sin_intereses,,lunes; martes; miércoles; jueves; viernes; sábado; domingo,Todos los días,Vigente hasta el 10 de agosto de 2027,Límite de compra mensual de hasta Gs; Gs. 50.000.000,,https://www.bancontinental.com.py/api/comercios?_limit=-1
c3f3ab0d50f4f7bd,Continental,Hogar,Novedades Cristian,,Hasta 12 cuotas sin intereses,cuotas_sin_intereses,,lunes; martes; miércoles; jueves; viernes; sábado; domingo,Todos los días,Vigente hasta el 22 de agosto de 2026,Límite de compra mensual de hasta Gs; Gs. 50.000.000,,https://www.bancontinental.com.py/api/comercios?_limit=-1
3f088160fceb9da0,Continental,Hogar,Nuñez Electrodomésticos,,Hasta 12 cuotas sin intereses; 30% de descuento,cuotas_sin_intereses,30%,lunes; martes; miércoles; jueves; viernes; sábado; domingo,Todos los días,Vigente hasta el 30 de enero de 2027,Límite de compras mensual de hasta Gs; Gs. 50.000.000.,,https://www.bancontinental.com.py/api/comercios?_limit=-1
1c2c1fb8a1e1424f,Continental,Hogar,Olier,,Hasta 12 cuotas sin intereses,cuotas_sin_intereses,,lunes; martes; miércoles; jueves; viernes; sábado; domingo,Todos los días,Vigente hasta el 22 de enero de 2027,Límite de compra mensual de hasta Gs; Gs. 50.000.000,,https://www.bancontinental.com.py/api/comercios?_limit=-1
3ad0d3c3e3269477,Continental,Hogar,Pablito y Mirian Distribuidora,,Hasta 12 cuotas sin intereses,cuotas_sin_intereses,,lunes; martes; miércoles; jueves; viernes; sábado; domingo,Todos los días,Vigente hasta el 01 de octubre del 2026,Límite de compra mensual de hasta Gs; Gs. 50.000.000,,https://www.bancontinental.com.py/api/comercios?_limit=-1
dbb3a9ce165d1004,Continental,Hogar,Plastienvase,,20%; 20% de reintegro,reintegro,20%,jueves,los jueves,"Vigente hasta el 04 de marzo del 2027 (*) No participan las tarjetas Pre-Pagas, Gourmet Card ni Cabal",Límite de compras mensual de hasta Gs; Gs. 1.000.000,,https://www.bancontinental.com.py/api/comercios?_limit=-1
77cb90f3fe37b160,Continental,Hogar,Premium Colchones (Ortega Vigilancia),,30%; Hasta 12 cuotas sin intereses; 30% de descuento,cuotas_sin_intereses,30%,lunes; martes; miércoles; jueves; viernes; sábado; domingo,Todos los días,Vigente hasta el 26 de julio de 2027,Límite de compra mensual de hasta Gs; Gs. 50.000.000,,https://www.bancontinental.com.py/api/comercios?_limit=-1
bad7c74503b93879,Continental,Hogar,Produtel,,Hasta 12 cuotas sin intereses,cuotas_sin_intereses,,lunes; martes; miércoles; jueves; viernes; sábado; domingo,Todos los días,Vigente hasta el 09 de julio de 2027,Límite de compra mensual de hasta Gs; Gs. 50.000.000,,https://www.bancontinental.com.py/api/comercios?_limit=-1
61b7b3229591dc73,Continental,Hogar,Progresar Electrodomésticos,,20%; hasta 12 cuotas sin intereses; 20% de reintegro,cuotas_sin_intereses,20%,jueves,los jueves,"Vigente hasta el 25 de febrero del 2027 (*) No participan las tarjetas Pre-Pagas, Gourmet Card ni Cabal",Límite de compra mensual de hasta Gs; Gs. 5.000.000; Gs. 50.000.000,,https://www.bancontinental.com.py/api/comercios?_limit=-1
5d46895882cd8316,Continental,Hogar,Refrinar,,Hasta 12 cuotas sin intereses,cuotas_sin_intereses,,lunes; martes; miércoles; jueves; viernes; sábado; domingo,Todos los días,Vigente hasta el 26 de noviembre del 2026,Límites de compras: - Cuotas sin intereses con límite de compra mensual de Gs; Gs. 50.000.000,,https://www.bancontinental.com.py/api/comercios?_limit=-1
cb394969bce93aae,Continental,Hogar,Rovus Tapizado,,Hasta 12 cuotas sin intereses,cuotas_sin_intereses,,lunes; martes; miércoles; jueves; viernes; sábado; domingo,Todos los días,Vigente hasta el 13 de noviembre del 2026,Límites de compras: - Cuotas sin intereses con límite de compra mensual de Gs; Gs. 50.000.000,,https://www.bancontinental.com.py/api/comercios?_limit=-1
b417dff3068a5f4d,Continental,Hogar,San Rafael Hogar,,20%; hasta 18 cuotas sin intereses; 20% de descuento,cuotas_sin_intereses,20%,lunes; martes; miércoles; jueves; viernes; sábado; domingo,Todos los días,Vigente hasta el 13 de febrero del 2027,Límite de compra mensual de hasta Gs; Gs. 50.000.000,,https://www.bancontinental.com.py/api/comercios?_limit=-1
5d71acdda81bdb6e,Continental,Hogar,Show S.A.,,Hasta 12 cuotas sin intereses,cuotas_sin_intereses,,lunes; martes; miércoles; jueves; viernes; sábado; domingo,Todos los días,Vigente hasta el 03 de marzo de 2027,Límite de compra mensual de hasta Gs; Gs. 50.000.000,,https://www.bancontinental.com.py/api/comercios?_limit=-1
c61ad13e009b8bfc,Continental,Hogar,Sleep Center,,Hasta 12 cuotas sin intereses,cuotas_sin_intereses,,lunes; martes; miércoles; jueves; viernes; sábado; domingo,Todos los días,Vigente hasta el 10 de septiembre de 2026,Límite de compra mensual de hasta Gs; Gs. 50.000.000,,https://www.bancontinental.com.py/api/comercios?_limit=-1
70b7fdd4ebf09e4f,Continental,Hogar,Spinelli S.A,,Hasta 12 cuotas sin intereses,cuotas_sin_intereses,,lunes; martes; miércoles; jueves; viernes; sábado; domingo,Todos los días,Vigente hasta el 23 de agosto del 2026,Límite de compra mensual de hasta Gs; Gs. 50.000.000,,https://www.bancontinental.com.py/api/comercios?_limit=-1
7592e4b9fda3de0d,Continental,Hogar,Spinelli S.R.L,,Hasta 24 cuotas sin intereses,cuotas_sin_intereses,,lunes; martes; miércoles; jueves; viernes; sábado; domingo,Todos los días,Vigente hasta el 14 de enero del 2027,Límite de compras mensual de Gs; Gs. 50.000.000,,https://www.bancontinental.com.py/api/comercios?_limit=-1
082040e2d37f9888,Continental,Hogar,Sueñolar,,Hasta 18 cuotas sin intereses,cuotas_sin_intereses,,lunes; martes; miércoles; jueves; viernes; sábado; domingo,Todos los días,Vigente hasta el 31 de diciembre del 2026,Límite de compra mensual de hasta Gs; Gs. 50.000.000,,https://www.bancontinental.com.py/api/comercios?_limit=-1
66663e113fea54e2,Continental,Hogar,Tu Hogar,,Hasta 12 cuotas sin intereses,cuotas_sin_intereses,,lunes; martes; miércoles; jueves; viernes; sábado; domingo,Todos los días,Vigente hasta el 25 de junio de 2027,Límite de compra mensual de hasta Gs; Gs. 50.000.000,,https://www.bancontinental.com.py/api/comercios?_limit=-1
fab26a324cd3bae5,Continental,Hogar,Unamo,,Hasta 12 cuotas sin intereses,cuotas_sin_intereses,,lunes; martes; miércoles; jueves; viernes; sábado; domingo,Todos los días,Vigente hasta el 08 de diciembre de 2026,Límite de compra mensual de hasta Gs; Gs. 50.000.000,,https://www.bancontinental.com.py/api/comercios?_limit=-1
9d18785e82542131,Continental,Hogar,Vera e Hijos,,Hasta 12 cuotas sin intereses,cuotas_sin_intereses,,lunes; martes; miércoles; jueves; viernes; sábado; domingo,Todos los días,Vigente hasta el 24 de mayo de 2027,Límite de compra mensual de hasta Gs; Gs. 50.000.000,,https://www.bancontinental.com.py/api/comercios?_limit=-1
32877c835f9cb889,Continental,Hogar,Villa Morra Garden House,,Hasta 12 cuotas sin intereses,cuotas_sin_intereses,,lunes; martes; miércoles; jueves; viernes; sábado; domingo,Todos los días,Vigente hasta el 22 de enero de 2027,Límite de compra mensual de hasta Gs; Gs. 50.000.000,,https://www.bancontinental.com.py/api/comercios?_limit=-1
92d7c4c7147c3ed0,Continental,Hogar,ZR Distribuidora,,20%; hasta 12 cuotas sin intereses; 20% de reintegro,cuotas_sin_intereses,20%,lunes; martes; miércoles; jueves; viernes; sábado; domingo,todos los días,Vigente hasta el 11 de febrero de 2027,Límite de compra mensual de hasta Gs; límite de compra mensual de Gs; Gs. 4.000.000; Gs. 50.000.000,,https://www.bancontinental.com.py/api/comercios?_limit=-1
d39cb77be129abda,Continental,Hogar,Ánima - Anima,,Hasta 18 cuotas sin intereses,cuotas_sin_intereses,,lunes; martes; miércoles; jueves; viernes; sábado; domingo,Todos los días,Vigente hasta el 21 de septiembre del 2026,Límite de compra mensual de hasta Gs; Gs. 50.000.000,,https://www.bancontinental.com.py/api/comercios?_limit=-1
10e504f2c07f0c9d,Continental,Hogar,Ñe'ẽ Porã Tecnologia y confort,,20% de reintegro,cuotas_sin_intereses,20%,lunes; martes; miércoles; jueves; viernes; sábado; domingo,Todos los días,Vigente hasta el 17 de octubre del 2026,Límites de compras: - Reintegros con límite de compra mensual de hasta Gs; límite de compra mensual de Gs; Gs. 5.000.000; Gs. 50.000.000,,https://www.bancontinental.com.py/api/comercios?_limit=-1
2654e15ba4d3966e,Continental,Hoteles,Hotel Casa Blanca,,Hasta 12 cuotas sin intereses,cuotas_sin_intereses,,lunes; martes; miércoles; jueves; viernes; sábado; domingo,Todos los días,Vigente hasta el 29 de octubre de 2026,Límites de compras: - Cuotas sin intereses con límite de compra mensual de Gs; Gs. 50.000.000,,https://www.bancontinental.com.py/api/comercios?_limit=-1
2509a4b001f093bd,Continental,Hoteles,Hotel Ibis,,15%; hasta 6 cuotas sin intereses; 15% de reintegro,cuotas_sin_intereses,15%,lunes; martes; miércoles; jueves; viernes; sábado; domingo,todos los días,Vigente hasta el 11 de marzo de 2027,Límite de compras mensual de hasta Gs; Gs. 2.000.000; Gs. 50.000.000,,https://www.bancontinental.com.py/api/comercios?_limit=-1
1ec815ec358df2bc,Continental,Hoteles,Hotel Los Olivos,,Hasta 12 cuotas sin intereses,cuotas_sin_intereses,,lunes; martes; miércoles; jueves; viernes; sábado; domingo,Todos los días,"Vigente hasta el 02 de abril de 2027 (*) No participan las tarjetas Pre-Pagas, Gourmet Card ni Cabal",Límite de compra mensual de hasta Gs; Gs. 50.000.000,,https://www.bancontinental.com.py/api/comercios?_limit=-1
7d898fe22a404801,Continental,Hoteles,Hotel Luxsur,,Hasta 12 cuotas sin intereses,cuotas_sin_intereses,,lunes; martes; miércoles; jueves; viernes; sábado; domingo,Todos los días,Vigente hasta el 25 de septiembre del 2026,Límites de compras: - Cuotas sin intereses con límite de compra mensual de Gs; Gs. 50.000.000,,https://www.bancontinental.com.py/api/comercios?_limit=-1
ecbdcb7cf235a791,Continental,Hoteles,Hotel Savoy,,Hasta 12 cuotas sin intereses,cuotas_sin_intereses,,lunes; martes; miércoles; jueves; viernes; sábado; domingo,Todos los días,Vigente hasta el 29 de septiembre de 2026,Límite de compra mensual de hasta Gs; Gs. 50.000.000,,https://www.bancontinental.com.py/api/comercios?_limit=-1
f068f5bf872265a1,Continental,Hoteles,Hotel Tower's,,Hasta 12 cuotas sin intereses,cuotas_sin_intereses,,lunes; martes; miércoles; jueves; viernes; sábado; domingo,Todos los días,Vigente hasta el 12 de junio de 2027,Límite de compra mensual de hasta Gs; Gs. 50.000.000,,https://www.bancontinental.com.py/api/comercios?_limit=-1
893e280ece069c8e,Continental,Hoteles,Hotel de Colleville,,Hasta 12 cuotas sin intereses,cuotas_sin_intereses,,lunes; martes; miércoles; jueves; viernes; sábado; domingo,Todos los días,"Vigente hasta el 27 de marzo de 2027 (*) No participan las tarjetas Pre-Pagas, Gourmet Card ni Cabal",Límite de compras mensual de hasta Gs; Gs. 50.000.000,,https://www.bancontinental.com.py/api/comercios?_limit=-1
c226b763defc2ac9,Continental,Hoteles,La Candelaria - Hotel,,Hasta 12 cuotas sin intereses,cuotas_sin_intereses,,lunes; martes; miércoles; jueves; viernes; sábado; domingo,Todos los días,Vigente hasta el 06 de junio de 2027,Límite de compra mensual de hasta Gs; Gs. 50.000.000,,https://www.bancontinental.com.py/api/comercios?_limit=-1
8dcb1481a6b391d3,Continental,Hoteles,Las Hortensias - Hotel,,35%; 35% de reintegro; 30% de reintegro,reintegro,35%; 30%,lunes; martes; miércoles; jueves; viernes; sábado; domingo,Todos los días,No especificado,Límites de compras: - Reintegros con límite de compra mensual de hasta Gs; Gs. 1.000.000,,https://www.bancontinental.com.py/api/comercios?_limit=-1
d1f40943987b04a3,Continental,Hoteles,Restaurante - Don Papalo,,20%; hasta 12 cuotas sin intereses; 20% de reintegro,cuotas_sin_intereses,20%,lunes; martes; miércoles; jueves; viernes; sábado; domingo,todos los días,Vigente hasta el 06 de diciembre de 2026,Límite de compra mensual de hasta Gs; Gs. 5.000.000; Gs. 50.000.000,,https://www.bancontinental.com.py/api/comercios?_limit=-1
b5f14bdcdf7f1fff,Continental,Indumentaria,Camping 44,,25%; Hasta 12 cuotas sin intereses; 25% de reintegro; 20% de reintegro,cuotas_sin_intereses,25%; 20%,lunes; martes; miércoles; jueves; viernes; sábado; domingo,todos los días,Vigente hasta el 08 de julio de 2027,Límite de compra mensual de hasta Gs; Gs. 3.000.000; Gs. 50.000.000,,https://www.bancontinental.com.py/api/comercios?_limit=-1
790bab08cad62bb7,Continental,Indumentaria,Estilo Sport Shop,,20%; Hasta 12 cuotas sin intereses; 20% de reintegro,cuotas_sin_intereses,20%,lunes; martes; miércoles; jueves; viernes; sábado; domingo,todos los días,Vigente hasta el 27 de mayo de 2027,Límite de compra mensual de Gs; Gs. 1.000.000; Gs. 50.000.000,,https://www.bancontinental.com.py/api/comercios?_limit=-1
c4fa76931a452734,Continental,Indumentaria,Las Palmeras Race y Pelotón Ciclismo,,Hasta 24 cuotas sin intereses,cuotas_sin_intereses,,lunes; martes; miércoles; jueves; viernes; sábado; domingo,Todos los días,Vigente hasta el 01 de julio de 2027,Límite de compra mensual de hasta Gs; Gs. 50.000.000,,https://www.bancontinental.com.py/api/comercios?_limit=-1
e880b9dafb84d59f,Continental,Industrial,Tecnomaq PY,,Hasta 12 cuotas sin intereses,cuotas_sin_intereses,,lunes; martes; miércoles; jueves; viernes; sábado; domingo,Todos los días,Vigente hasta el 12 de octubre de 2027,Límite de compra mensual de hasta Gs; Gs. 50.000.000,,https://www.bancontinental.com.py/api/comercios?_limit=-1
5d33cd2cf5c8ce7d,Continental,Inmobiliarias,Itacuá Bienes Raíces,,hasta 24 cuotas sin intereses; 10% de descuento,cuotas_sin_intereses,10%,lunes; martes; miércoles; jueves; viernes; sábado; domingo,Todos los días,Vigente hasta el 15 de marzo de 2027,Límite de compra mensual de hasta Gs; Gs. 50.000.000,,https://www.bancontinental.com.py/api/comercios?_limit=-1
7aca0a333672af68,Continental,Inmobiliarias,Rectora SAE,,Hasta 18 cuotas sin intereses,cuotas_sin_intereses,,lunes; martes; miércoles; jueves; viernes; sábado; domingo,Todos los días,Vigente hasta el 14 de agosto de 2027,Límite de compra mensual de hasta Gs; Gs. 50.000.000,,https://www.bancontinental.com.py/api/comercios?_limit=-1
21e309de0fe38845,Continental,Joyerías,Franz Di Cor,,Hasta 12 cuotas sin intereses,cuotas_sin_intereses,,lunes; martes; miércoles; jueves; viernes; sábado; domingo,Todos los días,Vigente desde el 08 de agosto de 2026 al 07 de agosto de 2027,Límite de compra mensual de hasta Gs; Gs. 50.000.000,,https://www.bancontinental.com.py/api/comercios?_limit=-1
c5a499dd58ba807f,Continental,Joyerías,PDPAOLA,,Hasta 12 cuotas sin intereses,cuotas_sin_intereses,,lunes; martes; miércoles; jueves; viernes; sábado; domingo,Todos los días,Vigente hasta el 14 de agosto de 2027,Límite de compra mensual de hasta Gs; Gs. 50.000.000,,https://www.bancontinental.com.py/api/comercios?_limit=-1
551fd1fc79f0eaa3,Continental,Joyerías,Pandora,,Hasta 12 cuotas sin intereses,cuotas_sin_intereses,,lunes; martes; miércoles; jueves; viernes; sábado; domingo,Todos los días,Vigente hasta el 14 de agosto de 2027,Límite de compra mensual de hasta Gs; Gs. 50.000.000,,https://www.bancontinental.com.py/api/comercios?_limit=-1
52785709e45fa1d0,Continental,Joyerías,Relojeria Diamante,,Hasta 12 cuotas sin intereses,cuotas_sin_intereses,,lunes; martes; miércoles; jueves; viernes; sábado; domingo,Todos los días,Vigente hasta el 03 de agosto de 2027,Límite de compra mensual de hasta Gs; Gs. 50.000.000,,https://www.bancontinental.com.py/api/comercios?_limit=-1
eaf926bf27c4b0e1,Continental,Joyerías,Swarovski,,Hasta 12 cuotas sin intereses,cuotas_sin_intereses,,lunes; martes; miércoles; jueves; viernes; sábado; domingo,Todos los días,Vigente hasta el 14 de agosto de 2027,Límite de compra mensual de hasta Gs; Gs. 50.000.000,,https://www.bancontinental.com.py/api/comercios?_limit=-1
31a3cc41a3f1b2df,Continental,Jugueterías,Beluga,,25% de reintegro; 20% de reintegro,reintegro,25%; 20%,jueves,los jueves,Vigente hasta el 21 de enero de 2027,Límite de compra mensual de hasta Gs; Gs. 1.500.000,,https://www.bancontinental.com.py/api/comercios?_limit=-1
fb46bab646332408,Continental,Jugueterías,Espacio PLP,,Hasta 18 cuotas sin intereses,cuotas_sin_intereses,,lunes; martes; miércoles; jueves; viernes; sábado; domingo,Todos los días,Vigente hasta el 29 de octubre de 2026,Límite de compra mensual de hasta Gs; Gs. 50.000.000,,https://www.bancontinental.com.py/api/comercios?_limit=-1
4bda24fcc592aafb,Continental,Jugueterías,Juguetería Me Encanta,,15%; Hasta 12 cuotas sin intereses; 15% de descuento,cuotas_sin_intereses,15%,lunes; martes; miércoles; jueves; viernes; sábado; domingo,Todos los días,Vigente hasta el 22 de julio de 2027,Límite de compra mensual de hasta Gs; Gs. 50.000.000,,https://www.bancontinental.com.py/api/comercios?_limit=-1
6d145b520cc11b83,Continental,Jugueterías,Lili Kids,,Hasta 12 cuotas sin intereses,cuotas_sin_intereses,,lunes; martes; miércoles; jueves; viernes; sábado; domingo,Todos los días,Vigente hasta el 2 de febrero del 2027,Límite de compra mensual de hasta Gs; Gs. 50.000.000,,https://www.bancontinental.com.py/api/comercios?_limit=-1
7d009b3103e29cf8,Continental,Jugueterías,Teko Baby Shop & Juguetería,,20%; 20% de reintegro,reintegro,20%,jueves,Los jueves,Vigente hasta el 05 de febrero de 2027,Límite de compra mensual de hasta Gs; Gs. 2.000.000,,https://www.bancontinental.com.py/api/comercios?_limit=-1
aa6903f98fb1118e,Continental,Librerías,Arandu Paper,,20%; 20% de reintegro,reintegro,20%,jueves,los jueves,Vigente hasta el 29 de abril del 2027,Límite de compras mensual de Gs; Gs. 500.000,,https://www.bancontinental.com.py/api/comercios?_limit=-1
f365a7cec2fbd5e9,Continental,Librerías,El Lector,,Hasta 12 cuotas sin intereses,cuotas_sin_intereses,,lunes; martes; miércoles; jueves; viernes; sábado; domingo,Todos los días,Vigente hasta el 06 de noviembre del 2026,Límite de compras mensual de hasta Gs; Gs. 50.000.000,,https://www.bancontinental.com.py/api/comercios?_limit=-1
dc7ba136144ba09b,Continental,Librerías,Librería Creativa,,20%; 20% de reintegro,reintegro,20%,jueves,los jueves,Vigente hasta el 25 de febrero de 2027,Límite de compras mensual de hasta Gs; Gs. 1.000.000,,https://www.bancontinental.com.py/api/comercios?_limit=-1
3db3813a2dff0b80,Continental,Librerías,Librería Emanuel,,20%; 20% de reintegro,reintegro,20%,jueves,los jueves,Vigente hasta el 22 de abril del 2027,Límite de compras mensual de Gs; Gs. 500.000,,https://www.bancontinental.com.py/api/comercios?_limit=-1
b7b575d9dbb845a8,Continental,Librerías,Resma - Papelería e Insumos,,20%; hasta 12 cuotas sin intereses; 20% de reintegro,cuotas_sin_intereses,20%,lunes; martes; miércoles; jueves; viernes; sábado; domingo,todos los días,Vigente hasta el 27 de agosto de 2026,Límite de compra mensual de hasta Gs; Límite de compra mensual de Gs; Gs. 500.000; Gs. 50.000.000,,https://www.bancontinental.com.py/api/comercios?_limit=-1
6d13e453a985508c,Continental,Mueblerías,Anjos Colchones,,20%; hasta 12 cuotas sin intereses; 20% de descuento,cuotas_sin_intereses,20%,lunes; martes; miércoles; jueves; viernes; sábado; domingo,todos los días,Vigente hasta el 28 de febrero de 2027,Límite de compra mensual de Gs; Gs. 50.000.000,,https://www.bancontinental.com.py/api/comercios?_limit=-1
5d3f843e71d91963,Continental,Mueblerías,Baza Rattan,,Hasta 12 cuotas sin intereses,cuotas_sin_intereses,,lunes; martes; miércoles; jueves; viernes; sábado; domingo,Todos los días,Vigente hasta el 16 de julio de 2027,Límite de compra mensual de hasta Gs; Gs. 50.000.000,,https://www.bancontinental.com.py/api/comercios?_limit=-1
63f17d5cc751c909,Continental,Mueblerías,CDP Muebles,,20%; hasta 12 cuotas sin intereses; 20% de reintegro,cuotas_sin_intereses,20%,lunes; martes; miércoles; jueves; viernes; sábado; domingo,todos los días,Vigente hasta el 13 de agosto de 2026,Límites de compras: - Reintegros con límite de compra mensual de hasta Gs; límite de compra mensual de Gs; Gs. 2.000.000; Gs. 50.000.000,,https://www.bancontinental.com.py/api/comercios?_limit=-1
a42d3bfbc1856368,Continental,Mueblerías,Innovando,,Hasta 12 cuotas sin intereses,cuotas_sin_intereses,,lunes; martes; miércoles; jueves; viernes; sábado; domingo,Todos los días,Vigente hasta el 30 de abril de 2027,Límite de compra mensual de hasta Gs; Gs. 50.000.000,,https://www.bancontinental.com.py/api/comercios?_limit=-1
ca71240f3681a330,Continental,Mueblerías,Malou Mueblería,,Hasta 12 cuotas sin intereses,cuotas_sin_intereses,,lunes; martes; miércoles; jueves; viernes; sábado; domingo,Todos los días,Vigente desde el 27 de mayo de 2025 hasta el 26 de mayo de 2027,Límite de compra mensual de hasta Gs; Gs. 50.000.000,,https://www.bancontinental.com.py/api/comercios?_limit=-1
a62f05c153222d39,Continental,Mueblerías,Mansion Design,,20%; Hasta 18 cuotas sin intereses; 20% de reintegro,cuotas_sin_intereses,20%,lunes; martes; miércoles; jueves; viernes; sábado; domingo,todos los días,Vigente hasta el 27 de mayo de 2027,Límite de compra mensual de Gs; Gs. 5.000.000; Gs. 50.000.000,,https://www.bancontinental.com.py/api/comercios?_limit=-1
969c73356d39e63f,Continental,Mueblerías,Mecal Muebles,,35%; Hasta 24 cuotas sin intereses; 35% de descuento,cuotas_sin_intereses,35%,lunes; martes; miércoles; jueves; viernes; sábado; domingo,Todos los días,Vigente hasta el 16 de junio de 2027,Límite de compra mensual de hasta Gs; Gs. 50.000.000,,https://www.bancontinental.com.py/api/comercios?_limit=-1
a164ecb8bd917ddf,Continental,Mueblerías,Mueblería Paraíso,,Hasta 12 cuotas sin intereses,cuotas_sin_intereses,,lunes; martes; miércoles; jueves; viernes; sábado; domingo,Todos los días,Vigente desde el 27 de mayo de 2025 hasta el 26 de mayo de 2027,Límite de compra mensual de hasta Gs; Gs. 50.000.000,,https://www.bancontinental.com.py/api/comercios?_limit=-1
68610411c398d3fc,Continental,Mueblerías,Superspuma,,Hasta 12 cuotas sin intereses,cuotas_sin_intereses,,lunes; martes; miércoles; jueves; viernes; sábado; domingo,Todos los días,Vigente hasta el 31 de diciembre del 2026,Límites de compras: - Cuotas sin intereses con límite de compra mensual de Gs; Gs. 50.000.000,,https://www.bancontinental.com.py/api/comercios?_limit=-1
82e737114d276925,Continental,Mueblerías,Vintage and Wood,,Hasta 12 cuotas sin intereses,cuotas_sin_intereses,,lunes; martes; miércoles; jueves; viernes; sábado; domingo,Todos los días,Vigente hasta el 07 de octubre del 2026,Límites de compras: - Cuotas sin intereses con límite de compra mensual de Gs; Gs. 50.000.000,,https://www.bancontinental.com.py/api/comercios?_limit=-1
d953af66815647b4,Continental,Municipalidades,Municipalidades,,Hasta 12 cuotas sin intereses,cuotas_sin_intereses,,lunes; martes; miércoles; jueves; viernes; sábado; domingo,Todos los días,Vigente hasta el 13 de junio de 2027,Limite de compra mensual de hasta Gs; Gs. 50.000.000,,https://www.bancontinental.com.py/api/comercios?_limit=-1
27047f20441f5e51,Continental,Peluquerías y Spas,1811 Salon,,35%; Hasta 6 cuotas sin intereses; 35% de reintegro; 25% de reintegro,cuotas_sin_intereses,35%; 25%,lunes; martes; miércoles; jueves; viernes; sábado; domingo,todos los días,Vigente hasta el 16 de enero de 2027,Límite de compra mensual de hasta Gs; Gs. 2.000.000; Gs. 1.000.000; Gs. 50.000.000,,https://www.bancontinental.com.py/api/comercios?_limit=-1
848f4b42b74363f5,Continental,Peluquerías y Spas,AS Alta Performance,,10%; hasta 12 cuotas sin intereses; 10% de descuento,cuotas_sin_intereses,10%,lunes; martes; miércoles; jueves; viernes; sábado; domingo,Todos los días,Vigente hasta el 28 de noviembre de 2026,Límite de compras: - Cuotas sin intereses con límite de compra mensual de Gs; Gs. 50.000.000,,https://www.bancontinental.com.py/api/comercios?_limit=-1
1fad50a3d2ec7cc5,Continental,Peluquerías y Spas,Bomo,,35%; 35% de reintegro; 25% de reintegro; 20% de reintegro,reintegro,35%; 25%; 20%,sábado,Los sábados,Vigente hasta el 16 de enero de 2027,Límite de compra mensual de hasta Gs; Gs. 2.000.000; Gs. 1.000.000,,https://www.bancontinental.com.py/api/comercios?_limit=-1
c81d49c93f1bd2d6,Continental,Peluquerías y Spas,Centro Legrand,,50%; hasta 24 cuotas sin intereses; 50% de descuento; 20% de descuento,cuotas_sin_intereses,50%; 20%,lunes; martes; miércoles; jueves; viernes; sábado; domingo,todos los días,Vigente hasta el 04 de abril de 2027,Límite de compra mensual de Gs; Gs. 50.000.000,,https://www.bancontinental.com.py/api/comercios?_limit=-1
70cc734f171b17ec,Continental,Peluquerías y Spas,Clínica de la Belleza,,10% de descuento,cuotas_sin_intereses,10%,lunes; martes; miércoles; jueves; viernes; sábado; domingo,Todos los días,Vigente hasta el 02 de diciembre del 2026,Límites de compras: - Cuotas sin intereses con límite de compra mensual de Gs; Gs. 50.000.000,,https://www.bancontinental.com.py/api/comercios?_limit=-1
5b32d958ffcb8eb9,Continental,Peluquerías y Spas,Jennifer Valdez Make Up & Hair,,10%; 10% de reintegro,reintegro,10%,sábado,los sábados,Vigente hasta el 19 de septiembre de 2026,Límites de compras: - Reintegros con límite mensual de hasta Gs; Gs. 500.000,,https://www.bancontinental.com.py/api/comercios?_limit=-1
de79ebb350c644b1,Continental,Peluquerías y Spas,Joseph - Coronel Oviedo,,20%; 20% de reintegro; 25% de reintegro; 35% de reintegro,reintegro,20%; 25%; 35%,sábado,los sábados,"Vigente hasta el 22 de agosto de 2026 - 25% de reintegro en el extracto, pagando con las tarjetas de crédito Continental *(Black e Infinite)",Límites de compras: - Reintegros del 20% con límite de compra mensual de hasta Gs; límite de compra mensual de hasta Gs; Gs. 500.000; Gs. 1.000.000; Gs. 2.000.000,,https://www.bancontinental.com.py/api/comercios?_limit=-1
cfbc432e3e635d30,Continental,Peluquerías y Spas,Liana Hair Club,,Hasta 12 cuotas sin intereses,cuotas_sin_intereses,,lunes; martes; miércoles; jueves; viernes; sábado; domingo,Todos los días,Vigente hasta el 08 de abril de 2027,Límite de compra mensual de hasta Gs; Gs. 50.000.000,,https://www.bancontinental.com.py/api/comercios?_limit=-1
5ff968734e254b00,Continental,Peluquerías y Spas,Maison Mint,,20%; 20% de reintegro; 25% de reintegro; 35% de reintegro,reintegro,20%; 25%; 35%,sábado,los sábados,Vigente hasta el 03 de febrero del 2027,Límite de compra mensual de hasta Gs; Gs. 500.000; Gs. 1.000.000; Gs. 2.000.000,,https://www.bancontinental.com.py/api/comercios?_limit=-1
af651ee07868d341,Continental,Peluquerías y Spas,Majestik,,15%; Hasta 6 cuotas sin intereses; 15% de descuento,cuotas_sin_intereses,15%,lunes; martes; miércoles; jueves; viernes; sábado; domingo,todos los días,Vigente hasta el 17 de octubre de 2026,Límite de compra mensual de hasta Gs; Gs. 50.000.000,,https://www.bancontinental.com.py/api/comercios?_limit=-1
7f7b37c7d2b534e4,Continental,Peluquerías y Spas,Mel Peluquería & Barbería,,35%; 35% de reintegro; 25% de reintegro; 20% de reintegro,reintegro,35%; 25%; 20%,sábado,Los sábados,Vigente hasta el 16 de enero de 2027,Límite de compra mensual de hasta Gs; Gs. 2.000.000; Gs. 1.000.000,,https://www.bancontinental.com.py/api/comercios?_limit=-1
7b42959272e15940,Continental,Peluquerías y Spas,Naty Arnold Studio,,10%; 10% de reintegro,reintegro,10%,sábado,los sábados,Vigente hasta el 19 de septiembre de 2026,Límites de compras: - Reintegros con límite mensual de hasta Gs; Gs. 500.000,,https://www.bancontinental.com.py/api/comercios?_limit=-1
88a13caf7999cae2,Continental,Peluquerías y Spas,Peluquerías y Spas,,35% de reintegro; 25% de reintegro,reintegro,35%; 25%,sábado,los sábados,Vigente hasta el 16 de enero del 2027,Límites de compras: - Reintegros del 35% con límite de compra mensual de hasta Gs; límite de compra mensual de hasta Gs; Gs. 2.000.000; Gs. 1.000.000,,https://www.bancontinental.com.py/api/comercios?_limit=-1
319e026eb43ac62a,Continental,Peluquerías y Spas,Renew clinic & spa,,Hasta 12 cuotas sin intereses,cuotas_sin_intereses,,lunes; martes; miércoles; jueves; viernes; sábado; domingo,Todos los días,Vigente hasta el 16 de enero del 2027,Límite de compra mensual de hasta Gs; Gs. 50.000.000,,https://www.bancontinental.com.py/api/comercios?_limit=-1
5a572da44468d9c8,Continental,Peluquerías y Spas,Soham,,hasta 18 cuotas sin intereses; 35% de reintegro; 25% de reintegro,cuotas_sin_intereses,35%; 25%,lunes; martes; miércoles; jueves; viernes; sábado; domingo,todos los días,Vigente hasta el 15 de enero del 2027,Límite de compra mensual de hasta Gs; límite de compra mensual de Gs; Gs. 2.000.000; Gs. 1.000.000; Gs. 50.000.000,,https://www.bancontinental.com.py/api/comercios?_limit=-1
f0d3bfafe65a9133,Continental,Privilege,360 Sneaker Store - Privilege,,Hasta 12 cuotas sin intereses; 25% de reintegro,cuotas_sin_intereses,25%,lunes; martes; miércoles; jueves; viernes; sábado; domingo,todos los días,Vigente hasta el 03 de junio de 2027,Límite de compra mensual de hasta Gs; Gs. 3.000.000; Gs. 50.000.000,,https://www.bancontinental.com.py/api/comercios?_limit=-1
413edc823de6bd48,Continental,Privilege,Birkenstock - Privilege,,25% de reintegro,reintegro,25%,jueves,los jueves,Vigente hasta el 13 de noviembre de 2026,Límite de compra mensual de hasta Gs; Gs. 1.000.000,,https://www.bancontinental.com.py/api/comercios?_limit=-1
28855d10b14e82ca,Continental,Privilege,Bodega Boutique - Privilege,,25% de reintegro,reintegro,25%,viernes; sábado,Los viernes,Vigente hasta el 25 de septiembre de 2026,Límite de compra mensual de hasta Gs; Gs. 1.000.000,,https://www.bancontinental.com.py/api/comercios?_limit=-1
d3a43aa7ca45beb2,Continental,Privilege,Brebaje Bar Parrilla - Privilege,,35%; 35% de reintegro,reintegro,35%,sábado; domingo,los sábados,Vigente hasta el 24 de octubre de 2026,Límites de compras: - Reintegros con límite de compra mensual de hasta Gs; Gs. 2.000.000,,https://www.bancontinental.com.py/api/comercios?_limit=-1
befcc0278ea0ee60,Continental,Privilege,Champs Elysées - Privilege,,hasta 12 cuotas sin intereses; 25% de reintegro,cuotas_sin_intereses,25%,lunes; martes; miércoles; jueves; viernes; sábado; domingo,todos los días,Vigente hasta el 01 de octubre de 2026,Límites de compras: - Reintegros con límite de compra mensual de hasta Gs; límite de compra mensual de Gs; Gs. 2.000.000; Gs. 50.000.000,,https://www.bancontinental.com.py/api/comercios?_limit=-1
3b8cb57a4ca4a5b4,Continental,Privilege,De Marie,,Hasta 12 cuotas sin intereses; 25% de reintegro,cuotas_sin_intereses,25%,lunes; martes; miércoles; jueves; viernes; sábado; domingo,todos los días,Vigente hasta el 03 de junio de 2027,Límite de compra mensual de hasta Gs; Gs. 3.000.000; Gs. 50.000.000,,https://www.bancontinental.com.py/api/comercios?_limit=-1
228c159c02534b8c,Continental,Privilege,El Negro Suplementos - Privilege,,35%; Hasta 12 cuotas sin intereses; 15% de reintegro; 35% de descuento,cuotas_sin_intereses,35%; 15%,lunes; martes; miércoles; jueves; viernes; sábado; domingo,todos los días,Vigente hasta el 17 de junio de 2027,Límite de compra mensual de hasta Gs; Gs. 1.000.000; Gs. 50.000.000,,https://www.bancontinental.com.py/api/comercios?_limit=-1
cb40b107d1860f6e,Continental,Privilege,Energy - Privilege,,25% de reintegro,reintegro,25%,viernes; domingo,los viernes,Vigente hasta el 12 de marzo de 2027,Límites de compras: - Límite de compra semanal de Gs; Gs. 500.000,,https://www.bancontinental.com.py/api/comercios?_limit=-1
f158208addeb6ad0,Continental,Privilege,ISDIN - Privilege,,hasta 12 cuotas sin intereses; 25% de reintegro,cuotas_sin_intereses,25%,lunes; martes; miércoles; jueves; viernes; sábado; domingo,todos los días,Vigente hasta el 01 de octubre de 2026,Límites de compras: - Reintegros con límite de compra mensual de hasta Gs; límite de compra mensual de Gs; Gs. 2.000.000; Gs. 50.000.000,,https://www.bancontinental.com.py/api/comercios?_limit=-1
701febeccb608839,Continental,Privilege,Meta Kids - Privilege,,Hasta 12 cuotas sin intereses; 25% de reintegro,cuotas_sin_intereses,25%,lunes; martes; miércoles; jueves; viernes; sábado; domingo,todos los días,Vigente hasta el 03 de junio de 2027,Límite de compra mensual de hasta Gs; Gs. 3.000.000; Gs. 50.000.000,,https://www.bancontinental.com.py/api/comercios?_limit=-1
e2f6d9f0d87783f2,Continental,Privilege,Meta Sports - Privilege,,Hasta 12 cuotas sin intereses; 25% de reintegro,cuotas_sin_intereses,25%,lunes; martes; miércoles; jueves; viernes; sábado; domingo,todos los días,Vigente hasta el 03 de junio de 2027,Límite de compra mensual de hasta Gs; Gs. 3.000.000; Gs. 50.000.000,,https://www.bancontinental.com.py/api/comercios?_limit=-1
1767f2430f60c73c,Continental,Privilege,Nike - Privilege,,25%; Hasta 12 cuotas sin intereses; 25% de reintegro,cuotas_sin_intereses,25%,lunes; martes; miércoles; jueves; viernes; sábado; domingo,todos los días,Vigente hasta el 03 de junio de 2027,Límite de compra mensual de hasta Gs; Gs. 3.000.000; Gs. 50.000.000,,https://www.bancontinental.com.py/api/comercios?_limit=-1
16cd97801f06413d,Continental,Privilege,O Boticário - Privilege,,hasta 12 cuotas sin intereses; 25% de reintegro,cuotas_sin_intereses,25%,lunes; martes; miércoles; jueves; viernes; sábado; domingo,todos los días,Vigente hasta el 01 de octubre del 2026,Límites de compras: - Reintegros con límite de compra mensual de hasta Gs; límite de compra mensual de Gs; Gs. 2.000.000; Gs. 50.000.000,,https://www.bancontinental.com.py/api/comercios?_limit=-1
45435928f9079964,Continental,Privilege,Privilege - Peluquerías y Spa,,35%; 35% de reintegro,reintegro,35%,sábado,los sábados,Vigente hasta el 16 de enero del 2027,Límites de compras: - Reintegros con límite de compra mensual de hasta Gs; Gs. 2.000.000,,https://www.bancontinental.com.py/api/comercios?_limit=-1
55298db8d5f3e9d3,Continental,Privilege,Privilege - Restaurantes,,35%; 35% de reintegro,reintegro,35%,sábado; domingo,los sábados,Vigente hasta el 24 de octubre del 2026,Límites de compras: - Reintegros con límite de compra mensual de hasta Gs; Gs. 2.000.000,,https://www.bancontinental.com.py/api/comercios?_limit=-1
c8533b5667097cd6,Continental,Privilege,Rookie - Privilege,,Hasta 12 cuotas sin intereses; 25% de reintegro,cuotas_sin_intereses,25%,lunes; martes; miércoles; jueves; viernes; sábado; domingo,todos los días,Vigente hasta el 03 de junio de 2027,Límite de compra mensual de hasta Gs; Gs. 3.000.000; Gs. 50.000.000,,https://www.bancontinental.com.py/api/comercios?_limit=-1
c28a3bb177192071,Continental,Privilege,Springfield - Privilege,,hasta 12 cuotas sin intereses; 25% de reintegro,cuotas_sin_intereses,25%,lunes; martes; miércoles; jueves; viernes; sábado; domingo,todos los días,Vigente hasta el 01 de octubre del 2026,Límites de compras: - Reintegros con límite de compra mensual de hasta Gs; límite de compra mensual de Gs; Gs. 2.000.000; Gs. 50.000.000,,https://www.bancontinental.com.py/api/comercios?_limit=-1
3d255f9017cc8f90,Continental,Privilege,Top Tenis - Privilege,,Hasta 12 cuotas sin intereses; 25% de reintegro,cuotas_sin_intereses,25%,lunes; martes; miércoles; jueves; viernes; sábado; domingo,todos los días,Vigente hasta el 28 de mayo de 2027,Límite de compra mensual de hasta Gs; Gs. 3.000.000; Gs. 50.000.000,,https://www.bancontinental.com.py/api/comercios?_limit=-1
317418ba0f24469d,Continental,Privilege,Vans - Privilege,,25%; Hasta 12 cuotas sin intereses; 25% de reintegro,cuotas_sin_intereses,25%,lunes; martes; miércoles; jueves; viernes; sábado; domingo,todos los días,Vigente hasta el 03 de junio de 2027,Límite de compra mensual de hasta Gs; Gs. 3.000.000; Gs. 50.000.000,,https://www.bancontinental.com.py/api/comercios?_limit=-1
e6293579c961b391,Continental,Privilege,Women'Secret - Privilege,,hasta 12 cuotas sin intereses; 25% de reintegro,cuotas_sin_intereses,25%,lunes; martes; miércoles; jueves; viernes; sábado; domingo,todos los días,Vigente hasta el 01 de octubre del 2026,Límites de compras: - Reintegros del 25% con límite de compra mensual de hasta Gs; límite de compra mensual de Gs; Gs. 2.000.000; Gs. 50.000.000,,https://www.bancontinental.com.py/api/comercios?_limit=-1
2e383eb6286806c4,Continental,Promociones especiales,Adelanto en efectivo,,hasta 12 cuotas sin intereses,cuotas_sin_intereses,,lunes; martes; miércoles; jueves; viernes; sábado; domingo,Todos los días,Vigente hasta el 24 de junio de 2027,No especificado,,https://www.bancontinental.com.py/api/comercios?_limit=-1
e29268e84a59586a,Continental,Promociones especiales,Intercolegial - Las Almenas,,20%; 20% de reintegro,reintegro,20%,,No especificado,No especificado,Límite de compra de hasta Gs; Gs. 200.000,,https://www.bancontinental.com.py/api/comercios?_limit=-1
dfbeb16c4a7b5fae,Continental,Promociones especiales,Koala,,50%; Hasta 12 cuotas sin intereses; 10% de reintegro; 45% de descuento,cuotas_sin_intereses,50%; 10%; 45%,lunes; martes; miércoles; jueves; viernes; sábado; domingo,todos los días,Vigente hasta el 27 de agosto de 2026,Límite de compra mensual de hasta Gs; Gs. 8.000.000; Gs. 50.000.000,,https://www.bancontinental.com.py/api/comercios?_limit=-1
56fcadf3f2b00f6d,Continental,Promociones especiales,Las Hortensias - Cine,,50%; 50% de reintegro,reintegro,50%,lunes; martes; miércoles; jueves; viernes; sábado; domingo,Todos los días,Vigente hasta el 10 de junio del 2027,Límite de compra mensual de hasta Gs; Gs. 500.000,,https://www.bancontinental.com.py/api/comercios?_limit=-1
bfa509d2ab4b9214,Continental,Promociones especiales,Mango /Cortefiel / Pedro de Hierro,,25%; 25% de reintegro; 20% de reintegro,reintegro,25%; 20%,,No especificado,Vigente hasta el 09 de agosto de 2026,Límite de compra mensual de hasta Gs; Gs. 2.000.000; Gs. 1.000.000,,https://www.bancontinental.com.py/api/comercios?_limit=-1
4f5d4c2862f849c0,Continental,Promociones especiales,Puerto Liebig,,Hasta 12 cuotas sin intereses,cuotas_sin_intereses,,lunes; martes; miércoles; jueves; viernes; sábado; domingo,Todos los días,Vigente hasta el 12 de marzo de 2027,Límite de compra mensual de hasta Gs; Gs. 90.000.000,,https://www.bancontinental.com.py/api/comercios?_limit=-1
bc0ad867bb1cefb8,Continental,Promociones especiales,Tiento Multimarcas - Promo especial,,20%; 20% de reintegro,reintegro,20%,sábado,No especificado,Vigente hasta el sábado 08 de agosto de 2026,Límite de compra mensual de Gs; Gs. 1.000.000,,https://www.bancontinental.com.py/api/comercios?_limit=-1
7c3f05fd71ebb681,Continental,Promociones especiales,UNISAL Universidad San Lorenzo,,20%; Hasta 12 cuotas sin intereses; 20% de reintegro,cuotas_sin_intereses,20%,lunes; martes; miércoles; jueves; viernes; sábado; domingo,todos los días,No especificado,Límite de compra mensual de hasta Gs; Gs. 2.500.000; Gs. 50.000.000,,https://www.bancontinental.com.py/api/comercios?_limit=-1
b7a2fc85ad07cf06,Continental,Promociones especiales,UTCD,,20%; Hasta 12 cuotas sin intereses; 20% de reintegro,cuotas_sin_intereses,20%,lunes; martes; miércoles; jueves; viernes; sábado; domingo,todos los días,No especificado,Límite de compra mensual de hasta Gs; Gs. 2.000.000; Gs. 50.000.000,,https://www.bancontinental.com.py/api/comercios?_limit=-1
b9bbe8f8db952912,Continental,Promociones especiales,Universidad Católica - Promo especial,,20%; Hasta 12 cuotas sin intereses; 10% de reintegro; 10% de descuento,cuotas_sin_intereses,20%; 10%,lunes; martes; miércoles; jueves; viernes; sábado; domingo,todos los días,Vigente hasta el 21 de agosto de 2026,Límite de compra mensual de hasta Gs; Gs. 5.000.000; Gs. 50.000.000,,https://www.bancontinental.com.py/api/comercios?_limit=-1
15eea61e0a7c344b,Continental,Puma Flota,Puma Flota,,Ver descripción,beneficio,,domingo,No especificado,No especificado,No especificado,,https://www.bancontinental.com.py/api/comercios?_limit=-1
f5dd4e793a6401a3,Continental,Salud,Aries,,10%; hasta 24 cuotas sin intereses; 10% de descuento,cuotas_sin_intereses,10%,lunes; martes; miércoles; jueves; viernes; sábado; domingo,Todos los días,Vigente hasta el 20 de agosto de 2026,Límites de compras: - Cuotas sin intereses con límite de compra mensual de Gs; Gs. 50.000.000,,https://www.bancontinental.com.py/api/comercios?_limit=-1
0dc1b55a8f9b97be,Continental,Salud,CREA espacio para la familia,,15%; Hasta 12 cuotas sin intereses; 15% en caja,cuotas_sin_intereses,15%,lunes; martes; miércoles; jueves; viernes; sábado; domingo,Todos los días,"Vigente hasta el 30 de abril del 2026 Todos los días, en todos los laboratorios, clínicas y sanatorios del país",Límite de compra mensual de hasta Gs; Limite de compra mensual de hasta Gs; Gs. 1.000.000; Gs. 50.000.000,,https://www.bancontinental.com.py/api/comercios?_limit=-1
eb043cd45fe17cca,Continental,Salud,Caofa,,20%; 20% de reintegro,reintegro,20%,jueves,los jueves,Vigente hasta el 03 de diciembre de 2026,Límite de compras mensual de hasta Gs; Gs. 2.500.000,,https://www.bancontinental.com.py/api/comercios?_limit=-1
e7ad42ca0fce3392,Continental,Salud,Centro Auditivo,,Hasta 12 cuotas sin intereses,cuotas_sin_intereses,,lunes; martes; miércoles; jueves; viernes; sábado; domingo,Todos los días,Vigente hasta el 28 de octubre del 2026,Límites de compras: - Cuotas sin intereses con límite de compra mensual de Gs; Gs. 50.000.000,,https://www.bancontinental.com.py/api/comercios?_limit=-1
d0f3f7674784b0e8,Continental,Salud,Clinica Clio clínica,,Hasta 12 cuotas sin intereses,cuotas_sin_intereses,,lunes; martes; miércoles; jueves; viernes; sábado; domingo,Todos los días,Vigente hasta el 7 de enero de 2027,Límite de compra mensual de hasta Gs; Gs. 50.000.000,,https://www.bancontinental.com.py/api/comercios?_limit=-1
046db68d5ed56051,Continental,Salud,Clinica Montecito,,Hasta 12 cuotas sin intereses,cuotas_sin_intereses,,lunes; martes; miércoles; jueves; viernes; sábado; domingo,Todos los días,Vigente hasta el 27 de agosto de 2026,Límites de compras: - Cuotas sin intereses con límite de compra mensual de Gs; Gs. 50.000.000,,https://www.bancontinental.com.py/api/comercios?_limit=-1
872e9de57a58c127,Continental,Salud,Clínica Blessed,,Hasta 12 cuotas sin intereses,cuotas_sin_intereses,,lunes; martes; miércoles; jueves; viernes; sábado; domingo,Todos los días,Vigente hasta el 23 de febrero del 2027,Límite de compra mensual de hasta Gs; Gs. 50.000.000,,https://www.bancontinental.com.py/api/comercios?_limit=-1
fe5a24d1482acf57,Continental,Salud,Clínica Odontoestética,,30%; hasta 18 cuotas sin intereses; 30% de descuento,cuotas_sin_intereses,30%,lunes; martes; miércoles; jueves; viernes; sábado; domingo,Todos los días,Vigente hasta el 07 de noviembre del 2026,Límites de compras: - Cuotas sin intereses con límite de compra mensual de Gs; Gs. 50.000.000,,https://www.bancontinental.com.py/api/comercios?_limit=-1
57aa192ba8c81a57,Continental,Salud,Clínica Odontológica Santa Teresa,,30%; 30% de descuento,cuotas_sin_intereses,30%,lunes; martes; miércoles; jueves; viernes; sábado; domingo,Todos los días,Vigente hasta el 10 de noviembre del 2026,Límites de compras: - Cuotas sin intereses con límite de compra mensual de Gs; Gs. 50.000.000,,https://www.bancontinental.com.py/api/comercios?_limit=-1
eb9f7ca34756beb6,Continental,Salud,Clínica Victoria,,Hasta 12 cuotas sin intereses,cuotas_sin_intereses,,lunes; martes; miércoles; jueves; viernes; sábado; domingo,Todos los días,Vigente hasta el 18 de febrero del 2027,Límite de compra mensual de hasta Gs; Gs. 50.000.000,,https://www.bancontinental.com.py/api/comercios?_limit=-1
54fc07afc743bae7,Continental,Salud,Cordia Estudio Odontologico,,Hasta 12 cuotas sin intereses,cuotas_sin_intereses,,lunes; martes; miércoles; jueves; viernes; sábado; domingo,Todos los días,Vigente hasta el 01 de octubre del 2026,Límite de compras mensual de hasta Gs; Gs. 50.000.000,,https://www.bancontinental.com.py/api/comercios?_limit=-1
e733bb052543a1e0,Continental,Salud,Doctor Hair,,20%; hasta 12 cuotas sin intereses; 20% de reintegro,cuotas_sin_intereses,20%,lunes; martes; miércoles; jueves; viernes; sábado; domingo,todos los días,Vigente hasta el 12 de noviembre de 2026,Límite de compra mensual de hasta Gs; Límite de compra mensual de Gs; Gs. 1.500.000; Gs. 50.000.000,,https://www.bancontinental.com.py/api/comercios?_limit=-1
be22c73de7df463a,Continental,Salud,Dra. Marianne Insua - El Centro S.A,,Hasta 12 cuotas sin intereses,cuotas_sin_intereses,,lunes; martes; miércoles; jueves; viernes; sábado; domingo,Todos los días,Vigente hasta el 20 de julio de 2027,Límite de compra mensual de hasta Gs; Gs. 50.000.000,,https://www.bancontinental.com.py/api/comercios?_limit=-1
64af5ab05b054903,Continental,Salud,Fecundart Neovitae,,Hasta 18 cuotas sin intereses,cuotas_sin_intereses,,lunes; martes; miércoles; jueves; viernes; sábado; domingo,Todos los días,Vigente hasta el 25 de marzo de 2027,Límite de compra mensual de hasta Gs; Gs. 50.000.000,,https://www.bancontinental.com.py/api/comercios?_limit=-1
7341bb3c38356de6,Continental,Salud,Gaesa,,20%; 20% de reintegro,reintegro,20%,jueves,los jueves,Vigente hasta el 03 de diciembre de 2026,Límite de compras mensual de hasta Gs; Gs. 2.500.000,,https://www.bancontinental.com.py/api/comercios?_limit=-1
965168a9e804804f,Continental,Salud,Hair Recovery,,20%; hasta 24 cuotas sin intereses; 20% de descuento,cuotas_sin_intereses,20%,lunes; martes; miércoles; jueves; viernes; sábado; domingo,todos los días,Vigente hasta el 04 de abril de 2027,Límite de compra mensual de Gs; Gs. 50.000.000,,https://www.bancontinental.com.py/api/comercios?_limit=-1
56dc27990696c57c,Continental,Salud,Interlab - Grupo Guide,,10%; Hasta 12 cuotas sin intereses; 5% de reintegro; 5% de descuento,cuotas_sin_intereses,10%; 5%,lunes; martes; miércoles; jueves; viernes; sábado; domingo,Todos los días,Vigente hasta el 01 de junio del 2027,Límite de compra mensual de hasta Gs; Gs. 2.000.000; Gs. 50.000.000,,https://www.bancontinental.com.py/api/comercios?_limit=-1
09dccd4dfa64e1c8,Continental,Salud,Laboratorio San Juan,,Hasta 12 cuotas sin intereses,cuotas_sin_intereses,,lunes; martes; miércoles; jueves; viernes; sábado; domingo,Todos los días,Vigente hasta el 13 de octubre del 2026,Límites de compras: - Cuotas sin intereses con límite de compra mensual de Gs; Gs. 50.000.000,,https://www.bancontinental.com.py/api/comercios?_limit=-1
64754918c823d740,Continental,Salud,"Laboratorios, clínicas y sanatorios del país",,Hasta 12 cuotas sin intereses,cuotas_sin_intereses,,lunes; martes; miércoles; jueves; viernes; sábado; domingo,Todos los días,"Vigente hasta el 31 de diciembre del 2026 (*) No participan las tarjetas Pre-Pagas, Gourmet Card ni Cabal",Limite de compra mensual de hasta Gs; Gs. 50.000.000,,https://www.bancontinental.com.py/api/comercios?_limit=-1
fa0939499eb0cea5,Continental,Salud,Margraf Dental Center,,Hasta 18 cuotas sin intereses,cuotas_sin_intereses,,lunes; martes; miércoles; jueves; viernes; sábado; domingo,Todos los días,Vigente hasta el 21 de diciembre del 2026,Límites de compras: - Cuotas sin intereses con límite de compra mensual de Gs; Gs. 50.000.000,,https://www.bancontinental.com.py/api/comercios?_limit=-1
660ab90efa456067,Continental,Salud,Microsonic,,Hasta 12 cuotas sin intereses,cuotas_sin_intereses,,lunes; martes; miércoles; jueves; viernes; sábado; domingo,Todos los días,Vigente hasta el 11 de noviembre de 2026,Límite de compras mensual de Gs; Gs. 50.000.000,,https://www.bancontinental.com.py/api/comercios?_limit=-1
4f64c3c24123e47e,Continental,Salud,Odontos,,Hasta 18 cuotas sin intereses,cuotas_sin_intereses,,lunes; martes; miércoles; jueves; viernes; sábado; domingo,Todos los días,Vigente hasta el 06 de agosto de 2027,Límite de compra mensual de hasta Gs; Gs. 50.000.000,,https://www.bancontinental.com.py/api/comercios?_limit=-1
f053adcdc1d297ab,Continental,Salud,Ortobionic,,Hasta 12 cuotas sin intereses,cuotas_sin_intereses,,lunes; martes; miércoles; jueves; viernes; sábado; domingo,Todos los días,Vigente hasta el 03 de diciembre de 2026,Límite de compra mensual de hasta Gs; Gs. 50.000.000,,https://www.bancontinental.com.py/api/comercios?_limit=-1
519b508bfe817a90,Continental,Salud,Physical Recovery,,15%; hasta 12 cuotas sin intereses; 15% de descuento,cuotas_sin_intereses,15%,lunes; martes; miércoles; jueves; viernes; sábado; domingo,todos los días,Vigente hasta el 21 de agosto de 2026,Límites de compras: - Cuotas sin intereses con límite de compra mensual de Gs; Gs. 50.000.000,,https://www.bancontinental.com.py/api/comercios?_limit=-1
e6c187ad3a28108c,Continental,Salud,Sanatorio Le Blanc,,Hasta 12 cuotas sin intereses,cuotas_sin_intereses,,lunes; martes; miércoles; jueves; viernes; sábado; domingo,Todos los días,Vigente hasta el 22 de noviembre de 2026,Límite de compras: - Cuotas sin intereses con límite de compra mensual de Gs; Gs. 50.000.000,,https://www.bancontinental.com.py/api/comercios?_limit=-1
38390130fbd5b2bb,Continental,Salud,Smile Clínica Integral,,20%; Hasta 12 cuotas sin intereses; 20% de reintegro,cuotas_sin_intereses,20%,lunes; martes; miércoles; jueves; viernes; sábado; domingo,todos los días,Vigente hasta el 08 de julio de 2027,Límite de compra mensual de hasta Gs; Gs. 2.000.000; Gs. 50.000.000,,https://www.bancontinental.com.py/api/comercios?_limit=-1
ad4c8159f16eb2a6,Continental,Salud,Yanine Coronel Odontología,,Hasta 18 cuotas sin intereses,cuotas_sin_intereses,,lunes; martes; miércoles; jueves; viernes; sábado; domingo,Todos los días,Vigente hasta el 03 de octubre del 2026,Límites de compras: - Cuotas sin intereses con límite de compra mensual de Gs; Gs. 50.000.000,,https://www.bancontinental.com.py/api/comercios?_limit=-1
3f855b7a16bec41f,Continental,Salud,Óptica Mylan - WR Import,,Hasta 12 cuotas sin intereses,cuotas_sin_intereses,,lunes; martes; miércoles; jueves; viernes; sábado; domingo,Todos los días,Vigente hasta el 25 de mayo de 2027,Límite de compra mensual de hasta Gs; Gs. 50.000.000,,https://www.bancontinental.com.py/api/comercios?_limit=-1
e25e5af97f462fc7,Continental,Salud,Óptica Valemar,,20%; Hasta 12 cuotas sin intereses; 20% de reintegro,cuotas_sin_intereses,20%,lunes; martes; miércoles; jueves; viernes; sábado; domingo,todos los días,Vigente hasta el 18 de junio de 2027,Límite de compra mensual de hasta Gs; Gs. 1.500.000; Gs. 50.000.000,,https://www.bancontinental.com.py/api/comercios?_limit=-1
0939a5e091e41e38,Continental,Seguros,Protek,,20%; hasta 18 cuotas sin intereses; 20% de descuento,cuotas_sin_intereses,20%,lunes; martes; miércoles; jueves; viernes; sábado; domingo,Todos los días,Vigente hasta el 18 de mayo del 2027,límite de compra mensual de hasta Gs; Gs. 50.000.000,,https://www.bancontinental.com.py/api/comercios?_limit=-1
256e1de98d8941cd,Continental,Seguros,Seguros Patria,,Hasta 12 cuotas sin intereses,cuotas_sin_intereses,,lunes; martes; miércoles; jueves; viernes; sábado; domingo,Todos los días,Vigente hasta el 28 de febrero de 2027,Límite de compras mensual de hasta Gs; Gs. 50.000.000,,https://www.bancontinental.com.py/api/comercios?_limit=-1
6e5af6ba6bb5d67c,Continental,Shoppings,Shopping China,,Hasta 24 cuotas sin intereses,cuotas_sin_intereses,,lunes; martes; miércoles; jueves; viernes; sábado; domingo,Todos los días,Vigente hasta el 27 de julio de 2027,Límite de compra mensual de hasta Gs; Gs. 50.000.000,,https://www.bancontinental.com.py/api/comercios?_limit=-1
fa7cf197bf64f164,Continental,Sin categoría,Merrell,,Hasta 12 cuotas sin intereses; 25% de reintegro; 20% de reintegro,cuotas_sin_intereses,25%; 20%,lunes; martes; miércoles; jueves; viernes; sábado; domingo,todos los días,Vigente hasta el 01 de julio de 2027,Límite de compra mensual de hasta Gs; Gs. 2.000.000; Gs. 50.000.000,,https://www.bancontinental.com.py/api/comercios?_limit=-1
09cee34301cc0e2c,Continental,Sin categoría,Progresar Corporation S.A.,,Hasta 12 cuotas sin intereses,cuotas_sin_intereses,,lunes; martes; miércoles; jueves; viernes; sábado; domingo,Todos los días,Vigente hasta el 18 de febrero de 2027,Límite de compra mensual de hasta Gs; Gs. 50.000.000,,https://www.bancontinental.com.py/api/comercios?_limit=-1
41bb4d18e8b4b902,Continental,Sin categoría,Sport Cesped,,Hasta 18 cuotas sin intereses,cuotas_sin_intereses,,lunes; martes; miércoles; jueves; viernes; sábado; domingo,Todos los días,Vigente hasta el 28 de agosto de 2026,Límites de compras: - Cuotas sin intereses con límite de compra mensual de Gs; Gs. 50.000.000,,https://www.bancontinental.com.py/api/comercios?_limit=-1
fcccb2053790b2ac,Continental,Sin categoría,Todo huerta,,10% de reintegro,reintegro,10%,jueves,los jueves,Vigente hasta el 28 de enero del 2027,Límite de compra mensual de hasta Gs; Gs. 1.000.000,,https://www.bancontinental.com.py/api/comercios?_limit=-1
a3de2b0855afe847,Continental,Supermercados,A Punto Market - Tienda del Asadero,,20%; 20% de reintegro,reintegro,20%,miércoles,Los miércoles,Vigente hasta el 07 de abril de 2027 (*) No aplica para compras en patios de comida,Límite de compra semanal de hasta Gs; Gs. 1.000.000,,https://www.bancontinental.com.py/api/comercios?_limit=-1
051836cd3100fde5,Continental,Supermercados,Aaron Express - Miércoles de Supermercados,,20%; 20% de reintegro,reintegro,20%,miércoles,Los miércoles,Vigente hasta el 16 de septiembre de 2026,Límite de compra semanal de hasta Gs; Gs. 1.000.000,,https://www.bancontinental.com.py/api/comercios?_limit=-1
1f7b1ef0d5a80e47,Continental,Supermercados,"Ahorramás ""Miércoles de supermercados""",,25%; 25% de reintegro,reintegro,25%,miércoles,Los miércoles,Vigente hasta el 02 de diciembre de 2026,Límite de compra semanal de hasta Gs; Gs. 1.000.000,,https://www.bancontinental.com.py/api/comercios?_limit=-1
aafa72c9f45a08fb,Continental,Supermercados,Alimentos Capri - Miércoles de Supermercados,,20%; 20% de reintegro,reintegro,20%,miércoles,Los miércoles,Vigente hasta el 03 de febrero de 2027,Límite de compra semanal de hasta Gs; Gs. 1.000.000,,https://www.bancontinental.com.py/api/comercios?_limit=-1
b945c152c826502f,Continental,Supermercados,Archi - Miércoles de Supermercados,,25%; 25% de reintegro,reintegro,25%,miércoles,Los miércoles,Vigente hasta el 14 de abril de 2027,Límite de compra semanal de hasta Gs; Gs. 1.000.000,,https://www.bancontinental.com.py/api/comercios?_limit=-1
222e1c8e779b00c6,Continental,Supermercados,Asuncena - Grupo Maciel - Miércoles de supermercados,,10%; 10% de reintegro,reintegro,10%,miércoles,Los miércoles,Vigente hasta el 26 de agosto de 2026,Límite de compra semanal de hasta Gs; Gs. 1.000.000,,https://www.bancontinental.com.py/api/comercios?_limit=-1
f2cddc35e504dc5f,Continental,Supermercados,Autoservice Santa Clara,,20%; 20% de reintegro,reintegro,20%,miércoles,Los miércoles,Vigente hasta el 30 de junio de 2027,Límite de compra semanal de hasta Gs; Gs. 1.000.000,,https://www.bancontinental.com.py/api/comercios?_limit=-1
b8a95231326f2ec5,Continental,Supermercados,Autoservicio Guille - Miércoles de Supermercados,,20%,reintegro,20%,miércoles,Los miércoles,Vigente hasta el 16 de diciembre de 2026,Límite de compra semanal de hasta Gs; Gs. 1.000.000,,https://www.bancontinental.com.py/api/comercios?_limit=-1
0979f3f2a937ee87,Continental,Supermercados,Beef Shop - Miércoles de Supermercados,,20%; 20% de reintegro,reintegro,20%,miércoles,Los miércoles,Vigente hasta el 10 de marzo de 2027,Límite de compra semanal de hasta Gs; Gs. 1.000.000,,https://www.bancontinental.com.py/api/comercios?_limit=-1
29dd8f6612dfa0b2,Continental,Supermercados,Biggie Express - Miércoles de supermercados,,20%; 20% de reintegro,reintegro,20%,miércoles,Los miércoles,Vigente hasta el 02 de septiembre de 2026,Límite de compra semanal de hasta Gs; Gs. 1.000.000,,https://www.bancontinental.com.py/api/comercios?_limit=-1
47b963bbd946a4a8,Continental,Supermercados,Box Mayorista,,20%; 20% de reintegro,reintegro,20%,lunes,"tercer lunes de cada mes, en Box Mayorista",Vigente hasta el 16 de diciembre del 2026 (*) No aplica para compras en patios de comida,Límite de compra mensual de hasta Gs; Gs. 1.000.000,,https://www.bancontinental.com.py/api/comercios?_limit=-1
eed3e1f291c2e32b,Continental,Supermercados,Carni Shop (Filas) - Miércoles de Supermercados,,20%; 20% de reintegro,reintegro,20%,miércoles,Los miércoles,Vigente hasta el 05 de mayo de 2027,Límite de compra semanal de hasta Gs; Gs. 1.000.000,,https://www.bancontinental.com.py/api/comercios?_limit=-1
80e7107683646c2b,Continental,Supermercados,Carniceria Vera - Miércoles de Supermercados,,20%; 20% de reintegro,reintegro,20%,miércoles,Los miércoles,Vigente hasta el 14 de abril de 2027,Límite de compra semanal de hasta Gs; Gs. 1.000.000,,https://www.bancontinental.com.py/api/comercios?_limit=-1
2bc4c0b17bb48b85,Continental,Supermercados,Casa Grutter- Miércoles de Supermercados,,20%; 20% de reintegro,reintegro,20%,miércoles,Los miércoles,Vigente hasta el 17 de marzo de 2027,Límite de compra semanal de hasta Gs; Gs. 1.000.000,,https://www.bancontinental.com.py/api/comercios?_limit=-1
61b6d467c5cdb589,Continental,Supermercados,Casa Yasy - Miércoles de Supermercados,,20%; 20% de reintegro,reintegro,20%,miércoles,Los miércoles,Vigente hasta el 11 de noviembre de 2026,Límite de compra semanal de hasta Gs; Gs. 1.000.000,,https://www.bancontinental.com.py/api/comercios?_limit=-1
cd58aae652c3e522,Continental,Supermercados,Comercial Baratodo - Miércoles de supermercados,,20%; 20% de reintegro,reintegro,20%,miércoles,Los miércoles,Vigente hasta el 02 de diciembre de 2026,Límite de compra semanal de hasta Gs; Gs. 1.000.000,,https://www.bancontinental.com.py/api/comercios?_limit=-1
6733f64e80a8008a,Continental,Supermercados,Comercial Elena - Miércoles de Supermercados,,20%; 20% de reintegro,reintegro,20%,miércoles,Los miércoles,Vigente hasta el 24 de septiembre de 2026,Límite de compra semanal de hasta Gs; Gs. 1.000.000,,https://www.bancontinental.com.py/api/comercios?_limit=-1
e5147c0c64abd517,Continental,Supermercados,Comercial Insaurralde - Miércoles de supermercados,,20%; 20% de reintegro,reintegro,20%,miércoles,Los miércoles,Vigente hasta el 03 de marzo de 2027,Límite de compra semanal de hasta Gs; Gs. 1.000.000,,https://www.bancontinental.com.py/api/comercios?_limit=-1
a18f702714f1c756,Continental,Supermercados,Comercial Liz - Miércoles de Supermercados,,20%; 20% de reintegro,reintegro,20%,miércoles,Los miércoles,Vigente hasta el 21 de octubre de 2026,Límite de compra semanal de hasta Gs; Gs. 1.000.000,,https://www.bancontinental.com.py/api/comercios?_limit=-1
7f34f7cf936d4483,Continental,Supermercados,"Comercial Triangulo ""Miércoles de supermercados""",,15%; 15% de reintegro,reintegro,15%,miércoles,Los miércoles,Vigente hasta el 28 de octubre de 2026,Límite de compra semanal de hasta Gs; Gs. 1.000.000,,https://www.bancontinental.com.py/api/comercios?_limit=-1
25e28165f24c6588,Continental,Supermercados,Delimarket - Miércoles de Supermercados,,20%; Hasta 18 cuotas sin intereses; 25% de reintegro; 20% de reintegro,cuotas_sin_intereses,20%; 25%,lunes; martes; miércoles; jueves; viernes; sábado; domingo,todos los días,Vigente hasta el 31 de diciembre de 2026,Límite de compra semanal de hasta Gs; Límite de compra mensual de hasta Gs; Gs. 1.000.000; Gs. 50.000.000,,https://www.bancontinental.com.py/api/comercios?_limit=-1
ddf8f2b4f76ee001,Continental,Supermercados,Despensa Artu - Miércoles de Supermercados,,20%; 20% de reintegro,reintegro,20%,miércoles,Los miércoles,Vigente hasta el 28 de mayo de 2027,Límite de compra semanal de hasta Gs; Gs. 1.000.000,,https://www.bancontinental.com.py/api/comercios?_limit=-1
be4bb61bde83b84d,Continental,Supermercados,Don Pedro - Tienda de Alimentos,,20%; 20% de reintegro,reintegro,20%,miércoles,Los miércoles,Vigente hasta el 03 de marzo de 2027,Límite de compra semanal de hasta Gs; Gs. 1.000.000,,https://www.bancontinental.com.py/api/comercios?_limit=-1
20d528114f416357,Continental,Supermercados,El Ahorrazo Supermayorista,,20%; 20% de reintegro,reintegro,20%,miércoles; sábado,Los miércoles,Vigente hasta el 07 de abril de 2027,"Límite de compra semanal de hasta Gs; Límite de compra mensual de hasta Gs; límites máximos por producto: Productos vendidos en paquetes o packs: hasta 5 unidades por cliente (por ejemplo: pañales hasta 5 paquetones, cerveza hasta 5 packs, le; Gs. 1.000.000",,https://www.bancontinental.com.py/api/comercios?_limit=-1
d23a5d471894e1e1,Continental,Supermercados,El Amanecer - Miércoles de Supermercados,,10%; 10% de reintegro,reintegro,10%,miércoles,Los miércoles,Vigente hasta el 20 de agosto de 2026,Límite de compra semanal de hasta Gs; Gs. 1.000.000,,https://www.bancontinental.com.py/api/comercios?_limit=-1
ba515b97628b00b8,Continental,Supermercados,Emanuel Supermercado - Miércoles de Supermercados,,20%; 20% de reintegro,reintegro,20%,miércoles,Los miércoles,Vigente hasta el 30 de diciembre de 2026,Límite de compra semanal de hasta Gs; Gs. 1.000.000,,https://www.bancontinental.com.py/api/comercios?_limit=-1
fcd7004d0e299275,Continental,Supermercados,Fortis Mayorista,,10%; 10% de reintegro,reintegro,10%,sábado; domingo,"Primer sábado y domingo de cada mes, en Fortis Mayorista - 10% de reintegro en el extracto, pagando exclusivamente con las tarjetas de crédito Dinelco Continental",Vigente hasta el 31 de diciembre de 2026,Límite de compra mensual de hasta Gs; Gs. 2.000.000,,https://www.bancontinental.com.py/api/comercios?_limit=-1
d787fdd8e2c1eee6,Continental,Supermercados,Gran Vía - Miércoles de Supermercados,,20%; 20% de reintegro,reintegro,20%,miércoles,Los miércoles,Vigente hasta el 07 de octubre de 2026,Límite de compra semanal de hasta Gs; Gs. 1.000.000,,https://www.bancontinental.com.py/api/comercios?_limit=-1
020aa41b0cb4769c,Continental,Supermercados,Grupo Laso - Minimarket,,20%; 20% de reintegro,reintegro,20%,viernes,Los viernes,Vigente hasta el 06 de agosto de 2027,Límite de compra mensual de hasta Gs; Gs. 500.000,,https://www.bancontinental.com.py/api/comercios?_limit=-1
1568a478aab10526,Continental,Supermercados,Hello Oven - Miércoles Supermercados,,25%; 25% de reintegro,reintegro,25%,miércoles,Los miércoles,Vigente hasta el 26 de agosto de 2026,Límite de compra semanal de hasta Gs; Gs. 1.000.000,,https://www.bancontinental.com.py/api/comercios?_limit=-1
9df426db6334ddef,Continental,Supermercados,Hipermercado El Pueblo - Miércoles de supermercados,,20%; 20% de reintegro,reintegro,20%,miércoles,Los miércoles,Vigente hasta el 07 de abril de 2027,Límite de compra semanal de hasta Gs; Gs. 1.000.000,,https://www.bancontinental.com.py/api/comercios?_limit=-1
a83f9a4bcc1fbfe9,Continental,Supermercados,Hipermercado Luisito - Miércoles de Supermercados,,20%; 20% de reintegro,reintegro,20%,miércoles,Los miércoles,Vigente hasta el 09 de septiembre de 2026,Límite de compra semanal de hasta Gs; Gs. 1.000.000,,https://www.bancontinental.com.py/api/comercios?_limit=-1
58206f24927dc40c,Continental,Supermercados,Kelita Supermarket - Miércoles de Supermercados,,20%; 20% de reintegro,reintegro,20%,miércoles,Los miércoles,Vigente hasta el 30 de junio de 2027,Límite de compra semanal de hasta Gs; Gs. 1.000.000,,https://www.bancontinental.com.py/api/comercios?_limit=-1
2f242d3d12803799,Continental,Supermercados,Kingo Supermercados - Miércoles de Supermercados,,25%; Hasta 6 cuotas sin intereses; 25% de reintegro,cuotas_sin_intereses,25%,lunes; martes; miércoles; jueves; viernes; sábado; domingo,todos los días,Vigente hasta el 04 de noviembre de 2026,Límite de compra semanal de hasta Gs; Límite de compra mensual de Gs; Gs. 1.000.000; Gs. 50.000.000,,https://www.bancontinental.com.py/api/comercios?_limit=-1
8e900c4e3400edd6,Continental,Supermercados,LT Supermercado - Miércoles de Supermercados,,20%; 20% de reintegro,reintegro,20%,miércoles,Los miércoles,Vigente hasta el 26 de octubre de 2026,Límite de compra semanal de hasta Gs; Gs. 1.000.000,,https://www.bancontinental.com.py/api/comercios?_limit=-1
cd051846e780891d,Continental,Supermercados,La Bomba Supermercados - Miércoles de Supermercados,,20%; Hasta 6 cuotas sin intereses; 20% de reintegro,cuotas_sin_intereses,20%,lunes; martes; miércoles; jueves; viernes; sábado; domingo,todos los días,Vigente hasta el 30 de diciembre de 2026,Límite de compra semanal de hasta Gs; Límite de compra mensual de hasta Gs; Gs. 1.000.000; Gs. 50.000.000,,https://www.bancontinental.com.py/api/comercios?_limit=-1
e10e19b1e2e38959,Continental,Supermercados,La Criolla - Miércoles de Supermercados,,20%; 20% de reintegro,reintegro,20%,miércoles,Los miércoles,Vigente hasta el 10 de febrero de 2027,Límite de compra semanal de hasta Gs; Gs. 1.000.000,,https://www.bancontinental.com.py/api/comercios?_limit=-1
1dd082b6d28ad3e9,Continental,Supermercados,La Economía - Miércoles de Supermercados,,20%; 20% de reintegro,reintegro,20%,miércoles,Los miércoles,Vigente hasta el 04 de noviembre de 2026,Límite de compra semanal de hasta Gs; Gs. 1.000.000,,https://www.bancontinental.com.py/api/comercios?_limit=-1
b3bc640cb7423452,Continental,Supermercados,La Familia Villalba - Miércoles de Supermercados,,20%; 20% de reintegro,reintegro,20%,miércoles,Los miércoles,Vigente hasta el 02 de diciembre de 2026,Límite de compra semanal de hasta Gs; Gs. 1.000.000,,https://www.bancontinental.com.py/api/comercios?_limit=-1
384c2e6ac9152ce8,Continental,Supermercados,La Preferida - Miércoles de Supermercados,,20%; 20% de reintegro,reintegro,20%,miércoles,Los miércoles,Vigente hasta el 02 de septiembre de 2026,Límite de compra semanal de hasta Gs; Gs. 1.000.000,,https://www.bancontinental.com.py/api/comercios?_limit=-1
e48fed13e8d1dead,Continental,Supermercados,La Sirenita - Miércoles de Supermercados,,20%; 20% de reintegro,reintegro,20%,miércoles,Los miércoles,Vigente hasta el 19 de agosto de 2026,Límite de compra semanal de hasta Gs; Gs. 1.000.000,,https://www.bancontinental.com.py/api/comercios?_limit=-1
172d81ed5723f001,Continental,Supermercados,"Linalu Supermercado - ""Miércoles de supermercados""",,10%; 10% de reintegro,reintegro,10%,miércoles,Los miércoles,Vigente hasta el 07 de octubre de 2026,Límite de compra semanal de hasta Gs; Gs. 1.000.000,,https://www.bancontinental.com.py/api/comercios?_limit=-1
d0673be9ad638c50,Continental,Supermercados,Los Hermanitos - Miércoles de Supermercados,,20%; 20% de reintegro,reintegro,20%,miércoles,Los miércoles,Vigente hasta el 21 de julio de 2027,Límite de compra semanal de hasta Gs; Gs. 1.000.000,,https://www.bancontinental.com.py/api/comercios?_limit=-1
ef9e46de3a875299,Continental,Supermercados,Maxi Hipermercado - Miércoles de Supermercado,,20%; 20% de reintegro,reintegro,20%,miércoles,Los miércoles,Vigente hasta el 02 de septiembre de 2026,Límite de compra semanal de hasta Gs; Gs. 1.000.000,,https://www.bancontinental.com.py/api/comercios?_limit=-1
76fca0b37a2f7c2b,Continental,Supermercados,Mercadito Agrosah - Miércoles de Supermercados,,20%; 20% de reintegro,reintegro,20%,miércoles,Los miércoles,Vigente hasta el 23 de diciembre de 2026,Límite de compra semanal de hasta Gs; Gs. 1.000.000,,https://www.bancontinental.com.py/api/comercios?_limit=-1
25ee08239b31a46b,Continental,Supermercados,Mini Market San Nicolas - Miércoles de Supermercados,,20%; 20% de reintegro,reintegro,20%,miércoles,Los miércoles,Vigente hasta el 27 de enero de 2027,Límite de compra semanal de hasta Gs; Gs. 1.000.000,,https://www.bancontinental.com.py/api/comercios?_limit=-1
2437ec93a62f2668,Continental,Supermercados,Minimercado San Pedro - Miércoles de Supermercados,,20%; 20% de reintegro,reintegro,20%,miércoles,Los miércoles,Vigente hasta el 20 de noviembre de 2026,Límite de compra semanal de hasta Gs; Gs. 1.000.000,,https://www.bancontinental.com.py/api/comercios?_limit=-1
60429b781018bdc9,Continental,Supermercados,Molino Caaguazú - Miércoles de Supermercados,,20%; 20% de reintegro,reintegro,20%,miércoles,Los miércoles,Vigente hasta el 09 de julio de 2027,Límite de compra semanal de hasta Gs; Gs. 1.000.000,,https://www.bancontinental.com.py/api/comercios?_limit=-1
b91850ce221266d8,Continental,Supermercados,Morel Hermanos - Miércoles de Supermercados,,15%; 15% de reintegro,reintegro,15%,miércoles,Los miércoles,Vigente hasta el 19 de mayo de 2027,Límite de compra semanal de hasta Gs; Gs. 1.000.000,,https://www.bancontinental.com.py/api/comercios?_limit=-1
57cdc7016954dac6,Continental,Supermercados,Nelore Estrellita - Miércoles de Supermercados,,20%; 20% de reintegro,reintegro,20%,miércoles,Los miércoles,Vigente hasta el 14 de febrero de 2027,Límite de compra semanal de hasta Gs; Gs. 1.000.000,,https://www.bancontinental.com.py/api/comercios?_limit=-1
9039ab575f39cf68,Continental,Supermercados,Nutritiva Store - Miércoles de Supermercados,,20%; 20% de reintegro,reintegro,20%,miércoles,Los miércoles,Vigente hasta el 19 de mayo de 2027,Límite de compra semanal de hasta Gs; Gs. 1.000.000,,https://www.bancontinental.com.py/api/comercios?_limit=-1
fed8357c26ac7bf6,Continental,Supermercados,Porkus - Miércoles de Supermercados,,25%; 25% de reintegro,reintegro,25%,miércoles,Los miércoles,Vigente hasta el 26 de agosto de 2026,Límite de compra semanal de hasta Gs; Gs. 1.000.000,,https://www.bancontinental.com.py/api/comercios?_limit=-1
e19df9b455242a74,Continental,Supermercados,Predileto - Miércoles de supermercados,,20%; 20% de reintegro,reintegro,20%,miércoles,Los miércoles,Vigente hasta el 07 de octubre de 2026,Límite de compra semanal de hasta Gs; Gs. 1.000.000,,https://www.bancontinental.com.py/api/comercios?_limit=-1
2bdc90f9c8c6b852,Continental,Supermercados,Pronto - Miércoles de Supermercados,,20%; 20% de reintegro,reintegro,20%,miércoles,Los miércoles,Vigente hasta el 26 de agosto de 2026,Límite de compra semanal de hasta Gs; Gs. 1.000.000,,https://www.bancontinental.com.py/api/comercios?_limit=-1
f939efb27f916ef1,Continental,Supermercados,Pryca - Miércoles de supermercados,,20%; 20% de reintegro,reintegro,20%,miércoles,Los miércoles,Vigente hasta el 10 de marzo de 2027,Límite de compra semanal de hasta Gs; Gs. 1.000.000,,https://www.bancontinental.com.py/api/comercios?_limit=-1
ea417a345b704d66,Continental,Supermercados,Real - Miércoles de Supermercados,,25%; 25% de reintegro,reintegro,25%,miércoles,Los miércoles,Vigente hasta el 07 de octubre de 2026,Límite de compra semanal de hasta Gs; Gs. 1.000.000,,https://www.bancontinental.com.py/api/comercios?_limit=-1
af4aa9f887face8d,Continental,Supermercados,Real Online - Miércoles de Supermercados,,30%; 30% de reintegro,reintegro,30%,miércoles,Los miércoles,Vigente hasta el 07 de octubre de 2026,Límite de compra semanal de hasta Gs; Gs. 1.000.000,,https://www.bancontinental.com.py/api/comercios?_limit=-1
0c22b2289528af78,Continental,Supermercados,Rubencito - Miércoles de Supermercados,,20%; 20% de reintegro,reintegro,20%,miércoles,Los miércoles,Vigente hasta el 19 de mayo de 2027,Límite de compra semanal de hasta Gs; límites máximos por producto: - Productos vendidos en paquetes o packs: hasta 3 unidades por cliente; Gs. 1.000.000,,https://www.bancontinental.com.py/api/comercios?_limit=-1
5e21cf8d0cc89824,Continental,Supermercados,San Cayetano Comercial - Miércoles de Supermercados,,20%; 20% de reintegro,reintegro,20%,miércoles,Los miércoles,Vigente hasta el 21 de octubre de 2026,Límite de compra semanal de hasta Gs; Gs. 1.000.000,,https://www.bancontinental.com.py/api/comercios?_limit=-1
572903aafb76889d,Continental,Supermercados,Stock Supermercados - Miércoles de Supermercados,,20%; Hasta 18 cuotas sin intereses; 20% de reintegro,cuotas_sin_intereses,20%,lunes; martes; miércoles; jueves; viernes; sábado; domingo,todos los días,Vigente hasta el 31 de diciembre de 2026,Límite de compra semanal de hasta Gs; Límite de compra mensual de hasta Gs; Gs. 1.000.000; Gs. 50.000.000,,https://www.bancontinental.com.py/api/comercios?_limit=-1
3aecbefe8e555424,Continental,Supermercados,Super Favesa - Miércoles de Supermercados,,20%; 20% de reintegro,reintegro,20%,miércoles,Los miércoles,Vigente hasta el 02 de noviembre de 2026,Límite de compra semanal de hasta Gs; Gs. 1.000.000,,https://www.bancontinental.com.py/api/comercios?_limit=-1
879d7b61d1da39a7,Continental,Supermercados,Super Total - Miércoles de Supermercados,,20%; 20% de reintegro,reintegro,20%,miércoles,Los miércoles,Vigente hasta el 19 de agosto de 2026,Límite de compra semanal de hasta Gs; Gs. 1.000.000,,https://www.bancontinental.com.py/api/comercios?_limit=-1
3b690e60263aad80,Continental,Supermercados,Supermercado 7 de Agosto - Miércoles de supermercados,,20%; 20% de reintegro,reintegro,20%,miércoles,Los miércoles,Vigente hasta el 24 de septiembre de 2026,Límite de compra semanal de hasta Gs; Gs. 1.000.000,,https://www.bancontinental.com.py/api/comercios?_limit=-1
a8548e0f8faf827b,Continental,Supermercados,Supermercado Boquerón - Miércoles de Supermercados,,20%; 20% de reintegro,reintegro,20%,miércoles,Los miércoles,Vigente hasta el 12 de noviembre de 2026,Límite de compra semanal de hasta Gs; Gs. 1.000.000,,https://www.bancontinental.com.py/api/comercios?_limit=-1
baa81452ed347dac,Continental,Supermercados,Supermercado Campo 9 - Miércoles de Supermercados,,10%; 10% de reintegro,reintegro,10%,miércoles,Los miércoles,Vigente hasta el 13 de noviembre de 2026,Límite de compra semanal de hasta Gs; Gs. 1.000.000,,https://www.bancontinental.com.py/api/comercios?_limit=-1
080c276bdaa6b7f5,Continental,Supermercados,Supermercado Cardoso - Miércoles de supermercados,,20%; 20% de reintegro,reintegro,20%,miércoles,Los miércoles,Vigente hasta el 21 de abril de 2027,Límite de compra semanal de hasta Gs; Gs. 1.000.000,,https://www.bancontinental.com.py/api/comercios?_limit=-1
e76ae4fe1115820a,Continental,Supermercados,Supermercado Cavian - Miércoles de Supermercados,,20%; 20% de reintegro,reintegro,20%,miércoles,Los miércoles,Vigente hasta el 16 de junio de 2027,Límite de compra semanal de hasta Gs; Gs. 1.000.000,,https://www.bancontinental.com.py/api/comercios?_limit=-1
6bff0736de111f56,Continental,Supermercados,Supermercado Colonias Unidas - Miércoles de Supermercados,,15%; 15% de reintegro,reintegro,15%,miércoles,Los miércoles,Vigente hasta el 05 de mayo de 2027,Límite de compra semanal de hasta Gs; Gs. 1.000.000,,https://www.bancontinental.com.py/api/comercios?_limit=-1
da82d67ae4b9867a,Continental,Supermercados,Supermercado Colón - Miércoles de Supermercados,,20%; 20% de reintegro,reintegro,20%,miércoles,Los miércoles,Vigente hasta el 25 de enero de 2027,Límite de compra semanal de hasta Gs; Gs. 1.000.000,,https://www.bancontinental.com.py/api/comercios?_limit=-1
ec15efd033a41b64,Continental,Supermercados,Supermercado Coop . Yguazu - Miércoles de supermercados,,10%; 10% de reintegro,reintegro,10%,miércoles,Los miércoles,Vigente hasta el 14 de octubre de 2026,Límite de compra semanal de hasta Gs; Gs. 1.000.000,,https://www.bancontinental.com.py/api/comercios?_limit=-1
ff4c6185fb570e95,Continental,Supermercados,Supermercado D y S - Miércoles de Supermercados,,20%; Hasta 12 cuotas sin intereses; 20% de reintegro,cuotas_sin_intereses,20%,lunes; martes; miércoles; jueves; viernes; sábado; domingo,todos los días,Vigente hasta el 02 de diciembre de 2026,Límite de compra semanal de hasta Gs; Límite de compra mensual de Gs; Gs. 1.000.000; Gs. 50.000.000,,https://www.bancontinental.com.py/api/comercios?_limit=-1
11dc3e9184847986,Continental,Supermercados,Supermercado El Cacique S.R.L - Miércoles de Supermercados,,20%; 20% de reintegro,reintegro,20%,miércoles,Los miércoles,Vigente hasta el 20 de enero de 2027,Límite de compra semanal de hasta Gs; Gs. 1.000.000,,https://www.bancontinental.com.py/api/comercios?_limit=-1
c1337276151a013a,Continental,Supermercados,Supermercado Emanuel - Miércoles de supermercados,,15%; 15% de reintegro,reintegro,15%,miércoles,Los miércoles,Vigente hasta el 03 de marzo de 2027,Límite de compra semanal de hasta Gs; Gs. 1.000.000,,https://www.bancontinental.com.py/api/comercios?_limit=-1
ed291d0c305cbac9,Continental,Supermercados,Supermercado Everest - Miércoles de Supermercados,,20%; 20% de reintegro,reintegro,20%,miércoles,Los miércoles,Vigente hasta el 28 de abril de 2027,Límite de compra semanal de hasta Gs; Gs. 1.000.000,,https://www.bancontinental.com.py/api/comercios?_limit=-1
0a1bc77b1eefdf0b,Continental,Supermercados,Supermercado Gran Avenida,,20%; 20% de reintegro,reintegro,20%,miércoles,Los miércoles,Vigente hasta el 31 de marzo de 2027,Límite de compra semanal de hasta Gs; Gs. 1.000.000,,https://www.bancontinental.com.py/api/comercios?_limit=-1
40035a2ec93a9b41,Continental,Supermercados,Supermercado Grefran - Miércoles de Supermercados,,15%; 15% de reintegro,reintegro,15%,miércoles,Los miércoles,Vigente hasta el 16 de septiembre de 2026,Límite de compra semanal de hasta Gs; Gs. 1.000.000,,https://www.bancontinental.com.py/api/comercios?_limit=-1
4a507c6ff45a2ffd,Continental,Supermercados,Supermercado Herrero - Miércoles de Supermercados,,20%; 20% de reintegro,reintegro,20%,miércoles,Los miércoles,Vigente hasta el 05 de mayo de 2027,Límite de compra semanal de hasta Gs; Gs. 1.000.000,,https://www.bancontinental.com.py/api/comercios?_limit=-1
be482d286453986a,Continental,Supermercados,Supermercado Irene - Miércoles de Supermercados,,20%; 20% de reintegro,reintegro,20%,miércoles,Los miércoles,Vigente hasta el 03 de diciembre de 2026,Límite de compra semanal de hasta Gs; Gs. 1.000.000,,https://www.bancontinental.com.py/api/comercios?_limit=-1
2054aaaa9f013f6f,Continental,Supermercados,Supermercado Jullito - Miércoles de Supermercados,,15%; 15% de reintegro,reintegro,15%,miércoles,Los miércoles,Vigente hasta el 24 de agosto de 2026,Límite de compra semanal de hasta Gs; Gs. 1.000.000,,https://www.bancontinental.com.py/api/comercios?_limit=-1
975fb086eff67bdd,Continental,Supermercados,Supermercado Ka'i - Miércoles de Supermercados,,10%; 10% de reintegro,reintegro,10%,miércoles,Los miércoles,Vigente hasta el 12 de noviembre de 2026,Límite de compra semanal de hasta Gs; Gs. 1.000.000,,https://www.bancontinental.com.py/api/comercios?_limit=-1
5b24f6820c6a33a6,Continental,Supermercados,Supermercado Kaiza - Miércoles de supermercados,,15%; 15% de reintegro,reintegro,15%,miércoles,Los miércoles,Vigente hasta el 18 de noviembre de 2026,Límite de compra semanal de hasta Gs; Gs. 1.000.000,,https://www.bancontinental.com.py/api/comercios?_limit=-1
370e7eda4d97a454,Continental,Supermercados,Supermercado La Familia - Miércoles de Supermercados,,10%; 10% de reintegro,reintegro,10%,miércoles,Los miércoles,Vigente hasta el 21 de diciembre de 2026,Límite de compra semanal de hasta Gs; Gs. 1.000.000,,https://www.bancontinental.com.py/api/comercios?_limit=-1
9ac8cca3a40c52ab,Continental,Supermercados,Supermercado La Moderna - Miércoles de Supermercados,,20%; 20% de reintegro,reintegro,20%,miércoles,Los miércoles,Vigente hasta el 23 de septiembre de 2026,Límite de compra semanal de hasta Gs; Gs. 1.000.000,,https://www.bancontinental.com.py/api/comercios?_limit=-1
abfd77cb06ba9e5c,Continental,Supermercados,Supermercado Las Ellas - Miércoles de supermercados,,20%; 20% de reintegro,reintegro,20%,miércoles,Los miércoles,Vigente hasta el 18 de noviembre de 2026,Límite de compra semanal de hasta Gs; Gs. 1.000.000,,https://www.bancontinental.com.py/api/comercios?_limit=-1
f45bcb87727b5211,Continental,Supermercados,Supermercado Las Estrellas - Miércoles de Supermercados,,20%; 20% de reintegro,reintegro,20%,miércoles,Los miércoles,Vigente hasta el 10 de febrero de 2027,Límite de compra semanal de hasta Gs; Gs. 1.000.000,,https://www.bancontinental.com.py/api/comercios?_limit=-1
bb65ee6e74247385,Continental,Supermercados,Supermercado Los Jardines - Miércoles de Supermercados,,20%; 20% de reintegro,reintegro,20%,miércoles,Los miércoles,Vigente hasta el 23 de diciembre de 2026,Límite de compra semanal de hasta Gs; Gs. 1.000.000,,https://www.bancontinental.com.py/api/comercios?_limit=-1
c7827a344bc08135,Continental,Supermercados,Supermercado MR Express - Miércoles de Supermercados,,15%; 15% de reintegro,reintegro,15%,miércoles,Los miércoles,Vigente hasta el 28 de octubre de 2026,Límite de compra semanal de hasta Gs; Gs. 1.000.000,,https://www.bancontinental.com.py/api/comercios?_limit=-1
624785913cda26fa,Continental,Supermercados,Supermercado Marangatu - Miércoles de Supermercados,,20%; 20% de reintegro,reintegro,20%,miércoles,Los miércoles,Vigente hasta el 21 de abril de 2027,Límite de compra semanal de hasta Gs; Gs. 1.000.000,,https://www.bancontinental.com.py/api/comercios?_limit=-1
5ea0a35fb64c5daa,Continental,Supermercados,Supermercado MiniMax - Miércoles de Supermercados,,20%; 20% de reintegro,reintegro,20%,miércoles,Los miércoles,Vigente hasta el 18 agosto de 2027,Límite de compra semanal de hasta Gs; Gs. 1.000.000,,https://www.bancontinental.com.py/api/comercios?_limit=-1
aa103087a7fafb3e,Continental,Supermercados,Supermercado Multicarnes - Miércoles de Supermercados,,20%; 20% de reintegro,reintegro,20%,miércoles,Los miércoles,Vigente hasta el 26 de noviembre de 2026,Límite de compra semanal de hasta Gs; Gs. 1.000.000,,https://www.bancontinental.com.py/api/comercios?_limit=-1
38a5bbec60e02a1a,Continental,Supermercados,Supermercado Primavera - Miércoles de Supermercados,,20%; 20% de reintegro,reintegro,20%,miércoles,Los miércoles,Vigente hasta el 07 de octubre de 2026,Límite de compra semanal de hasta Gs; Gs. 1.000.000,,https://www.bancontinental.com.py/api/comercios?_limit=-1
386821e1573bb1a8,Continental,Supermercados,Supermercado Sac - Miércoles de supermercados,,10%; 10% de reintegro,reintegro,10%,miércoles,Los miércoles,Vigente hasta el 18 de noviembre de 2026,Límite de compra semanal de hasta Gs; Gs. 1.000.000,,https://www.bancontinental.com.py/api/comercios?_limit=-1
861711f1939249eb,Continental,Supermercados,Supermercado Salemma - Miércoles de supermercados,,30%; Hasta 12 cuotas sin intereses; 30% de reintegro,cuotas_sin_intereses,30%,lunes; martes; miércoles; jueves; viernes; sábado; domingo,todos los días,Vigente hasta el 07 de abril de 2027,Límite de compra semanal de hasta Gs; Límite de compra mensual de Gs; Gs. 1.000.000; Gs. 50.000.000,,https://www.bancontinental.com.py/api/comercios?_limit=-1
59ab514280eb7cbf,Continental,Supermercados,Supermercado San Sebastian - Miércoles de Supermercados,,20%; 20% de reintegro,reintegro,20%,miércoles,Los miércoles,Vigente hasta el 09 de septiembre de 2026,Límite de compra semanal de hasta Gs; Gs. 1.000.000,,https://www.bancontinental.com.py/api/comercios?_limit=-1
5714105f900859b2,Continental,Supermercados,Supermercado San Vicente - Miércoles de supermercados,,20%; 20% de reintegro,reintegro,20%,miércoles,Los miércoles,Vigente hasta el 12 de mayo de 2027,Límite de compra semanal de hasta Gs; Gs. 1.000.000,,https://www.bancontinental.com.py/api/comercios?_limit=-1
6b807ec15544690d,Continental,Supermercados,Supermercado Santa Elena - Miércoles de Supermercados,,20%; 20% de reintegro,reintegro,20%,miércoles,Los miércoles,Vigente hasta el 02 de junio de 2027,Límite de compra semanal de hasta Gs; Gs. 1.000.000,,https://www.bancontinental.com.py/api/comercios?_limit=-1
af7ddfca1d616ac7,Continental,Supermercados,Supermercado Santa Rosa de Lima - Miércoles de Supermercados,,20%; 20% de reintegro,reintegro,20%,miércoles,Los miércoles,Vigente hasta el 07 de agosto de 2027,Límite de compra semanal de hasta Gs; Gs. 1.000.000,,https://www.bancontinental.com.py/api/comercios?_limit=-1
51000cb729bdb772,Continental,Supermercados,Supermercado Santo Domingo - Miércoles de Supermercados,,20%; 20% de reintegro,reintegro,20%,miércoles; domingo,Los miércoles,Vigente hasta el 05 de agosto de 2027,Límite de compra semanal de hasta Gs; Gs. 1.000.000,,https://www.bancontinental.com.py/api/comercios?_limit=-1
3dae4249cf36d101,Continental,Supermercados,Supermercado Schneider - Miércoles de supermercados,,20%; 20% de reintegro,reintegro,20%,miércoles,Los miércoles,Vigente hasta el 30 de septiembre de 2026,Límite de compra semanal de hasta Gs; Gs. 1.000.000,,https://www.bancontinental.com.py/api/comercios?_limit=-1
0325c3e63ca0ab93,Continental,Supermercados,Supermercado SyM - Miércoles de Supermercados,,20%; 20% de reintegro,reintegro,20%,miércoles,Los miércoles,Vigente hasta el 11 de agosto de 2027,Límite de compra semanal de hasta Gs; Gs. 1.000.000,,https://www.bancontinental.com.py/api/comercios?_limit=-1
a71197ac114afeed,Continental,Supermercados,Supermercado Victor - Miércoles de Supermercados,,20%; 20% de reintegro,reintegro,20%,miércoles,Los miércoles,Vigente hasta el 02 de septiembre de 2026,Límite de compra semanal de hasta Gs; Gs. 1.000.000,,https://www.bancontinental.com.py/api/comercios?_limit=-1
5080e39c523dbdad,Continental,Supermercados,Supermercado Ára - Miércoles de Supermercados,,20%; 20% de reintegro,reintegro,20%,miércoles,Los miércoles,Vigente hasta el 16 de junio de 2027,Límite de compra semanal de hasta Gs; Gs. 1.000.000,,https://www.bancontinental.com.py/api/comercios?_limit=-1
3f934cbc87ed4533,Continental,Supermercados,Supermás - Miércoles de Supermercados,,10%; 10% de reintegro,reintegro,10%,miércoles,Los miércoles,Vigente hasta el 21 de octubre de 2026,Límite de compra semanal de hasta Gs; Gs. 1.000.000,,https://www.bancontinental.com.py/api/comercios?_limit=-1
2714e6eeb09f82d8,Continental,Supermercados,Superseis - Miércoles de Supermercados,,20%; Hasta 18 cuotas sin intereses; 20% de reintegro,cuotas_sin_intereses,20%,lunes; martes; miércoles; jueves; viernes; sábado; domingo,todos los días,Vigente hasta el 31 de diciembre de 2026,Límite de compra semanal de hasta Gs; Límite de compra mensual de Gs; Gs. 1.000.000; Gs. 50.000.000,,https://www.bancontinental.com.py/api/comercios?_limit=-1
465a9717a63b58ad,Continental,Supermercados,Todo Chaco - Miércoles de Supermercados,,20%; 20% de reintegro,reintegro,20%,miércoles,Los miércoles,Vigente hasta el 09 de enero de 2027,Límite de compra semanal de hasta Gs; Gs. 1.000.000,,https://www.bancontinental.com.py/api/comercios?_limit=-1
8506f1ded1407f96,Continental,Supermercados,Total Abasto - Miércoles de Supermercados,,20%; 20% de reintegro,reintegro,20%,miércoles,Los miércoles,Vigente hasta el 18 de agosto de 2027,Límite de compra semanal de hasta Gs; Gs. 1.000.000,,https://www.bancontinental.com.py/api/comercios?_limit=-1
9dedf88b18aee11a,Continental,Supermercados,Ultra Minú - Minimarket de Estaciones de Servicio Ultra,,20%; 20% de reintegro,reintegro,20%,viernes,Los viernes,Vigente hasta el 09 de julio de 2027,Límite de compra mensual de hasta Gs; Gs. 500.000,,https://www.bancontinental.com.py/api/comercios?_limit=-1
92c229f4f7dc932a,Continental,Supermercados,Villa Sofía - Miércoles de supermercados,,20%; 20% de reintegro,reintegro,20%,miércoles,Los miércoles,Vigente hasta el 02 de septiembre de 2026,Límite de compra semanal de hasta Gs; Gs. 1.000.000,,https://www.bancontinental.com.py/api/comercios?_limit=-1
68a6d8ba21799751,Continental,Supermercados,Virgen del Rosario - Miércoles de Supermercados,,20%; 20% de reintegro,reintegro,20%,miércoles,Los miércoles,Vigente hasta el 26 de noviembre de 2026,Límite de compra semanal de hasta Gs; Gs. 1.000.000,,https://www.bancontinental.com.py/api/comercios?_limit=-1
3f275edebc2bc3b6,Continental,Tiendas,360 Sneaker Store,,Hasta 12 cuotas sin intereses; 25% de reintegro; 20% de reintegro,cuotas_sin_intereses,25%; 20%,lunes; martes; miércoles; jueves; viernes; sábado; domingo,todos los días,Vigente hasta el 03 de junio de 2027,Límite de compra mensual de hasta Gs; Gs. 3.000.000; Gs. 2.000.000; Gs. 50.000.000,,https://www.bancontinental.com.py/api/comercios?_limit=-1
5400130db9c2338e,Continental,Tiendas,A Y L Tienda,,20%; 20% de reintegro,reintegro,20%,jueves,los jueves,Vigente hasta el 23 de noviembre del 2026,Límites de compras: - Reintegros con límite de compra mensual de hasta Gs; Gs. 500.000,,https://www.bancontinental.com.py/api/comercios?_limit=-1
b7f00e1bed6374e2,Continental,Tiendas,AB Alejandro Benítez Calzados - Encarnación,,20%; 20% de reintegro,reintegro,20%,jueves,Los jueves,Vigente hasta el 27 de mayo de 2027,Límite de compras mensual de hasta Gs; Gs. 500.000,,https://www.bancontinental.com.py/api/comercios?_limit=-1
3302aee00ce415ec,Continental,Tiendas,AB Alejandro Benítez Calzados - Luque y Villamorra,,20%; Hasta 12 cuotas sin intereses; 20% de reintegro,cuotas_sin_intereses,20%,lunes; martes; miércoles; jueves; viernes; sábado; domingo,todos los días,Vigente hasta el 17 de septiembre de 2026,Límite de compras mensual de hasta Gs; Gs. 500.000; Gs. 50.000.000,,https://www.bancontinental.com.py/api/comercios?_limit=-1
3c88482aa50e23af,Continental,Tiendas,AL Store,,20%; 20% de reintegro,reintegro,20%,jueves,Los jueves,Vigente hasta el 17 de junio de 2027,Límite de compra de mensual de hasta Gs; Gs. 500.000,,https://www.bancontinental.com.py/api/comercios?_limit=-1
a9040058ea0e274d,Continental,Tiendas,Acuario Comercial,,10%; 20% de reintegro,reintegro,10%; 20%,jueves,Los jueves,Vigente hasta el 06 de noviembre de 2026,Límite de compra mensual de hasta Gs; Gs. 1.000.000,,https://www.bancontinental.com.py/api/comercios?_limit=-1
5540b85ba5026b88,Continental,Tiendas,Adidas,,Hasta 12 cuotas sin intereses; 25% de reintegro; 20% de reintegro,cuotas_sin_intereses,25%; 20%,lunes; martes; miércoles; jueves; viernes; sábado; domingo,todos los días,Vigente hasta el 03 de junio de 2027,Límite de compra mensual de hasta Gs; Gs. 3.000.000; Gs. 2.000.000; Gs. 50.000.000,,https://www.bancontinental.com.py/api/comercios?_limit=-1
42f3d3dec7625c46,Continental,Tiendas,Agugu Bebés,,Hasta 12 cuotas sin intereses,cuotas_sin_intereses,,lunes; martes; miércoles; jueves; viernes; sábado; domingo,Todos los días,Vigente hasta el 13 de agosto de 2027,Límite de compra mensual de hasta Gs; Gs. 50.000.000,,https://www.bancontinental.com.py/api/comercios?_limit=-1
11513fff689c8d13,Continental,Tiendas,Albertina,,25%; 25% de reintegro; 20% de reintegro,reintegro,25%; 20%,jueves,Los jueves,Vigente hasta el 10 de septiembre de 2026,Límite de compra mensual de hasta Gs; Gs. 1.000.000,,https://www.bancontinental.com.py/api/comercios?_limit=-1
3369bbc9672c43af,Continental,Tiendas,Alborada Super Store,,20%; 20% de reintegro,reintegro,20%,jueves,Los jueves,Vigente hasta el 15 de julio de 2027,Límite de compra mensual de hasta Gs; Gs. 1.000.000,,https://www.bancontinental.com.py/api/comercios?_limit=-1
59a49acfc7490c10,Continental,Tiendas,Alex Vidrios,,Hasta 12 cuotas sin intereses,cuotas_sin_intereses,,lunes; martes; miércoles; jueves; viernes; sábado; domingo,Todos los días,Vigente hasta el 27 de enero de 2027,Límite de compra mensual de hasta Gs; Gs. 50.000.000,,https://www.bancontinental.com.py/api/comercios?_limit=-1
b1f577bb49528107,Continental,Tiendas,Alexa Tienda,,20%; 20% de reintegro,reintegro,20%,jueves,los jueves,Vigente hasta el 27 de mayo de 2027,Límite de compras mensual de hasta de Gs; Gs. 1.000.000,,https://www.bancontinental.com.py/api/comercios?_limit=-1
cd0e1fd4c3be2ee6,Continental,Tiendas,Alhambra Alfombras,,Hasta 12 cuotas sin intereses,cuotas_sin_intereses,,lunes; martes; miércoles; jueves; viernes; sábado; domingo,Todos los días,Vigente hasta el 29 de mayo de 2027,Límite de compra mensual de hasta Gs; Gs. 50.000.000,,https://www.bancontinental.com.py/api/comercios?_limit=-1
65fa80d530c17872,Continental,Tiendas,Alma Novedades,,20%; Hasta 12 cuotas sin intereses; 20% de reintegro,cuotas_sin_intereses,20%,lunes; martes; miércoles; jueves; viernes; sábado; domingo,todos los días,Vigente hasta el 06 de mayo de 2027,Límite de compra mensual de hasta Gs; Gs. 500.000; Gs. 50.000.000,,https://www.bancontinental.com.py/api/comercios?_limit=-1
16cb12694f1b370d,Continental,Tiendas,Alternativa,,20%; 20% de reintegro,reintegro,20%,jueves,Los jueves,Vigente hasta el 26 de febrero de 2027,Límite de compra mensual de hasta Gs; Gs. 1.000.000,,https://www.bancontinental.com.py/api/comercios?_limit=-1
a9ec3ff22884c1b1,Continental,Tiendas,Alto Concepto Trajes,,20%; 20% de reintegro,reintegro,20%,jueves,los jueves,No especificado,Límites de compras: - Reintegros con límite de compra mensual de hasta Gs; Gs. 2.000.000,,https://www.bancontinental.com.py/api/comercios?_limit=-1
51ac473ab848c5a7,Continental,Tiendas,Arezzo,,Hasta 12 cuotas sin intereses,cuotas_sin_intereses,,lunes; martes; miércoles; jueves; viernes; sábado; domingo,Todos los días,Vigente hasta el 14 de agosto de 2027,Límite de compra mensual de hasta Gs; Gs. 50.000.000,,https://www.bancontinental.com.py/api/comercios?_limit=-1
4a3624618c4f0949,Continental,Tiendas,Atacado Connect,,Hasta 18 cuotas sin intereses,cuotas_sin_intereses,,lunes; martes; miércoles; jueves; viernes; sábado; domingo,Todos los días,Vigente hasta el 13 de marzo de 2027,Límite de compra mensual de hasta Gs; Gs. 50.000.000,,https://www.bancontinental.com.py/api/comercios?_limit=-1
4d46397f34ed73ca,Continental,Tiendas,Atemporal,,20%; 20% de reintegro,reintegro,20%,jueves,Los jueves,Vigente hasta 10 de junio de 2027,Límite de compra mensual de hasta Gs; Gs. 500.000,,https://www.bancontinental.com.py/api/comercios?_limit=-1
8dd01fd1ef5589d4,Continental,Tiendas,Atenas Sports,,hasta 12 cuotas sin intereses; 25% de reintegro; 20% de reintegro,cuotas_sin_intereses,25%; 20%,lunes; martes; miércoles; jueves; viernes; sábado; domingo,todos los días,Vigente hasta el 18 de mayo de 2027,Límite de compra mensual de hasta Gs; Límite de compra mensual de Gs; Gs. 2.000.000; Gs. 50.000.000,,https://www.bancontinental.com.py/api/comercios?_limit=-1
5f020e7141d786ce,Continental,Tiendas,Balboa,,Hasta 12 cuotas sin intereses; 25% de reintegro; 20% de reintegro,cuotas_sin_intereses,25%; 20%,lunes; martes; miércoles; jueves; viernes; sábado; domingo,todos los días,Vigente hasta el 03 de junio de 2027,Límite de compra mensual de hasta Gs; Gs. 3.000.000; Gs. 2.000.000; Gs. 50.000.000,,https://www.bancontinental.com.py/api/comercios?_limit=-1
356d784182982f2e,Continental,Tiendas,Barista Róga,,Hasta 12 cuotas sin intereses,cuotas_sin_intereses,,lunes; martes; miércoles; jueves; viernes; sábado; domingo,Todos los días,Vigente hasta el 31 de diciembre del 2026,Límites de compras: - Cuotas sin intereses con límite de compra mensual de Gs; Gs. 50.000.000,,https://www.bancontinental.com.py/api/comercios?_limit=-1
4e4a0e17c4bf4b7d,Continental,Tiendas,Benditta Collection,,15%; hasta 12 cuotas sin intereses; 10% de reintegro; 15% de descuento,cuotas_sin_intereses,15%; 10%,lunes; martes; miércoles; jueves; viernes; sábado; domingo,todos los días,Vigente hasta el 03 de septiembre del 2026,Límites de compras: - Reintegros con límite de compra mensual de hasta Gs; límite de compra mensual de Gs; Gs. 1.000.000; Gs. 50.000.000,,https://www.bancontinental.com.py/api/comercios?_limit=-1
ff0756763498bddf,Continental,Tiendas,Bertoni,,20%; hasta 12 cuotas sin intereses; 25% de reintegro; 20% de reintegro,cuotas_sin_intereses,20%; 25%,lunes; martes; miércoles; jueves; viernes; sábado; domingo,todos los días,Vigente hasta el 15 abril de 2027,Límite de compra mensual de hasta Gs; Límite de compra de hasta Gs; Gs. 2.000.000; Gs. 50.000.000,,https://www.bancontinental.com.py/api/comercios?_limit=-1
cc27e5f6e467958c,Continental,Tiendas,Birkenstock,,25% de reintegro; 20% de reintegro,reintegro,25%; 20%,jueves,los jueves,Vigente hasta el 13 de noviembre de 2026,Límite de compra mensual de hasta Gs; Gs. 1.000.000,,https://www.bancontinental.com.py/api/comercios?_limit=-1
5a46958bfda5a355,Continental,Tiendas,Bodega Boutique,,20%; 25% de reintegro; 20% de reintegro,reintegro,20%; 25%,viernes; sábado,Los viernes,Vigente hasta el 25 de septiembre de 2026,Límite de compra mensual de hasta Gs; Gs. 1.000.000,,https://www.bancontinental.com.py/api/comercios?_limit=-1
28686c05a1134f76,Continental,Tiendas,Body Club,,20%; hasta 12 cuotas sin intereses; 20% de reintegro,cuotas_sin_intereses,20%,lunes; martes; miércoles; jueves; viernes; sábado; domingo,todos los días,Vigente hasta el 15 de abril de 2027,Límite de compra mensual de hasta Gs; Límite de compra mensual de Gs; Gs. 1.000.000; Gs. 50.000.000,,https://www.bancontinental.com.py/api/comercios?_limit=-1
2a896e1fdd618f43,Continental,Tiendas,Body Sculpt,,hasta 12 cuotas sin intereses; 20% en caja,cuotas_sin_intereses,20%,lunes; martes; miércoles; jueves; viernes; sábado; domingo,todos los días,Vigente hasta el 04 de febrero del 2027,Límite de compra mensual de hasta Gs; Gs. 50.000.000,,https://www.bancontinental.com.py/api/comercios?_limit=-1
9f8846df0e30fac9,Continental,Tiendas,Buscapies,,20%; hasta 6 cuotas sin intereses; 20% de reintegro,cuotas_sin_intereses,20%,lunes; martes; miércoles; jueves; viernes; sábado; domingo,todos los días,Vigente desde el 15 de enero de 2026 hasta el 7 de enero de 2027,Límite de compra mensual de hasta Gs; límite de compra mensual de Gs; Gs. 1.000.000; Gs. 50.000.000,,https://www.bancontinental.com.py/api/comercios?_limit=-1
71aace636f0fb4c0,Continental,Tiendas,CAT,,25%; Hasta 12 cuotas sin intereses; 25% de reintegro; 20% de reintegro,cuotas_sin_intereses,25%; 20%,lunes; martes; miércoles; jueves; viernes; sábado; domingo,todos los días,Vigente hasta el 01 de julio de 2027,Límite de compra mensual de hasta Gs; Gs. 2.000.000; Gs. 50.000.000,,https://www.bancontinental.com.py/api/comercios?_limit=-1
c55d7f6f172fc412,Continental,Tiendas,CEI Calzados,,20%; hasta 12 cuotas sin intereses; 20% de reintegro,cuotas_sin_intereses,20%,lunes; martes; miércoles; jueves; viernes; sábado; domingo,todos los días,Vigente desde el 15 de enero de 2026 hasta el 27 de enero de 2027,Límite de compra mensual de hasta Gs; límite de compra mensual de Gs; Gs. 1.000.000; Gs. 50.000.000,,https://www.bancontinental.com.py/api/comercios?_limit=-1
ff14a3dfdb58783b,Continental,Tiendas,Casa Antola,,20%; hasta 12 cuotas sin intereses; 20% de reintegro,cuotas_sin_intereses,20%,lunes; martes; miércoles; jueves; viernes; sábado; domingo,todos los días,Vigente hasta el 03 de noviembre de 2026,Límites de compras: - Reintegros con límite de compra mensual de hasta Gs; límite de compra mensual de Gs; Gs. 1.000.000; Gs. 50.000.000,,https://www.bancontinental.com.py/api/comercios?_limit=-1
1e17a176298f1978,Continental,Tiendas,Casa Bakunovich,,20%; hasta 12 cuotas sin intereses; 20% de reintegro,cuotas_sin_intereses,20%,lunes; martes; miércoles; jueves; viernes; sábado; domingo,todos los días,Vigente hasta el 22 de diciembre del 2026,Límites de compras: - Reintegros con límite de compra mensual de hasta Gs; límite de compra mensual de Gs; Gs.1.000.000; Gs. 50.000.000,,https://www.bancontinental.com.py/api/comercios?_limit=-1
a1b0d9ab461d5d0b,Continental,Tiendas,Casa China,,15%; 15% de reintegro,reintegro,15%,jueves,Los jueves,Vigente hasta el 08 de junio de 2027,Límite de compras mensual de hasta Gs; Gs. 500.000,,https://www.bancontinental.com.py/api/comercios?_limit=-1
7371e15f9674b19b,Continental,Tiendas,Casa Heri Calzados,,20%; 20% de reintegro,reintegro,20%,jueves,los jueves,Vigente hasta el 21 de enero de 2027,Límite de compra mensual de hasta Gs; Gs. 1.000.000,,https://www.bancontinental.com.py/api/comercios?_limit=-1
4b241e7c006596e9,Continental,Tiendas,Casa Miró,,20%; Hasta 12 cuotas sin intereses; 20% de reintegro,cuotas_sin_intereses,20%,lunes; martes; miércoles; jueves; viernes; sábado; domingo,todos los días,Vigente hasta el 01 de octubre de 2026,Límite de compra mensual de Gs; Gs. 3.000.000; Gs. 50.000.000,,https://www.bancontinental.com.py/api/comercios?_limit=-1
36b7fc96f93dd26f,Continental,Tiendas,Casa Omnia,,25%; Hasta 12 cuotas sin intereses; 25% de reintegro; 20% de reintegro,cuotas_sin_intereses,25%; 20%,lunes; martes; miércoles; jueves; viernes; sábado; domingo,todos los días,Vigente hasta el 20 de mayo de 2027,Límite de compra mensual de hasta Gs; Gs. 2.000.000; Gs. 50.000.000,,https://www.bancontinental.com.py/api/comercios?_limit=-1
ebfe2bfa6bf84284,Continental,Tiendas,Casa Vera,,Hasta 12 cuotas sin intereses,cuotas_sin_intereses,,lunes; martes; miércoles; jueves; viernes; sábado; domingo,Todos los días,Vigente hasta el 14 de octubre de 2026,Límite de compra mensual de hasta Gs; Gs. 50.000.000,,https://www.bancontinental.com.py/api/comercios?_limit=-1
50e34986420bf777,Continental,Tiendas,Casa de Campo,,20%; 20% de reintegro,reintegro,20%,jueves,los jueves,Vigente hasta el 12 de noviembre del 2026,Límites de compras: - Reintegros con límite de compra mensual de hasta Gs; Gs. 1.000.000,,https://www.bancontinental.com.py/api/comercios?_limit=-1
21b404208349274d,Continental,Tiendas,CellShop,,Hasta 12 cuotas sin intereses,cuotas_sin_intereses,,lunes; martes; miércoles; jueves; viernes; sábado; domingo,Todos los días,Vigente hasta el 18 de febrero de 2027,Límite de compra mensual de hasta Gs; Gs. 50.000.000,,https://www.bancontinental.com.py/api/comercios?_limit=-1
0d02271a4cda923a,Continental,Tiendas,Centric Shopping Pilar,,Hasta 12 cuotas sin intereses,cuotas_sin_intereses,,lunes; martes; miércoles; jueves; viernes; sábado; domingo,Todos los días,Vigente hasta el 22 de abril de 2027,Límite de compra mensual de Gs; Gs. 50.000.000,,https://www.bancontinental.com.py/api/comercios?_limit=-1
0520175555d2a335,Continental,Tiendas,Champs Elysées,,20%; hasta 12 cuotas sin intereses; 20% de reintegro; 25% de reintegro,cuotas_sin_intereses,20%; 25%,lunes; martes; miércoles; jueves; viernes; sábado; domingo,todos los días,No especificado,Límites de compras: - Reintegros del 20% con límite de compra mensual de hasta Gs; límite de compra mensual de hasta Gs; límite de compra mensual de Gs; Gs. 1.000.000; Gs. 2.000.000; Gs. 50.000.000,,https://www.bancontinental.com.py/api/comercios?_limit=-1
e37dd09e25a81a2d,Continental,Tiendas,Chetos & Chetitos,,20%; 20% de reintegro,reintegro,20%,jueves,los jueves,Vigente hasta el 29 de abril del 2027,Límite de compra mensual de hasta Gs; Gs. 1.000.000,,https://www.bancontinental.com.py/api/comercios?_limit=-1
06da5d831e62ddf6,Continental,Tiendas,Cindy & Co.,,20%; 20% de reintegro,reintegro,20%,jueves,los jueves,"Vigente hasta el 11 de septiembre de 2026 (*) No participan las tarjetas Pre-Pagas, Gourmet Card ni Cabal",Límite de compras mensual de hasta Gs; Gs. 1.000.000,,https://www.bancontinental.com.py/api/comercios?_limit=-1
45f618f6bc426937,Continental,Tiendas,Claudia Boutique,,10%; hasta 12 cuotas sin intereses; 10 % de descuento,cuotas_sin_intereses,10%; 10 %,lunes; martes; miércoles; jueves; viernes; sábado; domingo,todos los días,Vigente hasta el 27 de agosto de 2026,Límites de compras: - Cuotas sin intereses con límite de compra mensual de Gs; Gs. 50.000.000,,https://www.bancontinental.com.py/api/comercios?_limit=-1
378553642f719a6b,Continental,Tiendas,Click Box,,Hasta 18 cuotas sin intereses,cuotas_sin_intereses,,lunes; martes; miércoles; jueves; viernes; sábado; domingo,Todos los días,Vigente hasta el 15 de diciembre de 2026,Límite de compra: - Cuotas sin intereses con límite de compra mensual de Gs; Gs. 50.000.000,,https://www.bancontinental.com.py/api/comercios?_limit=-1
f3bfb9e48ac0b25b,Continental,Tiendas,Coco Fit,,20%; hasta 12 cuotas sin intereses; 20% de reintegro,cuotas_sin_intereses,20%,lunes; martes; miércoles; jueves; viernes; sábado; domingo,todos los días,"Vigente hasta el 03 de febrero del 2027 (*) Beneficio exclusivo para compras de consumo personal o familiar, no aplica a compras con fines comerciales",Límite de compra mensual de hasta Gs; Gs. 1.000.000; Gs. 50.000.000,,https://www.bancontinental.com.py/api/comercios?_limit=-1
0403a0df26b8bcf4,Continental,Tiendas,Cole Haan,,25%; Hasta 12 cuotas sin intereses; 25% de reintegro; 20% de reintegro,cuotas_sin_intereses,25%; 20%,lunes; martes; miércoles; jueves; viernes; sábado; domingo,todos los días,Vigente hasta el 01 de julio de 2027,Límite de compra mensual de hasta Gs; Gs. 2.000.000; Gs. 50.000.000,,https://www.bancontinental.com.py/api/comercios?_limit=-1
af77fb738c77ebf6,Continental,Tiendas,Comercial El Lorito,,Hasta 12 cuotas sin intereses,cuotas_sin_intereses,,lunes; martes; miércoles; jueves; viernes; sábado; domingo,Todos los días,Vigente desde el 27 de mayo de 2025 hasta el 26 de mayo de 2027,Límite de compra mensual de hasta Gs; Gs. 50.000.000,,https://www.bancontinental.com.py/api/comercios?_limit=-1
b7f1716efeadac09,Continental,Tiendas,Crocs,,25%; Hasta 12 cuotas sin intereses; 25% de reintegro; 20% de reintegro,cuotas_sin_intereses,25%; 20%,lunes; martes; miércoles; jueves; viernes; sábado; domingo,todos los días,Vigente hasta el 01 de julio de 2027,Límite de compra mensual de hasta Gs; Gs. 2.000.000; Gs. 50.000.000,,https://www.bancontinental.com.py/api/comercios?_limit=-1
fe3529b107db53b9,Continental,Tiendas,Cuna Bella,,20%; Hasta 12 cuotas sin intereses; 20% de reintegro,cuotas_sin_intereses,20%,lunes; martes; miércoles; jueves; viernes; sábado; domingo,todos los días,Vigente hasta el 13 de mayo de 2027,Límite de compra mensual de hasta Gs; Gs. 1.000.000; Gs. 50.000.000,,https://www.bancontinental.com.py/api/comercios?_limit=-1
9e76b1c332e69a31,Continental,Tiendas,DV Cueros,,20%; 20% de reintegro,reintegro,20%,jueves,los jueves,Vigente hasta el 03 de septiembre de 2026,Límite de compra mensual de hasta Gs; Gs. 2.000.000,,https://www.bancontinental.com.py/api/comercios?_limit=-1
d7db6c25828abac0,Continental,Tiendas,De Marie,,Hasta 12 cuotas sin intereses; 25% de reintegro; 20% de reintegro,cuotas_sin_intereses,25%; 20%,lunes; martes; miércoles; jueves; viernes; sábado; domingo,todos los días,Vigente hasta el 03 de junio de 2027,Límite de compra mensual de hasta Gs; Gs. 3.000.000; Gs. 2.000.000; Gs. 50.000.000,,https://www.bancontinental.com.py/api/comercios?_limit=-1
142563026236006d,Continental,Tiendas,Deport Center,,30%; Hasta 12 cuotas sin intereses; 30% de reintegro,cuotas_sin_intereses,30%,lunes; martes; miércoles; jueves; viernes; sábado; domingo,todos los días,Vigente hasta el 22 de julio de 2027,Límite de compras mensual de hasta Gs; Gs. 1.000.000; Gs. 50.000.000,,https://www.bancontinental.com.py/api/comercios?_limit=-1
94fd5a2d41e4c7d0,Continental,Tiendas,Dermash,,25% de reintegro; 20% de reintegro,reintegro,25%; 20%,jueves,los jueves,No especificado,Límite de compra mensual de hasta Gs; Gs. 2.000.000,,https://www.bancontinental.com.py/api/comercios?_limit=-1
e9433eaf2e923d71,Continental,Tiendas,Deysi Boutique,,20%; 20% de reintegro,reintegro,20%,jueves,los jueves,Vigente hasta el 29 del octubre del 2026,Límites de compras: - Reintegros con límite de compra mensual de hasta Gs; Gs. 500.0000,,https://www.bancontinental.com.py/api/comercios?_limit=-1
2e47dbb8b3990b3e,Continental,Tiendas,Dilara Boutique,,20%; hasta 6 cuotas sin intereses; 20% de reintegro,cuotas_sin_intereses,20%,lunes; martes; miércoles; jueves; viernes; sábado; domingo,todos los días,Vigente hasta el 15 de abril de 2027,Límite de compra mensual de hasta Gs; Límite de compra mensual de Gs; Gs. 1.000.000; Gs. 50.000.000,,https://www.bancontinental.com.py/api/comercios?_limit=-1
1be74f23c70edd3f,Continental,Tiendas,Discovery Foot Wear,,30%; Hasta 12 cuotas sin intereses; 30% de descuento,cuotas_sin_intereses,30%,lunes; martes; miércoles; jueves; viernes; sábado; domingo,todos los días,Vigente hasta el 30 de mayo de 2027,Límite de compra mensual de hasta Gs; Gs. 50.000.000,,https://www.bancontinental.com.py/api/comercios?_limit=-1
af8ca5e105933263,Continental,Tiendas,Dudalina,,15%; hasta 12 cuotas sin intereses; 10% de reintegro; 15% de descuento,cuotas_sin_intereses,15%; 10%,lunes; martes; miércoles; jueves; viernes; sábado; domingo,todos los días,Vigente hasta el 03 de septiembre del 2026,Límites de compras: - Reintegros con límite de compra mensual de hasta Gs; límite de compra mensual de Gs; Gs. 1.000.000; Gs. 50.000.000,,https://www.bancontinental.com.py/api/comercios?_limit=-1
b71cee1d6b81a792,Continental,Tiendas,Dynamite Store,,10%; Hasta 12 cuotas sin intereses; 10% de descuento,cuotas_sin_intereses,10%,lunes; martes; miércoles; jueves; viernes; sábado; domingo,todos los días,Vigente hasta el 19 de septiembre de 2026,Límite de compra mensual de hasta Gs; Gs. 50.000.000,,https://www.bancontinental.com.py/api/comercios?_limit=-1
773cba9b29266685,Continental,Tiendas,El Juguetero,,20%; hasta 12 cuotas sin intereses; 20% de descuento,cuotas_sin_intereses,20%,lunes; martes; miércoles; jueves; viernes; sábado; domingo,todos los días,Vigente hasta el 19 de mayo de 2027,Límite de compra mensual de Gs; Gs. 50.000.000,,https://www.bancontinental.com.py/api/comercios?_limit=-1
1dabdcb25bd112ae,Continental,Tiendas,El Mundo del Cotillón,,20%; hasta 12 cuotas sin intereses; 20% de reintegro,cuotas_sin_intereses,20%,lunes; martes; miércoles; jueves; viernes; sábado; domingo,todos los días,Vigente hasta el 20 de agosto de 2026,Límites de compras: - Reintegros con límite de compra mensual de hasta Gs; límite de compra mensual de Gs; Gs. 2.000.000; Gs. 50.000.000,,https://www.bancontinental.com.py/api/comercios?_limit=-1
e7186dfaad92dfb4,Continental,Tiendas,El Negro Suplementos,,35%; Hasta 12 cuotas sin intereses; 15% de reintegro; 10% de reintegro; 35% de descuento,cuotas_sin_intereses,35%; 15%; 10%,lunes; martes; miércoles; jueves; viernes; sábado; domingo,todos los días,Vigente hasta el 17 de junio de 2027,Límite de compra mensual de hasta Gs; Gs. 1.000.000; Gs. 50.000.000,,https://www.bancontinental.com.py/api/comercios?_limit=-1
74f5c64a2e8d7e0b,Continental,Tiendas,Elefante Negro,,25% de reintegro,reintegro,25%,jueves,los jueves,Vigente hasta 03 de junio de 2027,Límite de compra mensual de hasta Gs; Gs. 2.000.000,,https://www.bancontinental.com.py/api/comercios?_limit=-1
e1f73d4e7e3f215d,Continental,Tiendas,Elizabeth Macoritto - Vestidos,,Hasta 12 cuotas sin intereses,cuotas_sin_intereses,,lunes; martes; miércoles; jueves; viernes; sábado; domingo,Todos los días,"Vigente hasta el 05 de marzo del 2027 (*) No participan las tarjetas Pre-Pagas, Gourmet Card ni Cabal",Límite de compra mensual de hasta Gs; Gs. 50.000.000,,https://www.bancontinental.com.py/api/comercios?_limit=-1
e18b1b4dfac28b55,Continental,Tiendas,Eneache,,20%; 20% de reintegro,reintegro,20%,jueves,los jueves,Vigente hasta el 08 de abril de 2027,Límite de compras mensual de hasta Gs; Gs. 2.000.000,,https://www.bancontinental.com.py/api/comercios?_limit=-1
f87b92723d7390bc,Continental,Tiendas,Enerbike,,Hasta 12 cuotas sin intereses,cuotas_sin_intereses,,lunes; martes; miércoles; jueves; viernes; sábado; domingo,Todos los días,Vigente hasta el 31 de julio de 2027,Límite de compra mensual de hasta Gs; Gs. 50.000.000,,https://www.bancontinental.com.py/api/comercios?_limit=-1
a3085ce464c3af95,Continental,Tiendas,Essen,,Hasta 12 cuotas sin intereses; 30% de descuento; 10% de descuento,cuotas_sin_intereses,30%; 10%,lunes; martes; miércoles; jueves; viernes; sábado; domingo,Todos los días,Vigente hasta el 05 de junio de 2027,Límite de compra mensual de hasta Gs; Gs. 50.000.000,,https://www.bancontinental.com.py/api/comercios?_limit=-1
63a6ae43b2131ccc,Continental,Tiendas,FC Lab,,Hasta 12 cuotas sin intereses; 25% de reintegro; 20% de reintegro,cuotas_sin_intereses,25%; 20%,lunes; martes; miércoles; jueves; viernes; sábado; domingo,todos los días,Vigente hasta el 03 de junio de 2027,Límite de compra mensual de hasta Gs; Gs. 3.000.000; Gs. 2.000.000; Gs. 50.000.000,,https://www.bancontinental.com.py/api/comercios?_limit=-1
37792cb1d88e84a5,Continental,Tiendas,Facha Facha,,20%; 20% de reintegro,reintegro,20%,jueves,los jueves,"Vigente hasta el 11 de marzo de 2027 (*) No participan las tarjetas Pre-Pagas, Gourmet Card ni Cabal",Límite de compras mensual de hasta Gs; Gs. 2.000.000,,https://www.bancontinental.com.py/api/comercios?_limit=-1
b2e3bcbb60f8c8d1,Continental,Tiendas,Fashion Store,,10%; hasta 12 cuotas sin intereses; 10% de descuento,cuotas_sin_intereses,10%,lunes; martes; miércoles; jueves; viernes; sábado; domingo,todos los días,Vigente hasta el 21 de agosto del 2026,Límites de compras: - Cuotas sin intereses con límite de compra mensual de Gs; Gs. 50.000.000,,https://www.bancontinental.com.py/api/comercios?_limit=-1
aa28a1333acd5efd,Continental,Tiendas,Fiori Florería,,15%; hasta 6 cuotas sin intereses; 15% de reintegro,cuotas_sin_intereses,15%,lunes; martes; miércoles; jueves; viernes; sábado; domingo,todos los días,Vigente hasta el 21 de diciembre de 2026,Límite de compra mensual de hasta Gs; Límite de compra mensual de Gs; Gs. 1.000.000; Gs. 50.000.000,,https://www.bancontinental.com.py/api/comercios?_limit=-1
2091839cf521dd8a,Continental,Tiendas,Fitway,,25%; 25% de reintegro; 20% de reintegro,reintegro,25%; 20%,jueves,los jueves,Vigente hasta el 25 de marzo de 2027,Límite de compras mensual de hasta Gs; Gs. 1.000.000,,https://www.bancontinental.com.py/api/comercios?_limit=-1
03f760dd537d3473,Continental,Tiendas,Flash Importados,,20%; Hasta 12 cuotas sin intereses; 20% de reintegro,cuotas_sin_intereses,20%,lunes; martes; miércoles; jueves; viernes; sábado; domingo,todos los días,Vigente hasta el 27 de agosto de 2026,Límites de compras: - Reintegros con límite de compra mensual de hasta Gs; límite de compra mensual de Gs; Gs. 2.000.000; Gs. 50.000.000,,https://www.bancontinental.com.py/api/comercios?_limit=-1
7b0e37844a69fa8f,Continental,Tiendas,Forever 21,,20%; hasta 12 cuotas sin intereses; 20% de reintegro; 25% de reintegro,cuotas_sin_intereses,20%; 25%,lunes; martes; miércoles; jueves; viernes; sábado; domingo,todos los días,No especificado,Límites de compras: - Reintegros del 20% con límite de compra mensual de hasta Gs; límite de compra mensual de hasta Gs; límite de compra mensual de Gs; Gs. 1.000.000; Gs. 2.000.000; Gs. 50.000.000,,https://www.bancontinental.com.py/api/comercios?_limit=-1
84b82bbe9faa53e0,Continental,Tiendas,Forever 21 - Privilege,,25%; hasta 12 cuotas sin intereses; 25% de reintegro,cuotas_sin_intereses,25%,lunes; martes; miércoles; jueves; viernes; sábado; domingo,todos los días,Vigente hasta el 01 de octubre del 2026,Límites de compras: - Reintegros con límite de compra mensual de hasta Gs; límite de compra mensual de Gs; Gs. 2.000.000; Gs. 50.000.000,,https://www.bancontinental.com.py/api/comercios?_limit=-1
37d5ad2178fee2c5,Continental,Tiendas,Freesia Cosméticos,,Hasta 12 cuotas sin intereses,cuotas_sin_intereses,,lunes; martes; miércoles; jueves; viernes; sábado; domingo,Todos los días,Vigente hasta el 19 de noviembre de 2026,Límite de compras: - Cuotas sin intereses con límite de compra mensual de Gs; Gs. 50.000.000,,https://www.bancontinental.com.py/api/comercios?_limit=-1
469d028741470c48,Continental,Tiendas,Furla,,Hasta 12 cuotas sin intereses,cuotas_sin_intereses,,lunes; martes; miércoles; jueves; viernes; sábado; domingo,Todos los días,Vigente hasta el 14 de agosto de 2027,Límite de compra mensual de hasta Gs; Gs. 50.000.000,,https://www.bancontinental.com.py/api/comercios?_limit=-1
0aed1f38942def02,Continental,Tiendas,GH1S,,25% de reintegro,reintegro,25%,jueves,los jueves,Vigente hasta el 20 de noviembre del 2026,Límites de compras: - Reintegros con límite de compra mensual de hasta Gs; Gs. 1.000.000,,https://www.bancontinental.com.py/api/comercios?_limit=-1
2d8e5a1e4842d846,Continental,Tiendas,Gaete - Tienda Deportiva,,20%; 20% de reintegro,reintegro,20%,jueves,los jueves,"Vigente hasta el 25 de febrero del 2027 (*) No participan las tarjetas Pre-Pagas, Gourmet Card ni Cabal",Límite de compras mensual de hasta Gs; Gs. 1.000.000,,https://www.bancontinental.com.py/api/comercios?_limit=-1
8205a53cde183e24,Continental,Tiendas,Ganian Petshop,,20%; 20% de reintegro,reintegro,20%,jueves,Los jueves,Vigente hasta el 08 de junio de 2027,Límite de compras mensual de hasta Gs; Gs. 500.000,,https://www.bancontinental.com.py/api/comercios?_limit=-1
135d83520871e2a0,Continental,Tiendas,Gilardini,,20%; hasta 12 cuotas sin intereses; 20% de reintegro,cuotas_sin_intereses,20%,lunes; martes; miércoles; jueves; viernes; sábado; domingo,todos los días,Vigente hasta el 18 de marzo de 2027,Límite de compras mensual de hasta Gs; Gs. 3.000.000; Gs. 50.000.000,,https://www.bancontinental.com.py/api/comercios?_limit=-1
bdcd62ad294e38cf,Continental,Tiendas,Giorgio Redaelli,,20%; 20% de reintegro,reintegro,20%,jueves,los jueves,Vigente hasta el 27 de mayo de 2027,Límite de compras mensual de hasta de Gs; Gs. 1.000.000,,https://www.bancontinental.com.py/api/comercios?_limit=-1
9105b725120c496d,Continental,Tiendas,Glamore Shoes,,20%; 25% de reintegro; 20% de reintegro,reintegro,20%; 25%,jueves,Los jueves,Vigente hasta el 05 de febrero de 2027,Límite de compra mensual de hasta Gs; Gs. 1.500.000,,https://www.bancontinental.com.py/api/comercios?_limit=-1
b474e2b8c4d1fbd8,Continental,Tiendas,Guess,,25%; Hasta 12 cuotas sin intereses; 25% de reintegro; 20% de reintegro,cuotas_sin_intereses,25%; 20%,lunes; martes; miércoles; jueves; viernes; sábado; domingo,todos los días,Vigente hasta el 01 de julio de 2027,Límite de compra mensual de hasta Gs; Gs. 2.000.000; Gs. 50.000.000,,https://www.bancontinental.com.py/api/comercios?_limit=-1
37838d6f410c4cad,Continental,Tiendas,HeartWood,,20%; 20% de reintegro,reintegro,20%,lunes; martes; miércoles; jueves; viernes; sábado; domingo,Todos los días,Vigente hasta el 12 de agosto de 2027,Límite de compra mensual de hasta Gs; Gs. 2.000.000,,https://www.bancontinental.com.py/api/comercios?_limit=-1
fc27ef4e43390902,Continental,Tiendas,Hey Dude,,25%; Hasta 12 cuotas sin intereses; 25% de reintegro; 20% de reintegro,cuotas_sin_intereses,25%; 20%,lunes; martes; miércoles; jueves; viernes; sábado; domingo,todos los días,Vigente hasta el 01 de julio de 2027,Límite de compra mensual de hasta Gs; Gs. 2.000.000; Gs. 50.000.000,,https://www.bancontinental.com.py/api/comercios?_limit=-1
b0e4a2a91d0e633b,Continental,Tiendas,Hope,,Hasta 12 cuotas sin intereses,cuotas_sin_intereses,,lunes; martes; miércoles; jueves; viernes; sábado; domingo,Todos los días,Vigente hasta el 14 de agosto de 2027,Límite de compra mensual de hasta Gs; Gs. 50.000.000,,https://www.bancontinental.com.py/api/comercios?_limit=-1
983d4a17b0ab7d1d,Continental,Tiendas,ISDIN,,20%; hasta 12 cuotas sin intereses; 20% de reintegro; 25% de reintegro,cuotas_sin_intereses,20%; 25%,lunes; martes; miércoles; jueves; viernes; sábado; domingo,todos los días,No especificado,Límites de compras: - Reintegros del 20% con límite de compra mensual de hasta Gs; límite de compra mensual de hasta Gs; límite de compra mensual de Gs; Gs. 1.000.000; Gs. 2.000.000; Gs. 50.000.000,,https://www.bancontinental.com.py/api/comercios?_limit=-1
674fdc05052280da,Continental,Tiendas,Intershop,,Hasta 18 cuotas sin intereses,cuotas_sin_intereses,,lunes; martes; miércoles; jueves; viernes; sábado; domingo,Todos los días,Vigente hasta el 10 de abril del 2027,Límite de compra mensual de hasta Gs; Gs. 50.000.000,,https://www.bancontinental.com.py/api/comercios?_limit=-1
65d53193ec1359b1,Continental,Tiendas,Ipacarai Import - Export S.A,,30%; Hasta 12 cuotas sin intereses; 30% de reintegro,cuotas_sin_intereses,30%,lunes; martes; miércoles; jueves; viernes; sábado; domingo,todos los días,Vigente hasta el 17 de junio de 2027,Límite de compra mensual de hasta Gs; Gs. 2.000.000; Gs. 50.000.000,,https://www.bancontinental.com.py/api/comercios?_limit=-1
aeb7d58da564da7e,Continental,Tiendas,Iphone Service,,Hasta 12 cuotas sin intereses,cuotas_sin_intereses,,lunes; martes; miércoles; jueves; viernes; sábado; domingo,Todos los días,Vigente hasta el 20 de octubre de 2026,Límite de compra de hasta Gs; Gs. 50.000.000,,https://www.bancontinental.com.py/api/comercios?_limit=-1
71556f147d1ef6af,Continental,Tiendas,Iron Store,,20%; hasta 12 cuotas sin intereses; 20% de reintegro,cuotas_sin_intereses,20%,lunes; martes; miércoles; jueves; viernes; sábado; domingo,todos los días,Vigente hasta el 13 de mayo de 2027,Límite de compra mensual de hasta Gs; Límite de compra mensual de Gs; Gs. 1.000.000; Gs. 50.000.000,,https://www.bancontinental.com.py/api/comercios?_limit=-1
1832be54c8d40551,Continental,Tiendas,Jack y Jones,,20%; hasta 12 cuotas sin intereses; 20% de reintegro; 25% de reintegro,cuotas_sin_intereses,20%; 25%,lunes; martes; miércoles; jueves; viernes; sábado; domingo,todos los días,No especificado,Límites de compras: - Reintegros del 20% con límite de compra mensual de hasta Gs; límite de compra mensual de hasta Gs; límite de compra mensual de Gs; Gs. 1.000.000; Gs. 2.000.000; Gs. 50.000.000,,https://www.bancontinental.com.py/api/comercios?_limit=-1
bdaecceebfd9e893,Continental,Tiendas,Jack y Jones,,hasta 12 cuotas sin intereses; 25% de reintegro,cuotas_sin_intereses,25%,lunes; martes; miércoles; jueves; viernes; sábado; domingo,todos los días,Vigente hasta el 01 de octubre del 2026,Límites de compras: - Reintegros con límite de compra mensual de hasta Gs; límite de compra mensual de Gs; Gs. 2.000.000; Gs. 50.000.000,,https://www.bancontinental.com.py/api/comercios?_limit=-1
a972183a3b739e6f,Continental,Tiendas,Jakare - La Tienda,,hasta 12 cuotas sin intereses; 20% de reintegro; 25% de reintegro,cuotas_sin_intereses,20%; 25%,lunes; martes; miércoles; jueves; viernes; sábado; domingo,todos los días,Vigente hasta el 18 de mayo de 2027,Límite de compra mensual de Gs; Gs. 2.000.000; Gs. 50.000.000,,https://www.bancontinental.com.py/api/comercios?_limit=-1
af17ccca12c75b42,Continental,Tiendas,JazBi Accesorios,,Hasta 12 cuotas sin intereses,cuotas_sin_intereses,,lunes; martes; miércoles; jueves; viernes; sábado; domingo,Todos los días,Vigente hasta el 13 de octubre del 2026,Límites de compras: - Cuotas sin intereses con límite de compra mensual de Gs; Gs. 50.000.000,,https://www.bancontinental.com.py/api/comercios?_limit=-1
0c4631bdb1ae2773,Continental,Tiendas,Jeep Apparel,,25%; Hasta 12 cuotas sin intereses; 25% de reintegro; 20% de reintegro,cuotas_sin_intereses,25%; 20%,lunes; martes; miércoles; jueves; viernes; sábado; domingo,todos los días,Vigente hasta el 01 de julio de 2027,Límite de compra mensual de hasta Gs; Gs. 2.000.000; Gs. 50.000.000,,https://www.bancontinental.com.py/api/comercios?_limit=-1
0c5b4b7338a0e6cd,Continental,Tiendas,Jessica Valentina Boutique,,20%; 20% de reintegro,reintegro,20%,jueves,los jueves,"Vigente hasta el 18 de marzo de 2027 (*) No participan las tarjetas Pre-Pagas, Gourmet Card ni Cabal",Límite de compras mensual de hasta Gs; Gs. 1.000.000,,https://www.bancontinental.com.py/api/comercios?_limit=-1
166c699d252eba8b,Continental,Tiendas,Jessica Valentina Lingerie,,20%; 20% de reintegro,reintegro,20%,jueves,los jueves,Vigente hasta el 17 de septiembre del 2026,Límites de compras: - Reintegros con límite de compra mensual de hasta Gs; Gs.500.000,,https://www.bancontinental.com.py/api/comercios?_limit=-1
642c7ad49f226b79,Continental,Tiendas,Joy Calzados,,20%; 20% de reintegro,reintegro,20%,jueves,Los jueves,Vigente hasta el 27 de agosto del 2026,Límite de compra mensual de hasta Gs; Gs. 2.000.000,,https://www.bancontinental.com.py/api/comercios?_limit=-1
4be488d3f6b21a68,Continental,Tiendas,Kami Store,,15%; hasta 12 cuotas sin intereses; 15% de descuento,cuotas_sin_intereses,15%,lunes; martes; miércoles; jueves; viernes; sábado; domingo,todos los días,Vigente hasta el 12 de marzo de 2027,Límite de compras mensual de hasta Gs; Gs. 50.000.000,,https://www.bancontinental.com.py/api/comercios?_limit=-1
dec03a93ec7ae623,Continental,Tiendas,Kimi,,Hasta 6 cuotas sin intereses,cuotas_sin_intereses,,lunes; martes; miércoles; jueves; viernes; sábado; domingo,Todos los días,Vigente hasta el 25 de mayo de 2027,Límite de compra mensual de hasta Gs; Gs. 50.000.000,,https://www.bancontinental.com.py/api/comercios?_limit=-1
b90c3c9126098cda,Continental,Tiendas,Kyrios - Caaguazú,,20%; Hasta 12 cuotas sin intereses; 20% de reintegro,cuotas_sin_intereses,20%,lunes; martes; miércoles; jueves; viernes; sábado; domingo,todos los días,Vigente hasta el 22 de julio de 2027,Límite de compras mensual de hasta Gs; Gs. 1.000.000; Gs. 50.000.000,,https://www.bancontinental.com.py/api/comercios?_limit=-1
c178caf3ccfc8dcb,Continental,Tiendas,Kyrios - Santani,,10%; 10% de reintegro,reintegro,10%,jueves,Los jueves,Vigente hasta 08 de julio de 2027,Límite de compra mensual de hasta Gs; Gs. 500.000,,https://www.bancontinental.com.py/api/comercios?_limit=-1
5a72fb9881508d1b,Continental,Tiendas,LP Cosméticos,,20%; 20% de reintegro,reintegro,20%,jueves,los jueves,"Vigente hasta el 11 de marzo de 2027 (*) No participan las tarjetas Pre-Pagas, Gourmet Card ni Cabal",Límite de compras mensual de hasta Gs; Gs. 500.000,,https://www.bancontinental.com.py/api/comercios?_limit=-1
c407f683eb6bb51b,Continental,Tiendas,La Casa VRO,,20%; hasta 12 cuotas sin intereses; 20% de reintegro,cuotas_sin_intereses,20%,lunes; martes; miércoles; jueves; viernes; sábado; domingo,todos los días,Vigente hasta el 17 de diciembre de 2026,Límite de compra mensual de hasta Gs; Límite de compra mensual de Gs; Gs. 1.000.000; Gs. 50.000.000,,https://www.bancontinental.com.py/api/comercios?_limit=-1
c18eb48fb24d8e16,Continental,Tiendas,La Coqueta,,20%; hasta 6 cuotas sin intereses; 20% de reintegro,cuotas_sin_intereses,20%,lunes; martes; miércoles; jueves; viernes; sábado; domingo,todos los días,"Vigente hasta el 11 de marzo del 2027 (*) No participan las tarjetas Pre-Pagas, Gourmet Card ni Cabal",Límite de compras mensual de hasta Gs; Gs. 1.000.000; Gs. 50.000.000,,https://www.bancontinental.com.py/api/comercios?_limit=-1
46ef0e6020d4bd8e,Continental,Tiendas,La Electrotienda,,Ver descripción,beneficio,,,No especificado,No especificado,No especificado,,https://www.bancontinental.com.py/api/comercios?_limit=-1
8dc2938cd2b20a52,Continental,Tiendas,La Gloria Eterna Store,,Hasta 12 cuotas sin intereses,cuotas_sin_intereses,,lunes; martes; miércoles; jueves; viernes; sábado; domingo,Todos los días,Vigente hasta el 22 de julio de 2027,Límite de compra mensual de hasta Gs; Gs. 50.000.000,,https://www.bancontinental.com.py/api/comercios?_limit=-1
47218d667381d989,Continental,Tiendas,La Tienda Hesed,,Hasta 12 cuotas sin intereses,cuotas_sin_intereses,,lunes; martes; miércoles; jueves; viernes; sábado; domingo,Todos los días,Vigente hasta el 04 de mayo de 2027,Límite de compra mensual de Gs; Gs. 50.000.000,,https://www.bancontinental.com.py/api/comercios?_limit=-1
93c11afd2d503798,Continental,Tiendas,Lacoste,,Hasta 12 cuotas sin intereses,cuotas_sin_intereses,,lunes; martes; miércoles; jueves; viernes; sábado; domingo,Todos los días,Vigente hasta el 14 de agosto de 2027,Límite de compra mensual de hasta Gs; Gs. 50.000.000,,https://www.bancontinental.com.py/api/comercios?_limit=-1
ae6f20533f192de9,Continental,Tiendas,LanderFit,,30%; 35% de reintegro; 30% de reintegro,reintegro,30%; 35%,jueves,Los jueves,Vigente hasta el 19 de noviembre de 2026,Límite de compra mensual de hasta Gs; Gs. 1.000.000,,https://www.bancontinental.com.py/api/comercios?_limit=-1
ae6f20533f192de9,Continental,Tiendas,LanderFit,,35%; 35% de reintegro,reintegro,35%,jueves,Los jueves,Vigente hasta el 19 de noviembre de 2026,Límite de compra mensual de hasta Gs; Gs. 1.000.000,,https://www.bancontinental.com.py/api/comercios?_limit=-1
85724891b7f09df6,Continental,Tiendas,Le Parfum,,20%; 20% de reintegro,reintegro,20%,jueves,los jueves,Vigente hasta el 11 de febrero de 2027,Límite de compra mensual de hasta Gs; Gs. 2.000.000,,https://www.bancontinental.com.py/api/comercios?_limit=-1
99168bd0b6958355,Continental,Tiendas,Libano Novias,,Hasta 12 cuotas sin intereses,cuotas_sin_intereses,,lunes; martes; miércoles; jueves; viernes; sábado; domingo,Todos los días,Vigente hasta el 11 de septiembre del 2026,Límites de compras: - Cuotas sin intereses con límite de compra mensual de Gs; Gs. 50.000.000,,https://www.bancontinental.com.py/api/comercios?_limit=-1
9eddc2357c5ecffb,Continental,Tiendas,Liberato,,20%; Hasta 12 cuotas sin intereses; 20% de reintegro,cuotas_sin_intereses,20%,lunes; martes; miércoles; jueves; viernes; sábado; domingo,todos los días,Vigente hasta el 10 de junio de 2027,Límite de compra mensual de hasta Gs; Gs. 1.000.000; Gs. 50.000.000,,https://www.bancontinental.com.py/api/comercios?_limit=-1
35921e1f6b012265,Continental,Tiendas,Lift-Par,,Hasta 12 cuotas sin intereses,cuotas_sin_intereses,,lunes; martes; miércoles; jueves; viernes; sábado; domingo,Todos los días,Vigente hasta el 10 de marzo de 2027,Límite de compras de mensual de hasta Gs; Gs. 50.000.000,,https://www.bancontinental.com.py/api/comercios?_limit=-1
6c47c2acb5243f98,Continental,Tiendas,Love Moschino,,Hasta 12 cuotas sin intereses,cuotas_sin_intereses,,lunes; martes; miércoles; jueves; viernes; sábado; domingo,Todos los días,Vigente hasta el 14 de agosto de 2027,Límite de compra mensual de hasta Gs; Gs. 50.000.000,,https://www.bancontinental.com.py/api/comercios?_limit=-1
60a7a3a281c3062a,Continental,Tiendas,Lucky Import - Export,,20%; Hasta 12 cuotas sin intereses; 20% de reintegro,cuotas_sin_intereses,20%,lunes; martes; miércoles; jueves; viernes; sábado; domingo,todos los días,Vigente hasta el 06 de agosto de 2027,Límite de compra mensual de hasta Gs; Gs. 1.000.000; Gs. 50.000.000,,https://www.bancontinental.com.py/api/comercios?_limit=-1
b2abe40722f8a3f7,Continental,Tiendas,Luna Jeans,,15%; hasta 12 cuotas sin intereses; 15% de reintegro,cuotas_sin_intereses,15%,lunes; martes; miércoles; jueves; viernes; sábado; domingo,todos los días,Vigente hasta el 11 de marzo de 2027,Límite de compras mensual de hasta Gs; Gs. 1.000.000; Gs. 50.000.0000,,https://www.bancontinental.com.py/api/comercios?_limit=-1
2840c04268a26881,Continental,Tiendas,ML Multimarcas,,20%; hasta 6 cuotas sin intereses; 20% de reintegro,cuotas_sin_intereses,20%,lunes; martes; miércoles; jueves; viernes; sábado; domingo,todos los días,"Vigente hasta el 11 de marzo del 2027 (*) No participan las tarjetas Pre-Pagas, Gourmet Card ni Cabal",Límite de compras mensual de hasta Gs; Gs. 1.000.000; Gs. 50.000.000,,https://www.bancontinental.com.py/api/comercios?_limit=-1
5edbc3e390804365,Continental,Tiendas,Mapy,,Hasta 12 cuotas sin intereses,cuotas_sin_intereses,,lunes; martes; miércoles; jueves; viernes; sábado; domingo,Todos los días,Vigente hasta el 30 de septiembre del 2026,Límites de compras: - Cuotas sin intereses con límite de compra mensual de Gs; Gs. 50.000.000,,https://www.bancontinental.com.py/api/comercios?_limit=-1
95260183bc3ff53c,Continental,Tiendas,Marijoa Tejidos,,20%; 20% de reintegro,reintegro,20%,jueves,los jueves,"Vigente hasta el 18 de febrero del 2027 (*) No participan las tarjetas Pre-Pagas, Gourmet Card ni Cabal",Límite de compras mensual de hasta Gs; Gs. 1.000.000,,https://www.bancontinental.com.py/api/comercios?_limit=-1
55a95388dc4831de,Continental,Tiendas,Marsal,,15%; hasta 12 cuotas sin intereses; 15% de descuento,cuotas_sin_intereses,15%,jueves,los jueves,Vigente hasta el 06 de septiembre de 2026,Límite de compra mensual de hasta Gs; Gs. 50.000.000,,https://www.bancontinental.com.py/api/comercios?_limit=-1
1e39abe59adfb826,Continental,Tiendas,Martel,,20%; hasta 12 cuotas sin intereses; 20% de reintegro,cuotas_sin_intereses,20%,lunes; martes; miércoles; jueves; viernes; sábado; domingo,todos los días,Vigente hasta el 28 de abril de 2027,Límite de compras mensual de Gs; Gs. 2.000.000; Gs. 50.000.000,,https://www.bancontinental.com.py/api/comercios?_limit=-1
b017f51a579a207c,Continental,Tiendas,María José,,20%; 20% de reintegro,reintegro,20%,jueves,los jueves,Vigente hasta el 05 de noviembre de 2026,Límites de compras: - Reintegros con límite de compra mensual de hasta Gs; Gs. 1.500.000,,https://www.bancontinental.com.py/api/comercios?_limit=-1
4e148818ab4f4126,Continental,Tiendas,Mas Chic Store,,20%; 20% de reintegro,reintegro,20%,jueves,los jueves,Vigente hasta el 29 de abril de 2027,Límite de compra mensual de hasta Gs; Gs. 500.000,,https://www.bancontinental.com.py/api/comercios?_limit=-1
bbb87258c7740dac,Continental,Tiendas,Master Shop,,30%; hasta 12 cuotas sin intereses; 30% de reintegro,cuotas_sin_intereses,30%,lunes; martes; miércoles; jueves; viernes; sábado; domingo,todos los días,Vigente hasta el 20 de agosto de 2026,Límite de compra mensual de hasta Gs; límite de compra mensual de Gs; Gs. 3.000.000; Gs. 50.000.000,,https://www.bancontinental.com.py/api/comercios?_limit=-1
fb013bdd14a3cfcb,Continental,Tiendas,Meta Kids,,Hasta 12 cuotas sin intereses; 25% de reintegro; 20% de reintegro,cuotas_sin_intereses,25%; 20%,lunes; martes; miércoles; jueves; viernes; sábado; domingo,todos los días,Vigente hasta el 03 de junio de 2027,Límite de compra mensual de hasta Gs; Gs. 3.000.000; Gs. 2.000.000; Gs. 50.000.000,,https://www.bancontinental.com.py/api/comercios?_limit=-1
dd2bdfb49da8500e,Continental,Tiendas,Meta Sports,,Hasta 12 cuotas sin intereses; 25% de reintegro; 20% de reintegro,cuotas_sin_intereses,25%; 20%,lunes; martes; miércoles; jueves; viernes; sábado; domingo,todos los días,Vigente hasta el 03 de junio de 2027,Límite de compra mensual de hasta Gs; Gs. 3.000.000; Gs. 2.000.000; Gs. 50.000.000,,https://www.bancontinental.com.py/api/comercios?_limit=-1
e6a0b979d984bfc1,Continental,Tiendas,Mi Dulce Bebé,,20%; 20% de reintegro,reintegro,20%,jueves,Los jueves,Vigente hasta el 27 de noviembre de 2026,Límite de compras mensual de hasta de Gs; Gs. 1.000.000,,https://www.bancontinental.com.py/api/comercios?_limit=-1
4bef3e8ce7a13011,Continental,Tiendas,Mi Paisito,,Hasta 12 cuotas sin intereses,cuotas_sin_intereses,,lunes; martes; miércoles; jueves; viernes; sábado; domingo,Todos los días,Vigente hasta el 22 de julio de 2027,Límite de compra mensual de hasta Gs; Gs. 50.000.000,,https://www.bancontinental.com.py/api/comercios?_limit=-1
2fc8f02185f61e1e,Continental,Tiendas,Mirno,,Hasta 12 cuotas sin intereses,cuotas_sin_intereses,,lunes; martes; miércoles; jueves; viernes; sábado; domingo,Todos los días,Vigente hasta el 22 de diciembre del 2026,Límites de compras: - Cuotas sin intereses con límite de compra mensual de Gs; Gs. 50.000.000,,https://www.bancontinental.com.py/api/comercios?_limit=-1
2416aaeb6006a939,Continental,Tiendas,Moda for you,,15% de descuento,cuotas_sin_intereses,15%,lunes; martes; miércoles; jueves; viernes; sábado; domingo,Todos los días,Vigente hasta el 18 de agosto de 2026,Límites de compras: - Cuotas sin intereses con límite de compra mensual de Gs; Gs. 50.000.000,,https://www.bancontinental.com.py/api/comercios?_limit=-1
fc1b5fc7c90e2fb6,Continental,Tiendas,Modas Espinola,,20%; 20% de reintegro,reintegro,20%,jueves,los jueves,Vigente hasta el 08 de octubre del 2026,Límites de compras: - Reintegros con límite de compra mensual de hasta Gs; Gs. 1.000.000,,https://www.bancontinental.com.py/api/comercios?_limit=-1
6082cf12e9f6afe2,Continental,Tiendas,Modas Stella,,20%; 20% de reintegro,reintegro,20%,jueves,Los jueves,Vigente hasta el 03 de junio de 2027,Límite de compra mensual de hasta Gs; Gs. 2.000.000,,https://www.bancontinental.com.py/api/comercios?_limit=-1
62d25389f16ea79d,Continental,Tiendas,Molino San Luis,,25% de reintegro,reintegro,25%,jueves,los jueves,Vigente hasta el 12 de noviembre del 2026,Límites de compras: - Reintegros con límite de compra mensual de hasta Gs; Gs. 1.000.000,,https://www.bancontinental.com.py/api/comercios?_limit=-1
9faba5eefa5b5d78,Continental,Tiendas,Multitienda,,20%; 20% de reintegro,reintegro,20%,jueves,Los jueves,Vigente hasta el 22 de julio de 2027,Límite de compra de mensual de hasta Gs; Gs. 500.000,,https://www.bancontinental.com.py/api/comercios?_limit=-1
c41cd0112b2adbbf,Continental,Tiendas,Musseline Telas,,Hasta 12 cuotas sin intereses,cuotas_sin_intereses,,lunes; martes; miércoles; jueves; viernes; sábado; domingo,Todos los días,Vigente hasta el 03 de agosto de 2027,Límite de compra mensual de hasta Gs; Gs. 50.000.000,,https://www.bancontinental.com.py/api/comercios?_limit=-1
eb83dc0e2247cad6,Continental,Tiendas,Nadia Cosméticos,,20%; 20% de reintegro,reintegro,20%,jueves,los jueves,"Vigente hasta el 22 de abril de 2027 (*) No participan las tarjetas Pre-Pagas, Gourmet Card ni Cabal",Límite de compras mensual de hasta Gs; Gs. 1.000.000,,https://www.bancontinental.com.py/api/comercios?_limit=-1
ca9e95cab6b69d92,Continental,Tiendas,Napoles Store,,20%; hasta 12 cuotas sin intereses; 20% de reintegro,cuotas_sin_intereses,20%,lunes; martes; miércoles; jueves; viernes; sábado; domingo,todos los días,Vigente hasta el 27 de agosto de 2026,Límites de compras: - Reintegros con límite de compra mensual de hasta Gs; límite de compra mensual de Gs; Gs. 3.000.000; Gs. 50.000.000,,https://www.bancontinental.com.py/api/comercios?_limit=-1
870f2b3d17f8b6f7,Continental,Tiendas,New Balance,,25%; Hasta 12 cuotas sin intereses; 25% de reintegro; 20% de reintegro,cuotas_sin_intereses,25%; 20%,lunes; martes; miércoles; jueves; viernes; sábado; domingo,todos los días,Vigente hasta el 01 de julio de 2027,Límite de compra mensual de hasta Gs; Gs. 2.000.000; Gs. 50.000.000,,https://www.bancontinental.com.py/api/comercios?_limit=-1
520ccace3093703a,Continental,Tiendas,Nike,,25%; Hasta 12 cuotas sin intereses; 25% de reintegro; 20% de reintegro,cuotas_sin_intereses,25%; 20%,lunes; martes; miércoles; jueves; viernes; sábado; domingo,todos los días,Vigente hasta el 03 de junio de 2027,Límite de compra mensual de hasta Gs; Gs. 3.000.000; Gs. 2.000.000; Gs. 50.000.000,,https://www.bancontinental.com.py/api/comercios?_limit=-1
6883432e5671315d,Continental,Tiendas,Nueva Americana,,Hasta 12 cuotas sin intereses,cuotas_sin_intereses,,lunes; martes; miércoles; jueves; viernes; sábado; domingo,Todos los días,Vigente hasta el 13 de julio de 2027,Límite de compra mensual de hasta Gs; Gs. 50.000.000,,https://www.bancontinental.com.py/api/comercios?_limit=-1
30d03300cc9cdc92,Continental,Tiendas,O Boticário,,20%; hasta 12 cuotas sin intereses; 20% de reintegro; 25% de reintegro,cuotas_sin_intereses,20%; 25%,lunes; martes; miércoles; jueves; viernes; sábado; domingo,todos los días,No especificado,Límites de compras: - Reintegros del 20% con límite de compra mensual de hasta Gs; límite de compra mensual de hasta Gs; límite de compra mensual de Gs; Gs. 1.000.000; Gs. 2.000.000; Gs. 50.000.000,,https://www.bancontinental.com.py/api/comercios?_limit=-1
ae7005e50cef2124,Continental,Tiendas,OVS Kids,,Hasta 12 cuotas sin intereses,cuotas_sin_intereses,,lunes; martes; miércoles; jueves; viernes; sábado; domingo,Todos los días,Vigente hasta el 14 de agosto de 2027,Límite de compra mensual de hasta Gs; Gs. 50.000.000,,https://www.bancontinental.com.py/api/comercios?_limit=-1
6b882b65a1a466d0,Continental,Tiendas,Outdoors,,25%; Hasta 12 cuotas sin intereses; 25% de reintegro; 20% de reintegro,cuotas_sin_intereses,25%; 20%,lunes; martes; miércoles; jueves; viernes; sábado; domingo,todos los días,Vigente hasta el 01 de julio de 2027,Límite de compra mensual de hasta Gs; Gs. 2.000.000; Gs. 50.000.000,,https://www.bancontinental.com.py/api/comercios?_limit=-1
cb9f51fffd7eaf6a,Continental,Tiendas,Paats&Paats,,30%; 30% de reintegro; 25% de reintegro,reintegro,30%; 25%,jueves,Los jueves,Vigente hasta el 12 de agosto de 2027,Límite de compra mensual de hasta Gs; Gs. 2.000.000,,https://www.bancontinental.com.py/api/comercios?_limit=-1
8b0e8421999f32b4,Continental,Tiendas,Pame Garelik Bags,,20%; hasta 6 cuotas sin intereses; 20% de reintegro,cuotas_sin_intereses,20%,lunes; martes; miércoles; jueves; viernes; sábado; domingo,todos los días,Vigente hasta el 25 de marzo de 2027,Límite de compras mensual de hasta Gs; Gs. 1.000.000; Gs. 50.000.000,,https://www.bancontinental.com.py/api/comercios?_limit=-1
1fb70bbef1b2eaf5,Continental,Tiendas,Parana Calzados,,20%; 20% de reintegro,reintegro,20%,jueves,los jueves,Vigente hasta el 18 de marzo de 2027,Límite de compra mensual de hasta Gs; Gs. 1.000.000,,https://www.bancontinental.com.py/api/comercios?_limit=-1
4b658e2b1e03ef2e,Continental,Tiendas,Paranatex,,Hasta 12 cuotas sin intereses,cuotas_sin_intereses,,lunes; martes; miércoles; jueves; viernes; sábado; domingo,Todos los días,Vigente hasta el 27 de julio de 2027,Límite de compras mensual de hasta Gs; Gs. 50.000.000,,https://www.bancontinental.com.py/api/comercios?_limit=-1
d3201f05a55b56ae,Continental,Tiendas,Penina - Galan,,20%; 20% de reintegro,reintegro,20%,jueves,los jueves,Vigente hasta el 05 de noviembre del 2026,Límites de compras: - Reintegros con límite de compra mensual de hasta Gs; Gs. 1.000.000,,https://www.bancontinental.com.py/api/comercios?_limit=-1
66e51427afddf87b,Continental,Tiendas,Piazza - Trovari,,Hasta 12 cuotas sin intereses,cuotas_sin_intereses,,lunes; martes; miércoles; jueves; viernes; sábado; domingo,Todos los días,Vigente hasta el 14 de agosto de 2027,Límite de compra mensual de hasta Gs; Gs. 50.000.000,,https://www.bancontinental.com.py/api/comercios?_limit=-1
9531b8230b7e0de7,Continental,Tiendas,Pistacho,,20%; 20% de reintegro,reintegro,20%,jueves,los jueves,Vigente hasta el 30 de septiembre del 2026,Límites de compras: - Reintegros con límite de compra mensual de hasta Gs; Gs. 2.000.000,,https://www.bancontinental.com.py/api/comercios?_limit=-1
8e7641882ebf7732,Continental,Tiendas,ProSport,,20%; Hasta 12 cuotas sin intereses; 20% de reintegro,cuotas_sin_intereses,20%,lunes; martes; miércoles; jueves; viernes; sábado; domingo,todos los días,Vigente hasta el 19 de noviembre de 2026,Límite de compra mensual de hasta Gs; Gs. 2.000.000; Gs. 50.000.000,,https://www.bancontinental.com.py/api/comercios?_limit=-1
7fe7bc6a19620a51,Continental,Tiendas,Prontodog (Vetspy),,10%; 10% de reintegro,reintegro,10%,jueves,los jueves,Vigente hasta el 01 de octubre de 2026,Límites de compras: - Reintegros con límite de compra mensual de hasta Gs; Gs. 500.000,,https://www.bancontinental.com.py/api/comercios?_limit=-1
c9610a94fc0dcb83,Continental,Tiendas,Queen Anne Importados,,Hasta 12 cuotas sin intereses,cuotas_sin_intereses,,lunes; martes; miércoles; jueves; viernes; sábado; domingo,Todos los días,Vigente hasta el 12 de junio de 2027,Límite de compra mensual de hasta Gs; Gs. 50.000.000,,https://www.bancontinental.com.py/api/comercios?_limit=-1
3e4016a9b7a5dad1,Continental,Tiendas,Quien Diría - Boutique,,20%; 20% de reintegro,reintegro,20%,jueves,Los jueves,Vigente hasta el 22 de julio de 2027,Límite de compra de mensual de hasta Gs; Gs. 500.000,,https://www.bancontinental.com.py/api/comercios?_limit=-1
4df1dd6f23bcc1b0,Continental,Tiendas,Quiero PY,,25% de reintegro; 20% de reintegro,reintegro,25%; 20%,jueves,los jueves,No especificado,Límite de compra mensual de hasta Gs; Gs. 3.000.000,,https://www.bancontinental.com.py/api/comercios?_limit=-1
356ca3d6da64fdf7,Continental,Tiendas,Ramirez Company S.A.,,Hasta 12 cuotas sin intereses,cuotas_sin_intereses,,lunes; martes; miércoles; jueves; viernes; sábado; domingo,Todos los días,Vigente hasta el 12 de diciembre del 2026,Límite de compras: - Cuotas sin intereses con límite de compra mensual de Gs; Gs. 50.000.000,,https://www.bancontinental.com.py/api/comercios?_limit=-1
dcf3764669b1968f,Continental,Tiendas,Rondina,,20%; 20% de reintegro,reintegro,20%,jueves,los jueves,Vigente hasta el 08 de abril de 2027,Límite de compras mensual de hasta Gs; Gs. 2.000.000,,https://www.bancontinental.com.py/api/comercios?_limit=-1
02d3ec035e6a2d52,Continental,Tiendas,Rookie,,20%; Hasta 12 cuotas sin intereses; 25% de reintegro; 20% de reintegro,cuotas_sin_intereses,20%; 25%,lunes; martes; miércoles; jueves; viernes; sábado; domingo,todos los días,Vigente hasta el 03 de junio de 2027,Límite de compra mensual de hasta Gs; Gs. 3.000.000; Gs. 2.000.000; Gs. 50.000.000,,https://www.bancontinental.com.py/api/comercios?_limit=-1
6143b850c1c4dd31,Continental,Tiendas,SAX,,25%; Hasta 12 cuotas sin intereses; 25% de reintegro; 20% de reintegro,cuotas_sin_intereses,25%; 20%,lunes; martes; miércoles; jueves; viernes; sábado; domingo,todos los días,Vigente hasta el 22 de octubre de 2026,Límite de compra mensual de hasta Gs; Gs. 10.000.000; Gs. 1.000.000; Gs. 50.000.000,,https://www.bancontinental.com.py/api/comercios?_limit=-1
34395685183e8ffb,Continental,Tiendas,San Cayetano - Centro de Compras,,20%; 20% de reintegro,reintegro,20%,jueves,los jueves,Vigente hasta el 25 de febrero de 2027,Límites de compras: - Reintegros con límite de compra mensual de hasta Gs; Gs. 1.000.000,,https://www.bancontinental.com.py/api/comercios?_limit=-1
b3c2f7cb309b82e5,Continental,Tiendas,San Cayetano Multimarcas,,15%; hasta 12 cuotas sin intereses; 15% de reintegro,cuotas_sin_intereses,15%,jueves,los jueves,Vigente hasta el 29 de octubre de 2026,Límites de compras: - Reintegros con límite de compra mensual de hasta Gs; Gs. 1.000.000,,https://www.bancontinental.com.py/api/comercios?_limit=-1
4296d10c06b8b29a,Continental,Tiendas,Sansei,,20%; Hasta 12 cuotas sin intereses; 20% de reintegro,cuotas_sin_intereses,20%,lunes; martes; miércoles; jueves; viernes; sábado; domingo,todos los días,Vigente hasta el 27 de mayo de 2027,Límite de compra mensual de Gs; Gs. 2.000.000; Gs. 50.000.000,,https://www.bancontinental.com.py/api/comercios?_limit=-1
4b289c705a8f02eb,Continental,Tiendas,Shop Center La Economía,,20%; 20% de reintegro,reintegro,20%,jueves,los jueves,Vigente hasta el 12 de noviembre del 2026,Límites de compras: - Reintegros con límite de compra mensual de hasta Gs; Gs. 1.000.000,,https://www.bancontinental.com.py/api/comercios?_limit=-1
f5bd6d2185571a5c,Continental,Tiendas,Shopping Lion,,20%; 20% de reintegro,cuotas_sin_intereses,20%,jueves,los jueves,Vigente hasta el 03 de septiembre de 2026,Límites de compras: - Reintegros con límite de compra mensual de hasta Gs; límite de compra mensual de Gs; Gs. 1.000.000; Gs. 50.000.000,,https://www.bancontinental.com.py/api/comercios?_limit=-1
908153a9cd461128,Continental,Tiendas,Shopping Vendome,,20%; hasta 12 cuotas sin intereses; 20% de reintegro; 25% de reintegro,cuotas_sin_intereses,20%; 25%,lunes; martes; miércoles; jueves; viernes; sábado; domingo,todos los días,No especificado,Límites de compras: - Reintegros con límite de compra mensual de hasta Gs; límite de compra mensual de Gs; Gs. 1.000.000; Gs. 50.000.000,,https://www.bancontinental.com.py/api/comercios?_limit=-1
dfb9993a396d6417,Continental,Tiendas,Sindec,,20%; 20% de reintegro,reintegro,20%,jueves,los jueves,Vigente hasta el 19 de noviembre del 2026,Límites de compras: - Reintegros con límite de compra mensual de hasta Gs; Gs. 1.500.000,,https://www.bancontinental.com.py/api/comercios?_limit=-1
261213eceba0714a,Continental,Tiendas,Smash Padel,,35%; hasta 12 cuotas sin intereses; 35% de reintegro,cuotas_sin_intereses,35%,lunes; martes; miércoles; jueves; viernes; sábado; domingo,todos los días,Vigente hasta el 20 de mayo de 2027,Límite de compra mensual de hasta Gs; límite de compra mensual de Gs; Gs. 2.000.000; Gs. 50.000.000,,https://www.bancontinental.com.py/api/comercios?_limit=-1
ccf2937f8566ce7e,Continental,Tiendas,Sport Center,,20%; hasta 12 cuotas sin intereses; 20% de reintegro,cuotas_sin_intereses,20%,lunes; martes; miércoles; jueves; viernes; sábado; domingo,todos los días,Vigente hasta el 13 de mayo del 2027,Limite de compra mensual de hasta Gs; Límite de compra mensual de Gs; Gs. 2.000.000; Gs. 50.000.000,,https://www.bancontinental.com.py/api/comercios?_limit=-1
648bdf66df9e969a,Continental,Tiendas,Sport Shop,,20%; 20% de reintegro,reintegro,20%,jueves,los jueves,Vigente hasta el 29 de abril de 2027,Límite de compra mensual de hasta Gs; Gs. 1.000.000,,https://www.bancontinental.com.py/api/comercios?_limit=-1
7dad699cfa8d6835,Continental,Tiendas,Sportfino,,20%; hasta 6 cuotas sin intereses; 20% de reintegro,cuotas_sin_intereses,20%,lunes; martes; miércoles; jueves; viernes; sábado; domingo,todos los días,Vigente hasta el 20 de octubre del 2026,Límites de compras: - Reintegros con límite de compra mensual de hasta Gs; límite de compra mensual de Gs; Gs. 2.000.000; Gs. 50.000.000,,https://www.bancontinental.com.py/api/comercios?_limit=-1
ce1264710a1ea914,Continental,Tiendas,Springfield,,20%; hasta 12 cuotas sin intereses; 20% de reintegro; 25% de reintegro,cuotas_sin_intereses,20%; 25%,lunes; martes; miércoles; jueves; viernes; sábado; domingo,todos los días,No especificado,Límites de compras: - Reintegros del 20% con límite de compra mensual de hasta Gs; límite de compra mensual de hasta Gs; límite de compra mensual de Gs; Gs. 1.000.000; Gs. 2.000.000; Gs. 50.000.000,,https://www.bancontinental.com.py/api/comercios?_limit=-1
c36582b156393f4a,Continental,Tiendas,Tayanara Boutique,,20%; 20% de reintegro,reintegro,20%,jueves,Los jueves,Vigente hasta 24 de junio de 2027,Límite de compra mensual de hasta Gs; Gs. 500.000,,https://www.bancontinental.com.py/api/comercios?_limit=-1
17cae026ca941ec1,Continental,Tiendas,Tche Morena,,20%; 20% de reintegro,reintegro,20%,jueves,los jueves,Vigente hasta el 27 de agosto del 2026,Límites de compras: - Reintegros con límite de compra mensual de hasta Gs; Gs. 500.000,,https://www.bancontinental.com.py/api/comercios?_limit=-1
0babaa10d4f1e4f2,Continental,Tiendas,Tessy Boutique,,20%; 20% de reintegro,reintegro,20%,jueves,los jueves,Vigente hasta el 13 de mayo de 2027,Límite de compras mensual de hasta Gs; Gs. 1.000.000,,https://www.bancontinental.com.py/api/comercios?_limit=-1
175efc5042d3971b,Continental,Tiendas,The Black Cow,,20%; 20% de reintegro,reintegro,20%,jueves,los jueves,Vigente hasta el 23 de noviembre del 2026,Límites de compras: - Reintegros con límite de compra mensual de hasta Gs; Gs. 500.000,,https://www.bancontinental.com.py/api/comercios?_limit=-1
a9dab26fd7ba3ea6,Continental,Tiendas,Tiari,,Hasta 12 cuotas sin intereses,cuotas_sin_intereses,,lunes; martes; miércoles; jueves; viernes; sábado; domingo,Todos los días,Vigente hasta el 06 de noviembre del 2026,Límites de compras: - Cuotas sin intereses con límite de compra mensual de Gs; Gs. 50.000.000,,https://www.bancontinental.com.py/api/comercios?_limit=-1
e8bf2a8c7eee36bd,Continental,Tiendas,Tienda Adlin,,20%; 20% de reintegro,reintegro,20%,jueves,los jueves,"Vigente hasta el 19 de septiembre de 2026 (*) No participan las tarjetas Cabal, Pre Pagas ni GourmetCard",Límite de compras mensual de hasta Gs; Gs. 1.000.000,,https://www.bancontinental.com.py/api/comercios?_limit=-1
ef59db0ea41b2264,Continental,Tiendas,Tienda San Blas,,hasta 12 cuotas sin intereses; 25% de reintegro,cuotas_sin_intereses,25%,lunes; martes; miércoles; jueves; viernes; sábado; domingo,todos los días,Vigente hasta el 27 de agosto de 2026,Límites de compras: - Reintegros con límite de compra de hasta Gs; límite de compra mensual de Gs; Gs. 1.000.000; Gs. 50.000.000,,https://www.bancontinental.com.py/api/comercios?_limit=-1
f61c6a676283b465,Continental,Tiendas,Tiendas Argor,,Ver descripción,cuotas_sin_intereses,,lunes; martes; miércoles; jueves; viernes; sábado; domingo,Todos los días,Vigente hasta el 13 de febrero del 2027,Límite de compra mensual de hasta Gs; Gs. 50.000.000,,https://www.bancontinental.com.py/api/comercios?_limit=-1
2103f60299ca97ae,Continental,Tiendas,Tiendas Gonzalito,,Hasta 18 cuotas sin intereses,cuotas_sin_intereses,,lunes; martes; miércoles; jueves; viernes; sábado; domingo,Todos los días,Vigente hasta el 11 de septiembre del 2026,Límites de compras: - Cuotas sin intereses con límite de compra mensual de Gs; Gs. 50.000.000,,https://www.bancontinental.com.py/api/comercios?_limit=-1
a2c88c12fa280232,Continental,Tiendas,Tiendas Sallustro Multimarcas,,Hasta 12 cuotas sin intereses,cuotas_sin_intereses,,lunes; martes; miércoles; jueves; viernes; sábado; domingo,Todos los días,Vigente hasta el 27 de abril de 2027,Límite de compra mensual de Gs; Gs. 50.000.000,,https://www.bancontinental.com.py/api/comercios?_limit=-1
a4e58296300f8c8e,Continental,Tiendas,Tiento Multimarcas,,20%; 20% de reintegro,reintegro,20%,jueves,los jueves,Vigente hasta el 23 de marzo del 2027,Límite de compra mensual de Gs; Gs. 1.000.000,,https://www.bancontinental.com.py/api/comercios?_limit=-1
0b5fff8ed2687ebe,Continental,Tiendas,Timberland,,25%; Hasta 12 cuotas sin intereses; 25% de reintegro; 20% de reintegro,cuotas_sin_intereses,25%; 20%,lunes; martes; miércoles; jueves; viernes; sábado; domingo,todos los días,Vigente hasta el 01 de julio de 2027,Límite de compra mensual de hasta Gs; Gs. 2.000.000; Gs. 50.000.000,,https://www.bancontinental.com.py/api/comercios?_limit=-1
2aa9e301ab7b249f,Continental,Tiendas,Todo Luz,,20%; hasta 12 cuotas sin intereses; 20% de reintegro,cuotas_sin_intereses,20%,lunes; martes; miércoles; jueves; viernes; sábado; domingo,todos los días,Vigente hasta el 13 de mayo de 2027,Límite de compra mensual de hasta Gs; límite de compra mensual de Gs; Gs. 1.000.000; Gs. 50.000.000,,https://www.bancontinental.com.py/api/comercios?_limit=-1
b413fe201ce5b800,Continental,Tiendas,Todo Plástico,,20%; hasta 12 cuotas sin intereses; 20% de reintegro,cuotas_sin_intereses,20%,lunes; martes; miércoles; jueves; viernes; sábado; domingo,todos los días,Vigente hasta el 08 de octubre de 2026,Límite de compra mensual de hasta Gs; Límite de compra mensual de Gs; Gs. 1.000.000; Gs. 50.000.000,,https://www.bancontinental.com.py/api/comercios?_limit=-1
395900794831ef72,Continental,Tiendas,Top Tenis,,20%; Hasta 12 cuotas sin intereses; 25% de reintegro; 20% de reintegro,cuotas_sin_intereses,20%; 25%,lunes; martes; miércoles; jueves; viernes; sábado; domingo,todos los días,Vigente hasta el 28 de mayo de 2027,Límite de compra mensual de hasta Gs; Gs. 3.000.000; Gs. 50.000.000,,https://www.bancontinental.com.py/api/comercios?_limit=-1
5f5bd905f4616a13,Continental,Tiendas,Total Gas,,Hasta 12 cuotas sin intereses,cuotas_sin_intereses,,lunes; martes; miércoles; jueves; viernes; sábado; domingo,Todos los días,Vigente hasta el 10 de marzo de 2027,Límite de compra mensual de hasta Gs; Gs. 50.000.000,,https://www.bancontinental.com.py/api/comercios?_limit=-1
060617a7e8eaac40,Continental,Tiendas,Tower's Importados,,Hasta 12 cuotas sin intereses,cuotas_sin_intereses,,lunes; martes; miércoles; jueves; viernes; sábado; domingo,Todos los días,Vigente hasta el 12 de junio de 2027,Límite de compra mensual de hasta Gs; Gs. 50.000.000,,https://www.bancontinental.com.py/api/comercios?_limit=-1
1074d60bff21dbb4,Continental,Tiendas,Tu Estilo Boutique,,10%; 10 % de descuento,cuotas_sin_intereses,10%; 10 %,lunes; martes; miércoles; jueves; viernes; sábado; domingo,Todos los días,Vigente hasta el 27 de agosto de 2026,Límites de compras: - Cuotas sin intereses con límite de compra mensual de Gs; Gs. 50.000.000,,https://www.bancontinental.com.py/api/comercios?_limit=-1
fc9079759bf07c0b,Continental,Tiendas,Uliko Store,,20%; hasta 12 cuotas sin intereses; 20% de reintegro,cuotas_sin_intereses,20%,lunes; martes; miércoles; jueves; viernes; sábado; domingo,todos los días,Vigente hasta el 18 de febrero de 2027,Límites de compras: - Reintegros con límite de compra mensual de hasta Gs; límite de compra mensual de Gs; Gs. 2.000.000; Gs. 50.000.000,,https://www.bancontinental.com.py/api/comercios?_limit=-1
bb20dc542ef1e8d7,Continental,Tiendas,United Colors of Benetton,,Hasta 12 cuotas sin intereses,cuotas_sin_intereses,,lunes; martes; miércoles; jueves; viernes; sábado; domingo,Todos los días,Vigente hasta el 14 de agosto de 2027,Límite de compra mensual de hasta Gs; Gs. 50.000.000,,https://www.bancontinental.com.py/api/comercios?_limit=-1
293aa2c38713b4ff,Continental,Tiendas,Vane Shop,,20%; 20% de reintegro,reintegro,20%,jueves,los jueves,Vigente hasta el 06 de mayo del 2027,Límite de compra mensual de hasta Gs; Gs. 500.000,,https://www.bancontinental.com.py/api/comercios?_limit=-1
61bdf285a05af428,Continental,Tiendas,Vans,,25%; Hasta 12 cuotas sin intereses; 25% de reintegro; 20% de reintegro,cuotas_sin_intereses,25%; 20%,lunes; martes; miércoles; jueves; viernes; sábado; domingo,todos los días,Vigente hasta el 03 de junio de 2027,Límite de compra mensual de hasta Gs; Gs. 3.000.000; Gs. 2.000.000; Gs. 50.000.000,,https://www.bancontinental.com.py/api/comercios?_limit=-1
0859e6396014937a,Continental,Tiendas,Venus's Calzados,,10%; 10% de reintegro,reintegro,10%,jueves,Los jueves,Vigente hasta el 03 de diciembre de 2026,Límite de compra mensual de hasta Gs; Gs. 1.000.000,,https://www.bancontinental.com.py/api/comercios?_limit=-1
d33cb5d4ed7442d3,Continental,Tiendas,Versalles,,20%; hasta 6 cuotas sin intereses; 20% de reintegro,cuotas_sin_intereses,20%,lunes; martes; miércoles; jueves; viernes; sábado; domingo,todos los días,"Vigente hasta el 15 de abril de 2027 (*) No participan las tarjetas Cabal, Pre Pagas ni GourmetCard",Límite de compras mensual de hasta Gs; Gs. 1.000.000; Gs. 50.000.000,,https://www.bancontinental.com.py/api/comercios?_limit=-1
40ed05f303e88655,Continental,Tiendas,Violeta,,20%; 20% de reintegro,reintegro,20%,jueves,Los jueves,Vigente hasta el 22 de julio de 2027,Límite de compra de mensual de hasta Gs; Gs. 500.000,,https://www.bancontinental.com.py/api/comercios?_limit=-1
7604b0c23d24ff16,Continental,Tiendas,Violeta - Munditex,,20%; 20% de reintegro,reintegro,20%,jueves,los jueves,Vigente hasta el 12 de noviembre del 2026,Límites de compras: - Reintegros con límite de compra mensual de hasta Gs; Gs. 500.000,,https://www.bancontinental.com.py/api/comercios?_limit=-1
129fc3bafb7534e9,Continental,Tiendas,Wish Boutique,,20%; 20% de reintegro,reintegro,20%,jueves,los jueves,Vigente hasta el 01 de abril de 2027,Límite de compra mensual de hasta Gs; Gs. 2.000.000,,https://www.bancontinental.com.py/api/comercios?_limit=-1
c093c1c6b797fbb0,Continental,Tiendas,Women'Secret,,20%; hasta 12 cuotas sin intereses; 20% de reintegro; 25% de reintegro,cuotas_sin_intereses,20%; 25%,lunes; martes; miércoles; jueves; viernes; sábado; domingo,todos los días,No especificado,Límites de compras: - Reintegros del 20% con límite de compra mensual de hasta Gs; límite de compra mensual de hasta Gs; límite de compra mensual de Gs; Gs. 1.000.000; Gs. 2.000.000; Gs. 50.000.000,,https://www.bancontinental.com.py/api/comercios?_limit=-1
63aafbabb9122515,Continental,Tiendas,Yves Rocher,,Hasta 12 cuotas sin intereses,cuotas_sin_intereses,,lunes; martes; miércoles; jueves; viernes; sábado; domingo,Todos los días,Vigente hasta el 14 de agosto de 2027,Límite de compra mensual de hasta Gs; Gs. 50.000.000,,https://www.bancontinental.com.py/api/comercios?_limit=-1
0b2e9790606f9a4d,Continental,Tiendas,ZENOVA,,Hasta 18 cuotas sin intereses,cuotas_sin_intereses,,lunes; martes; miércoles; jueves; viernes; sábado; domingo,Todos los días,Vigente hasta el 15 de enero del 2027,límite de compra mensual de Gs; Gs. 50.000.000,,https://www.bancontinental.com.py/api/comercios?_limit=-1
494d1f3bc09a9517,Continental,Tiendas,Zilli Store,,Hasta 12 cuotas sin intereses,cuotas_sin_intereses,,lunes; martes; miércoles; jueves; viernes; sábado; domingo,Todos los días,Vigente hasta el 10 de noviembre del 2026,Límites de compras: - Cuotas sin intereses con límite de compra mensual de Gs; Gs. 50.000.000,,https://www.bancontinental.com.py/api/comercios?_limit=-1
d31c88a4c69e7025,Continental,Tiendas,Zimmer,,20%; hasta 12 cuotas sin intereses; 20% de reintegro,cuotas_sin_intereses,20%,lunes; martes; miércoles; jueves; viernes; sábado; domingo,todos los días,Vigente hasta el 10 de septiembre de 2026,Límites de compras: - Reintegros con límite de compra mensual de hasta Gs; límite mensual de Gs; Gs. 1.000.000; Gs. 50.000.000,,https://www.bancontinental.com.py/api/comercios?_limit=-1
56eed98193370c73,Continental,Tiendas,Ñemonde Tienda,,20%; 20% de reintegro,reintegro,20%,jueves,Los jueves,Vigente hasta el 05 de agosto de 2027,Límite de compra mensual de hasta Gs; Gs. 1.000.000,,https://www.bancontinental.com.py/api/comercios?_limit=-1
2b905129eac8f5c3,Continental,Tiendas,Óptima Gamón,,20%; hasta 12 cuotas sin intereses; 20% de reintegro,cuotas_sin_intereses,20%,lunes; martes; miércoles; jueves; viernes; sábado; domingo,todos los días,Vigente hasta el 12 de noviembre de 2026,Límite de compras: - Reintegros con límite de compra mensual de hasta Gs; Gs. 1.000.000,,https://www.bancontinental.com.py/api/comercios?_limit=-1
d5af13b5ac1f8e0d,Continental,Vehículos,ACE Tape Ruvicha,,20%; Hasta 12 cuotas sin intereses; 20% de descuento,cuotas_sin_intereses,20%,lunes; martes; miércoles; jueves; viernes; sábado; domingo,Todos los días,Vigente hasta el 31 de diciembre de 2026,Límite de compra mensual de hasta Gs; Gs. 50.000.000,,https://www.bancontinental.com.py/api/comercios?_limit=-1
fcd1d2cc066af668,Continental,Vehículos,Acisa,,Hasta 12 cuotas sin intereses,cuotas_sin_intereses,,lunes; martes; miércoles; jueves; viernes; sábado; domingo,Todos los días,Vigente hasta el 09 de febrero de 2027,Límite de compra mensual de hasta Gs; Gs. 50.000.000,,https://www.bancontinental.com.py/api/comercios?_limit=-1
f593cb30d78bd47b,Continental,Vehículos,Agro M.A Ventas S.A,,Hasta 12 cuotas sin intereses,cuotas_sin_intereses,,lunes; martes; miércoles; jueves; viernes; sábado; domingo,Todos los días,Vigente hasta el 03 de septiembre de 2026,Límite de compra mensual de hasta Gs; Gs. 50.000.000,,https://www.bancontinental.com.py/api/comercios?_limit=-1
2debebbb7ac3a2ab,Continental,Vehículos,Alta S.A,,Hasta 12 cuotas sin intereses; 30% de descuento,cuotas_sin_intereses,30%,lunes; martes; miércoles; jueves; viernes; sábado; domingo,Todos los días,Vigente hasta el 21 de agosto de 2026,Límite de compra mensual de hasta Gs; Gs. 50.000.000,,https://www.bancontinental.com.py/api/comercios?_limit=-1
822ce2bb6bc84d9f,Continental,Vehículos,AutoShopping,,Hasta 12 cuotas sin intereses,cuotas_sin_intereses,,lunes; martes; miércoles; jueves; viernes; sábado; domingo,Todos los días,Vigente hasta el 02 de enero del 2027,Límites de compras: - Cuotas sin intereses con límite de compra mensual de Gs; Gs. 50.000.000,,https://www.bancontinental.com.py/api/comercios?_limit=-1
62bbc7783aa79373,Continental,Vehículos,Automaq,,Hasta 12 cuotas sin intereses,cuotas_sin_intereses,,lunes; martes; miércoles; jueves; viernes; sábado; domingo,Todos los días,Vigente hasta el 19 octubre del 2026,Límites de compras: - Cuotas sin intereses con límite de compra mensual de Gs; Gs. 50.000.000,,https://www.bancontinental.com.py/api/comercios?_limit=-1
888adb67a663e438,Continental,Vehículos,Automotor,,Hasta 24 cuotas sin intereses,cuotas_sin_intereses,,lunes; martes; miércoles; jueves; viernes; sábado; domingo,Todos los días,Vigente hasta el 14 de abril de 2027,Límite de compra mensual de Gs; Gs. 50.000.000,,https://www.bancontinental.com.py/api/comercios?_limit=-1
f89483c7c4cbc942,Continental,Vehículos,Baterias Parana,,Hasta 12 cuotas sin intereses,cuotas_sin_intereses,,lunes; martes; miércoles; jueves; viernes; sábado; domingo,Todos los días,Vigente hasta el 10 de septiembre del 2026,Límite de compras mensual de hasta Gs; Gs. 50.000.000,,https://www.bancontinental.com.py/api/comercios?_limit=-1
17af837bb71947e5,Continental,Vehículos,Carsuplay,,Hasta 12 cuotas sin intereses,cuotas_sin_intereses,,lunes; martes; miércoles; jueves; viernes; sábado; domingo,Todos los días,Vigente hasta el 08 de abril de 2027,Límite de compra mensual de hasta Gs; Gs. 50.000.000,,https://www.bancontinental.com.py/api/comercios?_limit=-1
bed2297c43a0fd97,Continental,Vehículos,Chacomer,,Hasta 12 cuotas sin intereses,cuotas_sin_intereses,,lunes; martes; miércoles; jueves; viernes; sábado; domingo,Todos los días,Vigente hasta el 03 de noviembre del 2026,Límites de compras: - Cuotas sin intereses con límite de compra mensual de Gs; Gs. 50.000.000,,https://www.bancontinental.com.py/api/comercios?_limit=-1
c81e845fca139f06,Continental,Vehículos,Chacomer S.A.E,,hasta 18 cuotas sin intereses; 10% de reintegro; 10% de descuento,cuotas_sin_intereses,10%,lunes; martes; miércoles; jueves; viernes; sábado; domingo,todos los días,Vigente hasta el 15 de octubre del 2026,Límites de compras: - Reintegros con límite de compra mensual de hasta Gs; límite de compra mensual de Gs; Gs. 2.500.000; Gs. 50.000.000,,https://www.bancontinental.com.py/api/comercios?_limit=-1
25fae548e150873a,Continental,Vehículos,Classic Motos,,Hasta 12 cuotas sin intereses,cuotas_sin_intereses,,lunes; martes; miércoles; jueves; viernes; sábado; domingo,Todos los días,Vigente desde el 27 de mayo de 2025 hasta el 26 de mayo de 2027,Límite de compra mensual de hasta Gs; Gs. 50.000.000,,https://www.bancontinental.com.py/api/comercios?_limit=-1
daaf83453e33dbc9,Continental,Vehículos,Damper Repuestos,,10%; hasta 12 cuotas sin intereses; 10% de descuento,cuotas_sin_intereses,10%,lunes; martes; miércoles; jueves; viernes; sábado; domingo,Todos los días,Vigente hasta el 11 de febrero de 2027,Límite de compra mensual de hasta Gs; Gs. 50.000.000,,https://www.bancontinental.com.py/api/comercios?_limit=-1
39da4d2d3e089bd7,Continental,Vehículos,El Pedal,,Hasta 12 cuotas sin intereses,cuotas_sin_intereses,,lunes; martes; miércoles; jueves; viernes; sábado; domingo,Todos los días,Vigente hasta el 10 de junio de 2027,Límite de compra de hasta Gs; Gs. 50.000.000,,https://www.bancontinental.com.py/api/comercios?_limit=-1
745bcd210df35b5d,Continental,Vehículos,Eze Equipamientos,,10%; hasta 12 cuotas sin intereses; 10% de descuento,cuotas_sin_intereses,10%,lunes; martes; miércoles; jueves; viernes; sábado; domingo,todos los días,Vigente hasta el 18 de marzo de 2027,Límite de compras semanal de hasta Gs; Límite de compras mensual de hasta Gs; Gs. 1.000.000; Gs. 50.000.000,,https://www.bancontinental.com.py/api/comercios?_limit=-1
a9e40ad9a88c4bd8,Continental,Vehículos,Ferrari Autocentro,,Hasta 12 cuotas sin intereses,cuotas_sin_intereses,,lunes; martes; miércoles; jueves; viernes; sábado; domingo,Todos los días,Vigente desde el 19 de enero de 2026 al 18 de enero del 2027,Límites de compras: - Cuotas sin intereses con límite de compra mensual de Gs; Gs. 50.000.000,,https://www.bancontinental.com.py/api/comercios?_limit=-1
1147229e3046e78b,Continental,Vehículos,Ford - Tape Ruvicha,,15%; hasta 24 cuotas sin intereses; 15% de descuento,cuotas_sin_intereses,15%,lunes; martes; miércoles; jueves; viernes; sábado; domingo,Todos los días,Vigente hasta el 14 de noviembre del 2026,Límites de compras: - Cuotas sin intereses con límite de compra mensual de Gs; Gs. 50.000.000,,https://www.bancontinental.com.py/api/comercios?_limit=-1
744035ee52b18517,Continental,Vehículos,Full Equipo,,Hasta 12 cuotas sin intereses,cuotas_sin_intereses,,lunes; martes; miércoles; jueves; viernes; sábado; domingo,Todos los días,Vigente hasta el 22 de octubre del 2026,Límites de compras: - Cuotas sin intereses con límite de compra mensual de Gs; Gs. 50.000.000,,https://www.bancontinental.com.py/api/comercios?_limit=-1
9f79b14b33c4d97a,Continental,Vehículos,GM Centro S.A,,Hasta 12 cuotas sin intereses,cuotas_sin_intereses,,lunes; martes; miércoles; jueves; viernes; sábado; domingo,Todos los días,Vigente hasta el 10 de septiembre de 2026,Límites de compras: - Cuotas sin intereses con límite de compra mensual de Gs; Gs. 50.000.000,,https://www.bancontinental.com.py/api/comercios?_limit=-1
3556a6e2dd0d5412,Continental,Vehículos,Garden,,Hasta 18 cuotas sin intereses,cuotas_sin_intereses,,lunes; martes; miércoles; jueves; viernes; sábado; domingo,Todos los días,Vigente hasta el 13 de abril de 2027,Límite de compras mensual de hasta Gs; Gs. 50.000.000,,https://www.bancontinental.com.py/api/comercios?_limit=-1
54152a5b5cce760e,Continental,Vehículos,Grupo Casa J. Gomez - Cubiertas,,Hasta 24 cuotas sin intereses,cuotas_sin_intereses,,lunes; martes; miércoles; jueves; viernes; sábado; domingo,Todos los días,Vigente hasta el 08 de enero del 2027,Límites de compras: - Cuotas sin intereses con límite de compra mensual de Gs; Gs. 50.000.000,,https://www.bancontinental.com.py/api/comercios?_limit=-1
1dee5a9f7ce209cf,Continental,Vehículos,Grupo Faustino,,Hasta 12 cuotas sin intereses,cuotas_sin_intereses,,lunes; martes; miércoles; jueves; viernes; sábado; domingo,Todos los días,Vigente hasta el 02 de enero del 2027,Límites de compras: - Cuotas sin intereses con límite de compra mensual de Gs; Gs. 50.000.000,,https://www.bancontinental.com.py/api/comercios?_limit=-1
729e7e85f8873977,Continental,Vehículos,Importadora Avenida,,20%; hasta 12 cuotas sin intereses; 20% de descuento,cuotas_sin_intereses,20%,lunes; martes; miércoles; jueves; viernes; sábado; domingo,Todos los días,Vigente hasta el 10 de octubre de 2026,Límite de compra mensual de Gs; Gs. 50.000.000,,https://www.bancontinental.com.py/api/comercios?_limit=-1
b8babfa9cbfbe459,Continental,Vehículos,Jepuru Car,,Hasta 12 cuotas sin intereses,cuotas_sin_intereses,,lunes; martes; miércoles; jueves; viernes; sábado; domingo,Todos los días,Vigente desde el 19 de marzo hasta el 19 de septiembre de 2026,Límite de compras mensual de hasta Gs; Gs. 50.000.000,,https://www.bancontinental.com.py/api/comercios?_limit=-1
8f0c0990694d262c,Continental,Vehículos,Mincar Servicio Automotriz,,Hasta 12 cuotas sin intereses,cuotas_sin_intereses,,lunes; martes; miércoles; jueves; viernes; sábado; domingo,Todos los días,Vigente hasta el 06 de marzo de 2027,Límite de compra mensual de Gs; Gs. 50.000.000,,https://www.bancontinental.com.py/api/comercios?_limit=-1
4944802b26c9d9a2,Continental,Vehículos,Motorplaza,,Hasta 12 cuotas sin intereses,cuotas_sin_intereses,,lunes; martes; miércoles; jueves; viernes; sábado; domingo,Todos los días,Vigente hasta el 27 de marzo de 2027,Límites de compras: - Cuotas sin intereses con límite de compra mensual de Gs; Gs. 50.000.000,,https://www.bancontinental.com.py/api/comercios?_limit=-1
4d0aef76468aa9e5,Continental,Vehículos,Motorrepuestos Carlos,,20%; hasta 12 cuotas sin intereses; 15% de reintegro,cuotas_sin_intereses,20%; 15%,lunes; martes; miércoles; jueves; viernes; sábado; domingo,todos los días,Vigente hasta el 15 de abril de 2027,Límite de compra mensual de hasta Gs; Límite de compra mensual de Gs; Gs. 1.000.000; Gs. 50.000.000,,https://www.bancontinental.com.py/api/comercios?_limit=-1
c2f4297c0441a171,Continental,Vehículos,Nasser Cubiertas,,50%; hasta 12 cuotas sin intereses; 50% de descuento,cuotas_sin_intereses,50%,lunes; martes; miércoles; jueves; viernes; sábado; domingo,Todos los días,Vigente hasta el 22 de agosto de 2026,Límites de compras: - Cuotas sin intereses con límite de compra mensual de Gs; Gs. 50.000.000,,https://www.bancontinental.com.py/api/comercios?_limit=-1
14cbbc33b2dcada0,Continental,Vehículos,Neumáticos,,Hasta 12 cuotas sin intereses,cuotas_sin_intereses,,lunes; martes; miércoles; jueves; viernes; sábado; domingo,Todos los días,Vigente hasta el 21 de enero de 2027,Límite de compra mensual de Gs; Gs. 50.000.000,,https://www.bancontinental.com.py/api/comercios?_limit=-1
85ec644b7a931018,Continental,Vehículos,Perfecta Automotores,,Hasta 12 cuotas sin intereses,cuotas_sin_intereses,,lunes; martes; miércoles; jueves; viernes; sábado; domingo,Todos los días,Vigente hasta el 27 de marzo de 2027,Límite de compra mensual de Gs; Gs. 50.000.000,,https://www.bancontinental.com.py/api/comercios?_limit=-1
7b906880f2ea675d,Continental,Vehículos,Premium Repuestos,,Hasta 12 cuotas sin intereses,cuotas_sin_intereses,,lunes; martes; miércoles; jueves; viernes; sábado; domingo,Todos los días,Vigente hasta el 15 de enero del 2027,límite de compra mensual de Gs; Gs. 50.000.000,,https://www.bancontinental.com.py/api/comercios?_limit=-1
2da53309bc78ac52,Continental,Vehículos,San Pablo Truck Center,,Hasta 12 cuotas sin intereses,cuotas_sin_intereses,,lunes; martes; miércoles; jueves; viernes; sábado; domingo,Todos los días,Vigente hasta el 16 de enero de 2027,Límites de compras: - Cuotas sin intereses con límite de compra mensual de Gs; Gs. 50.000.000,,https://www.bancontinental.com.py/api/comercios?_limit=-1
b24bcc9775765158,Continental,Vehículos,San Thiago Repuestos,,Hasta 12 cuotas sin intereses,cuotas_sin_intereses,,lunes; martes; miércoles; jueves; viernes; sábado; domingo,Todos los días,Vigente hasta el 05 de junio de 2027,Límite de compra mensual de hasta 50,,https://www.bancontinental.com.py/api/comercios?_limit=-1
c9a801ffb1813b09,Continental,Vehículos,Score Car,,Hasta 18 cuotas sin intereses,cuotas_sin_intereses,,lunes; martes; miércoles; jueves; viernes; sábado; domingo,Todos los días,Vigente hasta el 10 de abril del 2027,Límite de compra mensual de hasta Gs; Gs. 50.000.000,,https://www.bancontinental.com.py/api/comercios?_limit=-1
e28e597f0fe5524a,Continental,Vehículos,Soundpro equipamientos,,Hasta 12 cuotas sin intereses,cuotas_sin_intereses,,lunes; martes; miércoles; jueves; viernes; sábado; domingo,Todos los días,"Vigente hasta el 3 de agosto del 2026 Las promociones aplican únicamente para compras o pagos presenciales, vía POS físico",Límite de compra mensual de hasta Gs; Gs. 50.000.000,,https://www.bancontinental.com.py/api/comercios?_limit=-1
cb3de01ca31aba62,Continental,Vehículos,Taller Juank,,10%; Hasta 12 cuotas sin intereses,cuotas_sin_intereses,10%,lunes; martes; miércoles; jueves; viernes; sábado; domingo,Todos los días,Vigente hasta el 11 de septiembre del 2026,Límites de compras: - Cuotas sin intereses con límite de compra mensual de Gs; Gs. 50.000.000,,https://www.bancontinental.com.py/api/comercios?_limit=-1
c0b98afbe6010db2,Continental,Vehículos,Tonina,,Hasta 12 cuotas sin intereses,cuotas_sin_intereses,,lunes; martes; miércoles; jueves; viernes; sábado; domingo,Todos los días,Vigente hasta el 14 de noviembre de 2026,Límites de compras: - Cuotas sin intereses con límite de compra mensual de Gs; Gs. 50.000.000,,https://www.bancontinental.com.py/api/comercios?_limit=-1
07d86bb003e033fb,Continental,Vehículos,Toyotoshi,,30%; Hasta 12 cuotas sin intereses; 30% de descuento; 20% de descuento; 10% de descuento; 5% de descuento,cuotas_sin_intereses,30%; 20%; 10%; 5%,lunes; martes; miércoles; jueves; viernes; sábado; domingo,Todos los días,Vigente hasta el 03 de julio de 2027,Límite de compra mensual de hasta Gs; Gs. 50.000.000,,https://www.bancontinental.com.py/api/comercios?_limit=-1
b82cf61286fdbf11,Continental,Veterinarias,For Pets,,20%; hasta 12 cuotas sin intereses; 20% de reintegro,cuotas_sin_intereses,20%,lunes; martes; miércoles; jueves; viernes; sábado; domingo,todos los días,Vigente hasta el 06 de septiembre de 2026,Límite de compras mensual de hasta Gs; Gs. 1.000.000; Gs. 50.000.000,,https://www.bancontinental.com.py/api/comercios?_limit=-1
7e44d1acf7e29a2c,Continental,Veterinarias,La Casa del Veterinario,,Hasta 12 cuotas sin intereses,cuotas_sin_intereses,,lunes; martes; miércoles; jueves; viernes; sábado; domingo,Todos los días,Vigente hasta el 21 de abril de 2027,Límite de compra mensual de Gs; Gs. 50.000.000,,https://www.bancontinental.com.py/api/comercios?_limit=-1
0db5736c2925957d,Continental,Veterinarias,Rogavet,,Hasta 12 cuotas sin intereses,cuotas_sin_intereses,,lunes; martes; miércoles; jueves; viernes; sábado; domingo,Todos los días,Vigente hasta el 16 de junio de 2027,Límite de compra mensual de hasta Gs; Gs. 50.000.000,,https://www.bancontinental.com.py/api/comercios?_limit=-1
85461b37bf9cadc3,Continental,Veterinarias,Rural Makro,,Hasta 12 cuotas sin intereses,cuotas_sin_intereses,,lunes; martes; miércoles; jueves; viernes; sábado; domingo,Todos los días,Vigente hasta el 25 de noviembre de 2026,Límite de compras: - Cuotas sin intereses con límite de compra mensual de Gs; Gs. 50.000.000,,https://www.bancontinental.com.py/api/comercios?_limit=-1
1ff3196f6e0ee20e,Continental,Veterinarias,Tiempo de Mascota,,20%; 20% de reintegro,reintegro,20%,jueves,los jueves,Vigente hasta el 17 de diciembre del 2026,Límites de compras: - Reintegros con límite de compra mensual de hasta Gs; Gs. 500.000,,https://www.bancontinental.com.py/api/comercios?_limit=-1
abe7a86b787fa0f7,Itaú,Belleza y Salud,Asismed,,12 Cuotas sin intereses; Hasta 12 cuotas sin intereses.,cuotas_sin_intereses,,,No especificado,2025-04-04 hasta 2026-12-31,,,https://www.itau.com.py/beneficios2/Detalle?b=16171&c=31573
5bc3e6144d975af2,Itaú,Belleza y Salud,BELA NAILS,,20 % 6 Cuotas sin intereses; Tenes 20% de ahorro y hasta 6 cuotas sin intereses.,cuotas_sin_intereses,20 %; 20%,miércoles,No especificado,2026-08-12 hasta 2026-08-26,,,https://www.itau.com.py/beneficios2/Detalle?b=17036&c=32043
bf7e63a9a6cefa57,Itaú,Belleza y Salud,El Mundo del Asado,,10 Cuotas sin intereses 25 % Hasta; Tenes 20% de ahorro con todas las tarjetas de crédito + 5% con las tarjetas de crédito Personal Bank y hasta 10 cuotas sin intereses,cuotas_sin_intereses,25 %; 20%; 5%,,No especificado,2026-06-05 hasta 2026-08-31,,,https://www.itau.com.py/beneficios2/Detalle?b=17009&c=30355
f0b8d88ff2a85ff1,Itaú,Belleza y Salud,Punto Farma,,6 Cuotas sin intereses 35 % Pago con QR; Hasta 35% QR de ahorro y hasta 6 cuotas sin intereses.,cuotas_sin_intereses,35 %; 35%; 30%; 25%,martes,Todos los Martes; todos los martes,2024-12-30 hasta 2026-12-31,,,https://www.itau.com.py/beneficios2/Detalle?b=13417&c=20004
0323c816c23ff5a0,Itaú,Belleza y Salud,Punto Farma,,20 % Pago con QR; 20% de ahorro + 5% VISA y hasta 6 cuotas sin intereses.,cuotas_sin_intereses,20 %; 20%; 5%,viernes; domingo,viernes a domingo,2026-01-03 hasta 2026-12-31,,,https://www.itau.com.py/beneficios2/Detalle?b=16008&c=20004
db52ff805ffb13b9,Itaú,Belleza y Salud,Tippy Toe,,20 % 10 Cuotas sin intereses; 20% de ahorro y hasta 10 cuotas sin intereses.,cuotas_sin_intereses,20 %; 20%,jueves,Aplica los jueves,2026-01-22 hasta 2026-08-27,,,https://www.itau.com.py/beneficios2/Detalle?b=16693&c=31756
62a72c36923d8942,Itaú,Cafeterías,Almarreina,,20 %; Tenes 20% de ahorro,beneficio,20 %; 20%,lunes; martes; viernes,LUNES A VIERNES; Martes a viernes,2026-05-22 hasta 2026-08-28,,,https://www.itau.com.py/beneficios2/Detalle?b=16995&c=30239
764e0b7ae92f5e1f,Itaú,Cafeterías,CAFE PILAR,,20 %; Tenes 20% de ahorro,beneficio,20 %; 20%,lunes; martes; viernes,LUNES A VIERNES; Martes a viernes,2026-05-22 hasta 2026-08-28,,,https://www.itau.com.py/beneficios2/Detalle?b=16995&c=31993
3ffd920bb9d48926,Itaú,Cafeterías,El Cafetero,,20 %; Tenes 20% de ahorro,beneficio,20 %; 20%,lunes; martes; viernes,LUNES A VIERNES; Martes a viernes,2026-05-22 hasta 2026-08-28,,,https://www.itau.com.py/beneficios2/Detalle?b=16995&c=31561
8f674ab5ca75aab6,Itaú,Cafeterías,El Café de aca,,20 %; Tenes 20% de ahorro,beneficio,20 %; 20%,lunes; martes; viernes,LUNES A VIERNES; Martes a viernes,2026-05-22 hasta 2026-08-28,,,https://www.itau.com.py/beneficios2/Detalle?b=16995&c=30593
ce6cb175034aebe9,Itaú,Cafeterías,Havanna,,20 %; Tenes 20% de ahorro,beneficio,20 %; 20%,lunes; martes; viernes,LUNES A VIERNES; Martes a viernes,2026-05-22 hasta 2026-08-28,,,https://www.itau.com.py/beneficios2/Detalle?b=16995&c=1571
b5415a445d02ffd8,Itaú,Cafeterías,Kafea,,20 %; Tenes 20% de ahorro,beneficio,20 %; 20%,lunes; martes; viernes,LUNES A VIERNES; Martes a viernes,2026-05-22 hasta 2026-08-28,,,https://www.itau.com.py/beneficios2/Detalle?b=16995&c=31808
ee69b82b18de1927,Itaú,Cafeterías,La Lilia Cafe,,20 %; Tenes 20% de ahorro,beneficio,20 %; 20%,lunes; martes; viernes,LUNES A VIERNES; Martes a viernes,2026-05-22 hasta 2026-08-28,,,https://www.itau.com.py/beneficios2/Detalle?b=16995&c=30420
d5ea547e624c2646,Itaú,Cafeterías,Medialunas Calentitas,,20 %; Tenes 20% de ahorro,beneficio,20 %; 20%,lunes; martes; viernes,LUNES A VIERNES; Martes a viernes,2026-05-22 hasta 2026-08-28,,,https://www.itau.com.py/beneficios2/Detalle?b=16995&c=30435
486e6c55c4cf02bf,Itaú,Cafeterías,Quattro D,,20 %; Tenes 20% de ahorro,beneficio,20 %; 20%,lunes; martes; viernes,LUNES A VIERNES; Martes a viernes,2026-05-22 hasta 2026-08-28,,,https://www.itau.com.py/beneficios2/Detalle?b=16995&c=30010
1fb9d945c4aafafc,Itaú,Cafeterías,Waffle Roga,,20 %; Tenes 20% de ahorro,beneficio,20 %; 20%,lunes; martes; viernes,LUNES A VIERNES; Martes a viernes,2026-05-22 hasta 2026-08-28,,,https://www.itau.com.py/beneficios2/Detalle?b=16995&c=30786
188528b5931e2795,Itaú,Delimarket,Delimarket,,20 %; 20% de reintegro,reintegro,20 %; 20%,sábado,todos los sábados,2025-09-06 hasta 2026-09-30,,,https://www.itau.com.py/beneficios2/Detalle?b=16584&c=30064
0bfb944bafb08908,Itaú,Entretenimiento,Cines Itaú,,2x1; 2 x 1,beneficio,,miércoles; sábado; domingo,No especificado,2021-07-23 hasta 2026-12-31,,,https://www.itau.com.py/beneficios2/Detalle?b=12633&c=1084
79d553079d5433f9,Itaú,Gastronomía,FRANCESCANA,,20 %; Tenes 20% de ahorro,beneficio,20 %; 20%,jueves; viernes,Aplica los jueves,2026-07-08 hasta 2026-08-28,,,https://www.itau.com.py/beneficios2/Detalle?b=17024&c=32022
5a610e5bd685f8eb,Itaú,Gastronomía,Juan Valdez,,25 % Hasta; Tenes 25% de reintegro + 5% adicional con AMEX PLATINUM y VISA INFINITE,reintegro,25 %; 25%; 5%,lunes,Todos los lunes,2025-12-10 hasta 2026-09-28,,,https://www.itau.com.py/beneficios2/Detalle?b=16876&c=30008
b31c50d430032da8,Itaú,Gastronomía,Pizza Hut,,6 Cuotas sin intereses; Tenes 6 cuotas sin intereses para los cumpleaños.,cuotas_sin_intereses,,lunes,No especificado,2025-09-19 hasta 2026-09-30,,,https://www.itau.com.py/beneficios2/Detalle?b=16615&c=30028
3ea8c7e0bccde5af,Itaú,Gastronomía,TREFFEN,,tarjeta de crédito; Tenes 20% de ahorro,beneficio,20%,lunes; jueves,LUNES A JUEVES,2026-07-01 hasta 2026-09-03,,,https://www.itau.com.py/beneficios2/Detalle?b=17020&c=32014
fe558ef1e3f0cb21,Itaú,Hogar,CENTRO DE MATERIALES,,10 Cuotas sin intereses 40 %; Tenes 40% de ahorro con Tarjeta de Crédito y hasta 10 cuotas sin intereses.,cuotas_sin_intereses,40 %; 40%,,No especificado,2026-04-27 hasta 2026-08-31,,,https://www.itau.com.py/beneficios2/Detalle?b=16980&c=31948
e9150106c5868257,Itaú,Hogar,Corporacion Mercantil,,25 % 10 Cuotas sin intereses; 25% de ahorro y hasta 10 cuotas sin intereses.,cuotas_sin_intereses,25 %; 25%,,No especificado,2026-02-02 hasta 2026-09-15,,,https://www.itau.com.py/beneficios2/Detalle?b=16735&c=1430
63ab7798b614f938,Itaú,Hogar,Essen,,10 Cuotas sin intereses 30 %; Tenes 30% de ahorro en combos promocionales con tarjeta de crédito Itaú y hasta 10 cuotas sin intereses.,cuotas_sin_intereses,30 %; 30%,,No especificado,2026-01-07 hasta 2026-12-31,,,https://www.itau.com.py/beneficios2/Detalle?b=16711&c=30594
f49c3349fb90e388,Itaú,Hogar,Kekas Design,,10 Cuotas sin intereses; Tenes hasta 10 cuotas sin intereses.,cuotas_sin_intereses,,,No especificado,2026-08-04 hasta 2026-09-15,,,https://www.itau.com.py/beneficios2/Detalle?b=17037&c=30531
c5d6654ec52e5212,Itaú,Hogar,Luminotecnia,,10 Cuotas sin intereses 15 %; 15% de ahorro y hasta 10 cuotas sin intereses.,cuotas_sin_intereses,15 %; 15%,sábado,Aplica los sábados,2026-01-10 hasta 2026-12-26,,,https://www.itau.com.py/beneficios2/Detalle?b=15776&c=1112
2b2605726bc80209,Itaú,Hogar,Luminotecnia,,6 Cuotas sin intereses; hasta 6 cuotas sin intereses.,cuotas_sin_intereses,,,No especificado,2026-01-06 hasta 2026-12-31,,,https://www.itau.com.py/beneficios2/Detalle?b=16377&c=1112
918c632c66506c03,Itaú,Hogar,Tecnocentro,,10 Cuotas sin intereses 45 % Hasta; Tenes hasta 45% de descuento y hasta 10 cuotas sin intereses,cuotas_sin_intereses,45 %; 45%,,No especificado,2026-01-08 hasta 2026-08-31,,,https://www.itau.com.py/beneficios2/Detalle?b=16181&c=1483
a5402ad99e66fe7d,Itaú,Indumentaria,Maestro,,60 % Hasta 10 Cuotas sin intereses; Tenés hasta 50% de descuento en caja + 10% adicional vía reintegro pagando con GPAY y APPLE PAY + hasta 6 cuotas sin intereses,cuotas_sin_intereses,60 %; 50%; 10%,,No especificado,2023-10-17 hasta 2026-08-26,,,https://www.itau.com.py/beneficios2/Detalle?b=14761&c=1062
7b32da64ad015416,Itaú,Indumentaria,Tiendas Martel,,6 Cuotas sin intereses 50 % Hasta; Tenes hasta 50% de ahorro y hasta 6 cuotas sin intereses.,cuotas_sin_intereses,50 %; 50%,,No especificado,2026-03-17 hasta 2026-08-31,,,https://www.itau.com.py/beneficios2/Detalle?b=16710&c=30119
187af41091bac104,Itaú,Indumentaria,Todo Costura,,12 Cuotas sin intereses; Hasta 12 cuotas sin intereses.,cuotas_sin_intereses,,,No especificado,2026-01-12 hasta 2026-12-31,,,https://www.itau.com.py/beneficios2/Detalle?b=15935&c=31552
d168d9c56e2876d1,Itaú,Indumentaria,Wrangler,,6 Cuotas sin intereses 50 % Hasta; Tenes hasta 50% de ahorro y hasta 6 cuotas sin intereses.,cuotas_sin_intereses,50 %; 50%,,No especificado,2026-03-17 hasta 2026-08-31,,,https://www.itau.com.py/beneficios2/Detalle?b=16710&c=30120
492d4d766ce8ba4d,Itaú,Niños,AVENTURA PARK,,10 % 10 Cuotas sin intereses; Tenés 10% de ahorro y hasta 10 cuotas sin intereses.,cuotas_sin_intereses,10 %; 10%,,No especificado,2018-01-01 hasta 2026-09-30,,,https://www.itau.com.py/beneficios2/Detalle?b=10429&c=31960
18bdb0a7bea9b920,Itaú,Niños,Estoy Jugueteria,,20 % 6 Cuotas sin intereses; 20% de ahorro y hasta 6 cuotas sin intereses.,cuotas_sin_intereses,20 %; 20%,viernes,Aplica los viernes,2025-06-06 hasta 2026-12-25,,,https://www.itau.com.py/beneficios2/Detalle?b=16318&c=30144
c6ea148ad91fc4db,Itaú,Niños,Owoki,,10 Cuotas sin intereses 20 % Hasta; 20% de ahorro y hasta 10 cuotas sin intereses.,cuotas_sin_intereses,20 %; 20%; 15%; 5%,,No especificado,2025-12-01 hasta 2026-08-31,,,https://www.itau.com.py/beneficios2/Detalle?b=16797&c=1302
45150e821c8556d4,Itaú,Shell,Shell,,20 %; 20% de REINTEGRO con tu tarjeta de Crédito ORO y PREMIUM.,reintegro,20 %; 20%,lunes,todos los lunes,2026-01-05 hasta 2026-09-28,,,https://www.itau.com.py/beneficios2/Detalle?b=16918&c=31291
7d88cc745f7b4029,Itaú,Stock & Superseis,Stock,,15 %; 15% de ahorro.,reintegro,15 %; 15%,sábado,todos los sábados,2025-09-06 hasta 2026-09-30,,,https://www.itau.com.py/beneficios2/Detalle?b=16585&c=1457
4c0c98907971091b,Itaú,Stock & Superseis,SuperSeis,,15 %; 15% de ahorro.,reintegro,15 %; 15%,sábado,todos los sábados,2025-09-06 hasta 2026-09-30,,,https://www.itau.com.py/beneficios2/Detalle?b=16585&c=1464
d6c367ffeaac383a,Itaú,Super Real,Super Real,,15 %; 15% de ahorro.,reintegro,15 %; 15%,lunes,Aplica los LUNES,2025-10-06 hasta 2026-09-30,,,https://www.itau.com.py/beneficios2/Detalle?b=15535&c=31460
36c333abaf98351d,Itaú,Supermercados,Areté,,15 %; Tenes 15% de ahorro.,reintegro,15 %; 15%,domingo,Aplica los domingos,2026-01-04 hasta 2026-09-30,,,https://www.itau.com.py/beneficios2/Detalle?b=16929&c=31447
7c871f73bfc8fc10,Itaú,Supermercados,CASA GRUTTER,,15 % Hasta; Tenes 10% de reintegro para todas las Tarjetas de crédito y 15% para tarjetas de crédito Personal Bank VISA INFINITE y AMEX PLATINUM,reintegro,15 %; 10%; 15%,martes,No especificado,2026-08-04 hasta 2026-10-06,,,https://www.itau.com.py/beneficios2/Detalle?b=17033&c=32034
d826ba2dd9cbf303,Itaú,Teatro,CIRKO MARISKO,,20 % 10 Cuotas sin intereses; Tenes 20% de ahorro y hasta 10 cuotas sin intereses.,cuotas_sin_intereses,20 %; 20%,,No especificado,2026-06-02 hasta 2026-09-12,,,https://www.itau.com.py/beneficios2/Detalle?b=17006&c=32001
d3fe815960a4d8cd,Itaú,Teatro,FACUNDO ARANA SOBRE LA MARCHA,,20 % 10 Cuotas sin intereses; Tenes 20% de ahorro y hasta 10 cuotas sin intereses.,cuotas_sin_intereses,20 %; 20%,,No especificado,2026-05-01 hasta 2026-09-15,,,https://www.itau.com.py/beneficios2/Detalle?b=16987&c=32045
bad1df67f7d5c170,Itaú,Teatro,HABLANDO HUEVADAS,,20 % 10 Cuotas sin intereses; Tenes 20% de ahorro y hasta 10 cuotas sin intereses.,cuotas_sin_intereses,20 %; 20%,,No especificado,2026-05-08 hasta 2026-09-30,,,https://www.itau.com.py/beneficios2/Detalle?b=16989&c=31981
11f6a7bbdaa49995,Itaú,Teatro,LA JENNY,,20 % 10 Cuotas sin intereses; Tenes 20% de ahorro y hasta 10 cuotas sin intereses.,cuotas_sin_intereses,20 %; 20%,,No especificado,2026-05-08 hasta 2026-11-29,,,https://www.itau.com.py/beneficios2/Detalle?b=16990&c=31982
7185b3e16b670118,Itaú,Teatro,RESET UNIPERSONAL STAND UP,,20 % 10 Cuotas sin intereses; 20% de ahorro y hasta 10 cuotas sin intereses.,cuotas_sin_intereses,20 %; 20%,,No especificado,2026-05-08 hasta 2026-10-23,,,https://www.itau.com.py/beneficios2/Detalle?b=16988&c=32047
a4f9f338850cd745,Itaú,Tecnología,Claro,,12 Cuotas sin intereses; Tenes hasta 12 cuotas sin intereses.,cuotas_sin_intereses,,,No especificado,2025-07-07 hasta 2026-09-30,,,https://www.itau.com.py/beneficios2/Detalle?b=16439&c=31596
aa50c64612e4b6a8,Itaú,Tecnología,Compumarket,,15 Cuotas sin intereses; hasta 15 cuotas sin intereses.,cuotas_sin_intereses,,,No especificado,2024-12-09 hasta 2026-08-31,,,https://www.itau.com.py/beneficios2/Detalle?b=15970&c=1034
80635aa5c66c9f35,Itaú,Tecnología,Personal,,12 Cuotas sin intereses; hasta 12 cuotas sin intereses.,cuotas_sin_intereses,,,No especificado,2024-04-05 hasta 2026-09-30,,,https://www.itau.com.py/beneficios2/Detalle?b=15164&c=30885
5a248bdf71a643c8,Itaú,Tecnología,Tigo,,12 Cuotas sin intereses; Hasta 12 cuotas sin intereses.,cuotas_sin_intereses,,,No especificado,2026-01-07 hasta 2026-09-30,,,https://www.itau.com.py/beneficios2/Detalle?b=15030&c=31226
3e80cf49242dc77f,Itaú,Varios,5 DIAS,,10 Cuotas sin intereses; Tenas hasta 10 cuotas sin intereses.,cuotas_sin_intereses,,,No especificado,2021-09-24 hasta 2026-08-31,,,https://www.itau.com.py/beneficios2/Detalle?b=12813&c=30610
0df1b25b653df1f8,Itaú,Varios,ASOCIACION BRANGUS DEL PARAGUAY,,10 Cuotas sin intereses; Hasta 10 Cuotas sin intereses con tarjetas de crédito Itaú,cuotas_sin_intereses,,,No especificado,2026-06-04 hasta 2026-08-31,,,https://www.itau.com.py/beneficios2/Detalle?b=17008&c=32004
519f5ff5ed53e649,Itaú,Varios,American Look,,6 Cuotas sin intereses 25 % Hasta; 20% de ahorro mas 5% pagando con Billetera y hasta 6 cuotas sin intereses,cuotas_sin_intereses,25 %; 20%; 5%,miércoles,No especificado,2025-05-30 hasta 2026-12-02,,,https://www.itau.com.py/beneficios2/Detalle?b=16312&c=1251
66a74c312f04cacf,Itaú,Varios,Ares,,6 Cuotas sin intereses 25 % Hasta; 20% de ahorro mas 5% pagando con Billetera y hasta 6 cuotas sin intereses,cuotas_sin_intereses,25 %; 20%; 5%,miércoles,No especificado,2025-05-30 hasta 2026-12-02,,,https://www.itau.com.py/beneficios2/Detalle?b=16312&c=31392
4c169eab4a65eb9e,Itaú,Varios,BELLA AURORA,,12 Cuotas sin intereses; Tenes hasta 12 cuotas sin intereses.,cuotas_sin_intereses,,,No especificado,2026-06-26 hasta 2026-12-31,,,https://www.itau.com.py/beneficios2/Detalle?b=17017&c=32012
c3581ec8b4367783,Itaú,Varios,Bertoni,,6 Cuotas sin intereses 15 % Hasta; Tenes 15% de ahorro mas 5% pagando con GPAY y APPLE PAY y hasta 6 cuotas sin intereses,cuotas_sin_intereses,15 %; 15%; 5%; 10%,miércoles,No especificado,2026-03-26 hasta 2026-12-02,,,https://www.itau.com.py/beneficios2/Detalle?b=16903&c=30201
323788c0b1e3a879,Itaú,Varios,Bertoni,,6 Cuotas sin intereses 20 % Hasta; Tenes 15% de ahorro mas 5% pagando con GPAY y APPLE PAY y hasta 6 cuotas sin intereses,cuotas_sin_intereses,20 %; 15%; 5%,miércoles,No especificado,2026-03-26 hasta 2026-12-02,,,https://www.itau.com.py/beneficios2/Detalle?b=16965&c=30201
15e475100346f9ae,Itaú,Varios,CONTROL UNION,,10 Cuotas sin intereses; Tenes 10 cuotas sin intereses.,cuotas_sin_intereses,,,No especificado,2026-06-09 hasta 2026-08-31,,,https://www.itau.com.py/beneficios2/Detalle?b=17011&c=32007
fdc3aca4a3793c48,Itaú,Varios,Casa Corbellani,,20 % 10 Cuotas sin intereses; 20% de ahorro y hasta 10 cuotas sin intereses.,cuotas_sin_intereses,20 %; 20%,,No especificado,2025-05-10 hasta 2026-12-31,,,https://www.itau.com.py/beneficios2/Detalle?b=16292&c=31593
593f2cb79c71f451,Itaú,Varios,Cat,,6 Cuotas sin intereses 25 % Hasta; 20% de ahorro mas 5% pagando con Billetera y hasta 6 cuotas sin intereses,cuotas_sin_intereses,25 %; 20%; 5%,miércoles,No especificado,2025-05-30 hasta 2026-12-02,,,https://www.itau.com.py/beneficios2/Detalle?b=16312&c=1371
d39d5bc8749d3489,Itaú,Varios,Chacomer,,20 % 12 Cuotas sin intereses; Tenes 20% de ahorro y hasta 12 cuotas sin intereses.,cuotas_sin_intereses,20 %; 20%; 15%,viernes,todos los viernes,2025-05-01 hasta 2026-12-31,,,https://www.itau.com.py/beneficios2/Detalle?b=16230&c=30995
27fb9a77c923c215,Itaú,Varios,Chacomer,,20 % 12 Cuotas sin intereses; Tenes 20% de reintegro con las Tarjetas de Crédito Itaú y HASTA 12 CUOTAS SIN INTERESES,cuotas_sin_intereses,20 %; 20%,,No especificado,2025-03-01 hasta 2026-09-30,,,https://www.itau.com.py/beneficios2/Detalle?b=16122&c=30995
ed3b3d43dd602020,Itaú,Varios,Crocs,,6 Cuotas sin intereses 25 % Hasta; 20% de ahorro mas 5% pagando con Billetera y hasta 6 cuotas sin intereses,cuotas_sin_intereses,25 %; 20%; 5%,miércoles,No especificado,2025-05-30 hasta 2026-12-02,,,https://www.itau.com.py/beneficios2/Detalle?b=16312&c=1432
a2af5aaee0e08908,Itaú,Varios,Denoir,,6 Cuotas sin intereses 25 % Hasta; 20% de ahorro mas 5% pagando con Billetera y hasta 6 cuotas sin intereses,cuotas_sin_intereses,25 %; 20%; 5%,miércoles,No especificado,2025-05-30 hasta 2026-12-02,,,https://www.itau.com.py/beneficios2/Detalle?b=16312&c=1444
36aba6bc35670f21,Itaú,Varios,EXA GOETHE,,6 Cuotas sin intereses; Tenes 6 cuotas sin intereses.,cuotas_sin_intereses,,,No especificado,2026-03-05 hasta 2026-12-31,,,https://www.itau.com.py/beneficios2/Detalle?b=16953&c=31951
7ab8e190bfa7c5f9,Itaú,Varios,Fapasisa,,10 Cuotas sin intereses 20 % Hasta; hasta 20% de ahorro y hasta 10 cuotas sin intereses.,cuotas_sin_intereses,20 %; 20%,,No especificado,2026-07-08 hasta 2026-09-30,,,https://www.itau.com.py/beneficios2/Detalle?b=16756&c=30412
03977b4ca1a4b050,Itaú,Varios,Garden,,3 Cuotas sin intereses; hasta 3 cuotas sin intereses.,cuotas_sin_intereses,,,No especificado,2025-01-01 hasta 2026-12-31,,,https://www.itau.com.py/beneficios2/Detalle?b=13561&c=30380
d2aca0ad7f174134,Itaú,Varios,Hering,,6 Cuotas sin intereses 20 % Hasta; Tenes 15% de ahorro mas 5% pagando con GPAY y APPLE PAY y hasta 6 cuotas sin intereses,cuotas_sin_intereses,20 %; 15%; 5%,miércoles,No especificado,2026-03-26 hasta 2026-12-02,,,https://www.itau.com.py/beneficios2/Detalle?b=16965&c=1600
98d303c2e15bdaa6,Itaú,Varios,Indio Termos,,6 Cuotas sin intereses 25 % Hasta; 20% de ahorro mas 5% pagando con Billetera y hasta 6 cuotas sin intereses,cuotas_sin_intereses,25 %; 20%; 5%,miércoles,No especificado,2025-05-30 hasta 2026-12-02,,,https://www.itau.com.py/beneficios2/Detalle?b=16312&c=31092
59ff84e78e68505e,Itaú,Varios,JOSEPH COIFFURE,,6 Cuotas sin intereses 25 % Hasta; 20% de ahorro mas 5% pagando con Billetera y hasta 6 cuotas sin intereses,cuotas_sin_intereses,25 %; 20%; 5%,miércoles,No especificado,2025-05-30 hasta 2026-12-02,,,https://www.itau.com.py/beneficios2/Detalle?b=16312&c=1629
1703b94ad35f2de9,Itaú,Varios,Lomas Padel,,20 %; Tenes 20% de ahorro con APPLE PAY o GOOGLE PAY (billeteras).,beneficio,20 %; 20%,sábado; domingo,No especificado,2024-04-15 hasta 2026-12-27,,,https://www.itau.com.py/beneficios2/Detalle?b=15182&c=30608
294d1499b1d4654a,Itaú,Varios,Mi portal Coca Cola,,25 %; 25% de ahorro.,beneficio,25 %; 25%,domingo,Aplica los domingos,2025-10-19 hasta 2026-08-30,,,https://www.itau.com.py/beneficios2/Detalle?b=16428&c=31719
1d6643d63409f133,Itaú,Varios,New Balance,,6 Cuotas sin intereses 25 % Hasta; 20% de ahorro mas 5% pagando con Billetera y hasta 6 cuotas sin intereses,cuotas_sin_intereses,25 %; 20%; 5%,miércoles,No especificado,2025-05-30 hasta 2026-12-02,,,https://www.itau.com.py/beneficios2/Detalle?b=16312&c=1272
b323081e9268f5f5,Itaú,Varios,Nice,,6 Cuotas sin intereses 25 % Hasta; 20% de ahorro mas 5% pagando con Billetera y hasta 6 cuotas sin intereses,cuotas_sin_intereses,25 %; 20%; 5%,miércoles,No especificado,2025-05-30 hasta 2026-12-02,,,https://www.itau.com.py/beneficios2/Detalle?b=16312&c=30240
7d9bba361c7508c1,Itaú,Varios,Pampero,,6 Cuotas sin intereses 25 % Hasta; 20% de ahorro mas 5% pagando con Billetera y hasta 6 cuotas sin intereses,cuotas_sin_intereses,25 %; 20%; 5%,miércoles,No especificado,2025-05-30 hasta 2026-12-02,,,https://www.itau.com.py/beneficios2/Detalle?b=16312&c=31093
9d56881fb3685f14,Itaú,Varios,Patrol,,6 Cuotas sin intereses 25 % Hasta; 20% de ahorro mas 5% pagando con Billetera y hasta 6 cuotas sin intereses,cuotas_sin_intereses,25 %; 20%; 5%,miércoles,No especificado,2025-05-30 hasta 2026-12-02,,,https://www.itau.com.py/beneficios2/Detalle?b=16312&c=30094
d09f3027e8c28c60,Itaú,Varios,Primer Martes,,"25 % Hasta 10 Cuotas sin intereses; hasta 25% de ahorro y hasta 10 cuotas sin intereses + 10% con código QR, Apple Pay, Google Pay.",cuotas_sin_intereses,25 %; 25%; 10%; 5%,martes,No especificado,2026-01-06 hasta 2026-12-01,,,https://www.itau.com.py/beneficios2/Detalle?b=13431&c=31173
1bc0de3ea20fe412,Itaú,Varios,RAICES REAL ESTATE,,10 Cuotas sin intereses; Tenes 10 cuotas sin intereses.,cuotas_sin_intereses,,,No especificado,2026-05-25 hasta 2026-09-20,,,https://www.itau.com.py/beneficios2/Detalle?b=16996&c=31992
25fd890fd0e39859,Itaú,Varios,Rondina,,6 Cuotas sin intereses 25 % Hasta; 20% de ahorro mas 5% pagando con Billetera y hasta 6 cuotas sin intereses,cuotas_sin_intereses,25 %; 20%; 5%,miércoles,No especificado,2025-05-30 hasta 2026-12-02,,,https://www.itau.com.py/beneficios2/Detalle?b=16312&c=1396
b8ea70e53bed907f,Itaú,Varios,Sallustro,,6 Cuotas sin intereses 25 % Hasta; 20% de ahorro mas 5% pagando con Billetera y hasta 6 cuotas sin intereses,cuotas_sin_intereses,25 %; 20%; 5%,miércoles,No especificado,2025-05-30 hasta 2026-12-02,,,https://www.itau.com.py/beneficios2/Detalle?b=16312&c=30036
742af6dd7201afb4,Itaú,Varios,Shell,,20 %; 20% de reintegro con tu tarjeta de Crédito clásica,reintegro,20 %; 20%,lunes,todos los lunes,2026-01-05 hasta 2026-09-28,,,https://www.itau.com.py/beneficios2/Detalle?b=16914&c=31291
02aff17aa83896d2,Itaú,Varios,Sport House,,6 Cuotas sin intereses 25 % Hasta; 20% de ahorro mas 5% pagando con Billetera y hasta 6 cuotas sin intereses,cuotas_sin_intereses,25 %; 20%; 5%,miércoles,No especificado,2025-05-30 hasta 2026-12-02,,,https://www.itau.com.py/beneficios2/Detalle?b=16312&c=1456
d68b31fae45052e1,Itaú,Varios,TL Sports & Outdoors,,6 Cuotas sin intereses 25 % Hasta; 20% de ahorro mas 5% pagando con Billetera y hasta 6 cuotas sin intereses,cuotas_sin_intereses,25 %; 20%; 5%,miércoles,No especificado,2025-05-30 hasta 2026-12-02,,,https://www.itau.com.py/beneficios2/Detalle?b=16312&c=1493
9240c7d4b41684d1,Itaú,Varios,Timberland,,6 Cuotas sin intereses 25 % Hasta; 20% de ahorro mas 5% pagando con Billetera y hasta 6 cuotas sin intereses,cuotas_sin_intereses,25 %; 20%; 5%,miércoles,No especificado,2025-05-30 hasta 2026-12-02,,,https://www.itau.com.py/beneficios2/Detalle?b=16312&c=30097
e40a8e0a968ff8e0,Itaú,Varios,Touring y Automóvil Club Paraguayo,,10 Cuotas sin intereses; Tenes hasta 10 cuotas sin intereses.,cuotas_sin_intereses,,,No especificado,2026-06-26 hasta 2026-12-31,,,https://www.itau.com.py/beneficios2/Detalle?b=17016&c=32011
cff3459eab37905a,Itaú,Varios,VGS,,6 Cuotas sin intereses 25 % Hasta; 20% de ahorro mas 5% pagando con Billetera y hasta 6 cuotas sin intereses,cuotas_sin_intereses,25 %; 20%; 5%,miércoles,No especificado,2025-05-30 hasta 2026-12-02,,,https://www.itau.com.py/beneficios2/Detalle?b=16312&c=1538
2d64a7987a4435bc,Itaú,Varios,VICAR S.A.,,10 % 10 Cuotas sin intereses; Tenes 10% de ahorro y hasta 10 cuotas sin intereses.,cuotas_sin_intereses,10 %; 10%,,No especificado,2021-08-30 hasta 2026-12-31,,,https://www.itau.com.py/beneficios2/Detalle?b=12732&c=30423
b8be0bfa667e7dfe,Itaú,Varios,Vernier,,6 Cuotas sin intereses 25 % Hasta; 20% de ahorro mas 5% pagando con Billetera y hasta 6 cuotas sin intereses,cuotas_sin_intereses,25 %; 20%; 5%,miércoles,No especificado,2025-05-30 hasta 2026-12-02,,,https://www.itau.com.py/beneficios2/Detalle?b=16312&c=30116
58e14e1e82c79fa9,Itaú,Viaje y Turismo,Ace Tours,,12 Cuotas sin intereses; hasta 12 cuotas sin intereses,cuotas_sin_intereses,,,No especificado,2025-02-01 hasta 2026-08-31,,,https://www.itau.com.py/beneficios2/Detalle?b=16056&c=1211
af6ef374b8b4fcd1,Itaú,Viaje y Turismo,Aeromar,,12 Cuotas sin intereses; hasta 12 cuotas sin intereses,cuotas_sin_intereses,,,No especificado,2025-02-01 hasta 2026-08-31,,,https://www.itau.com.py/beneficios2/Detalle?b=16056&c=1216
d6d0229cf830465e,Itaú,Viaje y Turismo,Agencias de Viajes,,12 Cuotas sin intereses; hasta 12 cuotas sin intereses,cuotas_sin_intereses,,,No especificado,2025-02-01 hasta 2026-08-31,,,https://www.itau.com.py/beneficios2/Detalle?b=16056&c=31564
40cc72845245dbcc,Itaú,Viaje y Turismo,Agyr,,12 Cuotas sin intereses; hasta 12 cuotas sin intereses,cuotas_sin_intereses,,,No especificado,2025-02-01 hasta 2026-08-31,,,https://www.itau.com.py/beneficios2/Detalle?b=16056&c=1010
16fe933199ce90ab,Itaú,Viaje y Turismo,Almacen De Viajes,,12 Cuotas sin intereses; hasta 12 cuotas sin intereses,cuotas_sin_intereses,,,No especificado,2025-02-01 hasta 2026-08-31,,,https://www.itau.com.py/beneficios2/Detalle?b=16056&c=1223
3bc2ebed8dc40c58,Itaú,Viaje y Turismo,Alto Vuelo,,12 Cuotas sin intereses; hasta 12 cuotas sin intereses,cuotas_sin_intereses,,,No especificado,2025-02-01 hasta 2026-08-31,,,https://www.itau.com.py/beneficios2/Detalle?b=16056&c=30469
a99f139f8ef98887,Itaú,Viaje y Turismo,Ami Tour,,12 Cuotas sin intereses; hasta 12 cuotas sin intereses,cuotas_sin_intereses,,,No especificado,2025-02-01 hasta 2026-08-31,,,https://www.itau.com.py/beneficios2/Detalle?b=16056&c=30051
c418641c3f0b87fb,Itaú,Viaje y Turismo,Aries Travel,,12 Cuotas sin intereses; hasta 12 cuotas sin intereses,cuotas_sin_intereses,,,No especificado,2025-02-01 hasta 2026-08-31,,,https://www.itau.com.py/beneficios2/Detalle?b=16056&c=1267
2eb983c94a3c2b4e,Itaú,Viaje y Turismo,Aventura Viajes,,12 Cuotas sin intereses; hasta 12 cuotas sin intereses,cuotas_sin_intereses,,,No especificado,2025-02-01 hasta 2026-08-31,,,https://www.itau.com.py/beneficios2/Detalle?b=16056&c=1326
5a59a21f89fbb4c3,Itaú,Viaje y Turismo,Bespoke,,12 Cuotas sin intereses; hasta 12 cuotas sin intereses,cuotas_sin_intereses,,,No especificado,2025-02-01 hasta 2026-08-31,,,https://www.itau.com.py/beneficios2/Detalle?b=16056&c=30416
82566a76284aa7f4,Itaú,Viaje y Turismo,Boarding Pass,,12 Cuotas sin intereses; hasta 12 cuotas sin intereses,cuotas_sin_intereses,,,No especificado,2025-02-01 hasta 2026-08-31,,,https://www.itau.com.py/beneficios2/Detalle?b=16056&c=1344
5ce313ac9b9098bf,Itaú,Viaje y Turismo,CMP Travel,,12 Cuotas sin intereses; hasta 12 cuotas sin intereses,cuotas_sin_intereses,,,No especificado,2025-02-01 hasta 2026-08-31,,,https://www.itau.com.py/beneficios2/Detalle?b=16056&c=32037
40819fe650521263,Itaú,Viaje y Turismo,Consorcio,,12 Cuotas sin intereses; hasta 12 cuotas sin intereses,cuotas_sin_intereses,,,No especificado,2025-02-01 hasta 2026-08-31,,,https://www.itau.com.py/beneficios2/Detalle?b=16056&c=30043
99fd18ba6ae67636,Itaú,Viaje y Turismo,Coral Turismo,,12 Cuotas sin intereses; hasta 12 cuotas sin intereses,cuotas_sin_intereses,,,No especificado,2025-02-01 hasta 2026-08-31,,,https://www.itau.com.py/beneficios2/Detalle?b=16056&c=1429
8571a62faea5f124,Itaú,Viaje y Turismo,Frontur,,12 Cuotas sin intereses; hasta 12 cuotas sin intereses,cuotas_sin_intereses,,,No especificado,2025-02-01 hasta 2026-08-31,,,https://www.itau.com.py/beneficios2/Detalle?b=16056&c=30046
7940684d0ea93a94,Itaú,Viaje y Turismo,Go Travel,,12 Cuotas sin intereses; hasta 12 cuotas sin intereses,cuotas_sin_intereses,,,No especificado,2025-02-01 hasta 2026-08-31,,,https://www.itau.com.py/beneficios2/Detalle?b=16056&c=30050
ff243e6f6458b9bb,Itaú,Viaje y Turismo,Interviajes,,12 Cuotas sin intereses; hasta 12 cuotas sin intereses,cuotas_sin_intereses,,,No especificado,2025-02-01 hasta 2026-08-31,,,https://www.itau.com.py/beneficios2/Detalle?b=16056&c=1619
bbaa11d3f81cd689,Itaú,Viaje y Turismo,Latam,,10 Cuotas sin intereses; hasta 10 cuotas sin intereses,cuotas_sin_intereses,,,No especificado,2026-02-11 hasta 2026-12-31,,,https://www.itau.com.py/beneficios2/Detalle?b=15177&c=1093
e40e3e0b3b56c60e,Itaú,Viaje y Turismo,Maral Turismo,,12 Cuotas sin intereses; hasta 12 cuotas sin intereses,cuotas_sin_intereses,,,No especificado,2025-02-01 hasta 2026-08-31,,,https://www.itau.com.py/beneficios2/Detalle?b=16056&c=1190
4ca1f4c9f544af73,Itaú,Viaje y Turismo,Me Vuelo,,12 Cuotas sin intereses; hasta 12 cuotas sin intereses,cuotas_sin_intereses,,,No especificado,2025-02-01 hasta 2026-08-31,,,https://www.itau.com.py/beneficios2/Detalle?b=16056&c=30840
7a1dc163b1ae8e2d,Itaú,Viaje y Turismo,Origen,,12 Cuotas sin intereses; hasta 12 cuotas sin intereses,cuotas_sin_intereses,,,No especificado,2025-02-01 hasta 2026-08-31,,,https://www.itau.com.py/beneficios2/Detalle?b=16056&c=1294
2b0b98ce4d1e2926,Itaú,Viaje y Turismo,Palma Travel,,12 Cuotas sin intereses; hasta 12 cuotas sin intereses,cuotas_sin_intereses,,,No especificado,2025-02-01 hasta 2026-08-31,,,https://www.itau.com.py/beneficios2/Detalle?b=16056&c=1304
a078d33de7e9cc7f,Itaú,Viaje y Turismo,Panorama Viajes,,12 Cuotas sin intereses; hasta 12 cuotas sin intereses,cuotas_sin_intereses,,,No especificado,2025-02-01 hasta 2026-08-31,,,https://www.itau.com.py/beneficios2/Detalle?b=16056&c=30049
0b69758eec6741aa,Itaú,Viaje y Turismo,Sensitur Viajes,,12 Cuotas sin intereses; hasta 12 cuotas sin intereses,cuotas_sin_intereses,,,No especificado,2025-02-01 hasta 2026-08-31,,,https://www.itau.com.py/beneficios2/Detalle?b=16056&c=32036
b723eae583d99584,Itaú,Viaje y Turismo,Servitravel,,12 Cuotas sin intereses; hasta 12 cuotas sin intereses,cuotas_sin_intereses,,,No especificado,2025-02-01 hasta 2026-08-31,,,https://www.itau.com.py/beneficios2/Detalle?b=16056&c=1417
c8770292d56034e6,Itaú,Viaje y Turismo,Sevens Travel,,12 Cuotas sin intereses; hasta 12 cuotas sin intereses,cuotas_sin_intereses,,,No especificado,2025-02-01 hasta 2026-08-31,,,https://www.itau.com.py/beneficios2/Detalle?b=16056&c=30639
7a5ea746b2cc5676,Itaú,Viaje y Turismo,Smart Travel,,12 Cuotas sin intereses; hasta 12 cuotas sin intereses,cuotas_sin_intereses,,,No especificado,2025-02-01 hasta 2026-08-31,,,https://www.itau.com.py/beneficios2/Detalle?b=16056&c=30047
a916ac92308738ee,Itaú,Viaje y Turismo,Terranova,,12 Cuotas sin intereses; hasta 12 cuotas sin intereses,cuotas_sin_intereses,,,No especificado,2025-02-01 hasta 2026-08-31,,,https://www.itau.com.py/beneficios2/Detalle?b=16056&c=1486
5f62591bec0da90d,Itaú,Viaje y Turismo,Universo Turismo,,12 Cuotas sin intereses; hasta 12 cuotas sin intereses,cuotas_sin_intereses,,,No especificado,2025-02-01 hasta 2026-08-31,,,https://www.itau.com.py/beneficios2/Detalle?b=16056&c=30920
ee09b0cb17bbd93b,Itaú,Viaje y Turismo,Viamar Viajes,,12 Cuotas sin intereses; hasta 12 cuotas sin intereses,cuotas_sin_intereses,,,No especificado,2025-02-01 hasta 2026-08-31,,,https://www.itau.com.py/beneficios2/Detalle?b=16056&c=30048
cbc5c46ff4fe5931,Itaú,Viaje y Turismo,Zona De Embarque,,12 Cuotas sin intereses; hasta 12 cuotas sin intereses,cuotas_sin_intereses,,,No especificado,2025-02-01 hasta 2026-08-31,,,https://www.itau.com.py/beneficios2/Detalle?b=16056&c=1564
6861bf9a085e98ae,Itaú,Últimos días,Almacen De Pizzas,,25 % Hasta; Tenés 20% de ahorro pagando con tarjeta de crédito Itaú + 5% con American Express,beneficio,25 %; 20%; 5%,,No especificado,2020-03-02 hasta 2026-08-23,,,https://www.itau.com.py/beneficios2/Detalle?b=11479&c=30022
72bde0b9129a12de,Itaú,Últimos días,Casa rica,,20 %; 20% de ahorro.,beneficio,20 %; 20%,,No especificado,2025-11-20 hasta 2026-08-20,,,https://www.itau.com.py/beneficios2/Detalle?b=16772&c=31563
bf88f3b9c905175e,Itaú,Últimos días,TRINCHE,,20 % 10 Cuotas sin intereses; Tenes 20% de ahorro y hasta 10 cuotas sin intereses.,cuotas_sin_intereses,20 %; 20%,,No especificado,2026-05-08 hasta 2026-08-21,,,https://www.itau.com.py/beneficios2/Detalle?b=16991&c=31983
0d6ba89874bbac00,Itaú,Últimos días,Tienda Móvil,,15 Cuotas sin intereses; Hasta 15 cuotas sin intereses.,cuotas_sin_intereses,,,No especificado,2025-01-02 hasta 2026-08-20,,,https://www.itau.com.py/beneficios2/Detalle?b=15876&c=1576
2143259d1a5a0456,Sudameris,Combustible,COPETROL Y COPEMARKET 2026,,20%,reintegro,20%,lunes; martes; miércoles; jueves; viernes; sábado; domingo,15 de cada mes; Todos los días,• 15 de cada mes. • Desde el 01 de julio hasta el 30 de septiembre 2026.,,,https://www.sudameris.com.py/beneficios/destacado/609/detalle
7ed0289b2dbc933f,Sudameris,Combustible,ENEX Y APP MI ENEX,,10%; 20%,reintegro,10%; 20%,lunes,primer lunes; Solo el primer lunes,• Desde el 01 de julio hasta el 30 de septiembre 2026. • Solo el primer lunes de cada mes. • 6 de julio. • 3 de agosto. • 7 de septiembre.,,,https://www.sudameris.com.py/beneficios/destacado/307/detalle
c2b46ea72556c68c,Sudameris,Combustible,Estaciones de Servicio CCU,,ECOP - Estaciones de Servicio CCU VIGENCIA • Desde el 01 de julio hasta el 31 de diciembre 2026. • Solo el primer jueves de cada mes. • 02 de julio. • 06 de agosto. • 03 de septiem,beneficio,,jueves,primer jueves; Solo el primer jueves,• Desde el 01 de julio hasta el 31 de diciembre 2026. • Solo el primer jueves de cada mes. • 02 de julio. • 06 de agosto. • 03 de septiembre. • 01 de octubre. • 05 de noviembre. • 03 de diciembre. PETROBRAS - Estaciones de Servicio CCU,,,https://www.sudameris.com.py/beneficios/destacado/679/detalle
9898767b60dd8ac2,Sudameris,Cuotas y tarjetas,6 CUOTAS SIN INTERÉS - COMPRAS EN EL EXTERIOR,,6 cuotas sin interés,cuotas_sin_intereses,,lunes; martes; miércoles; jueves; viernes; sábado; domingo,Todos los días,• Todos los días hasta el 31 de diciembre del 2026.,,,https://www.sudameris.com.py/beneficios/destacado/494/detalle
7a201940b9f7a069,Sudameris,Cuotas y tarjetas,SASPY EXPRESS,,20%; Hasta 10 cuotas sin interés; 6 CUOTAS SIN INTERÉS,cuotas_sin_intereses,20%,lunes; martes; miércoles; jueves; viernes; sábado; domingo,Todos los días,• Desde el 06 de abril hasta el 30 de septiembre 2026.,,,https://www.sudameris.com.py/beneficios/destacado/849/detalle
0f3c06520e621fe1,Sudameris,Cuotas y tarjetas,SUDAMERIS GO- CUOTAS,,Hasta 18 cuotas sin intereses,cuotas_sin_intereses,,,No especificado,• Del 12 de febrero del 2026 al 31 de diciembre del 2026.,,,https://www.sudameris.com.py/beneficios/destacado/820/detalle
adda73b6e9b84929,Sudameris,Cuotas y tarjetas,TARJETAS EMPRESARIALES,,Hasta 6 cuotas sin interés,cuotas_sin_intereses,,lunes; martes; miércoles; jueves; viernes; sábado; domingo,Todos los días,• Todos los días. • Desde el 01 de enero hasta el 31 de diciembre de 2026.,,,https://www.sudameris.com.py/beneficios/destacado/742/detalle
7fca8ed534f6adcd,Sudameris,Cuotas y tarjetas,ZONA NORTE,,en tu zona,beneficio,,,No especificado,• Verificar según aplicación de promoción (ver cuadro más abajo).,,,https://www.sudameris.com.py/beneficios/destacado/650/detalle
b6f68760bbba26e1,Sudameris,Deportes y clubes,CLUB DEPORTIVO ALEMÁN (DTA),,10%; 20%; Hasta 12 cuotas sin intereses; Tope de compra mensual por cuenta de tarjeta de crédito: Gs. 500.000.; Gs. 500.000.,cuotas_sin_intereses,10%; 20%,lunes; martes; miércoles; jueves; viernes; sábado; domingo,todos los días,No especificado,,,https://www.sudameris.com.py/beneficios/destacado/403/detalle
204ec611b9cd5baf,Sudameris,Deportes y clubes,CLUB PORVENIR GUAIREÑO,,10%; Hasta 12 cuotas sin interés,cuotas_sin_intereses,10%,lunes; martes; miércoles; jueves; viernes; sábado; domingo,Todos los días,No especificado,,,https://www.sudameris.com.py/beneficios/destacado/451/detalle
2a12b5aaa265821a,Sudameris,Deportes y clubes,CLUB SOCIAL ÁREA 4 - CIUDAD DEL ESTE,,10%; Hasta 12 cuotas sin interés; Tope de compra mensual: Gs. 300.000; Gs. 300.000,cuotas_sin_intereses,10%,lunes; martes; miércoles; jueves; viernes; sábado; domingo,Todos los días,• Todos los días. • Desde el 11 de febrero hasta el 31 de diciembre 2026..,,,https://www.sudameris.com.py/beneficios/destacado/826/detalle
07955249ec6490ff,Sudameris,Deportes y clubes,LIVE FITNESS,,10%; 15%; 20%; hasta 3 cuotas sin intereses; hasta 6 cuotas sin intereses; hasta 12 cuotas sin intereses,cuotas_sin_intereses,10%; 15%; 20%,lunes; martes; miércoles; jueves; viernes; sábado; domingo,Todos los días,• Todos los días. • Desde el 27 de abril hasta el 31 de diciembre 2026.,,,https://www.sudameris.com.py/beneficios/destacado/861/detalle
87b8f157c3aefeda,Sudameris,Entretenimiento y experiencias,DISTRITO PERSEVERANCIA - BENEFICIOS PERMANENTES,,¡Disfrutá de Distrito Perseverancia todo el año! Aprovechá hasta 12 cuotas sin interés en locales adheridos. Vigencia: Del 03/08 al 31/12/2026.,cuotas_sin_intereses,,,No especificado,Del 03/08 al 31/12/2026.,,,https://www.sudameris.com.py/beneficios/destacado/902/detalle
ac147ce20b27b151,Sudameris,Entretenimiento y experiencias,DONACIÓN TECHO 2026 EN DISTRITO PERSEVERANCIA,,8 cuotas sin interés,cuotas_sin_intereses,,,No especificado,Periodo de campaña: Del 31 de julio al 5 de septiembre de 2026.,,,https://www.sudameris.com.py/beneficios/destacado/901/detalle
35306a49768a9da9,Sudameris,Entretenimiento y experiencias,PROMOCIÓN MCLAREN MASTERCARD F1 TEAM,,Gs. 500.000,beneficio,,,No especificado,"de la promoción y acumulá cupones digitales automáticamente para los sorteos, según las",,,https://www.sudameris.com.py/beneficios/destacado/854/detalle
2431d7b694ba470f,Sudameris,Farmacias,BIGGIE FARMA,,10%; 20%; Hasta 12 cuotas sin interés,cuotas_sin_intereses,10%; 20%,jueves,primer Jueves; Solo el primer Jueves,• Desde el 01 de julio hasta el 30 de septiembre 2026. • Solo el primer Jueves de cada mes: • 02 de julio. • 06 de agosto. • 03 de septiembre.,,,https://www.sudameris.com.py/beneficios/destacado/708/detalle
fcdc3c1b164fdc31,Sudameris,Farmacias,DRUGSTORE ASISMED DESCUENTO EN CAJA,,10%; 100%; 17%; 32%; Hasta 12 cuotas sin intereses,cuotas_sin_intereses,10%; 100%; 17%; 32%,martes,Todos los martes,• Todos los martes. • Desde el 01 de julio hasta el 30 de septiembre 2026.,,,https://www.sudameris.com.py/beneficios/destacado/453/detalle
69e6096277c0ccc6,Sudameris,Farmacias,FARMACENTER,,10%; 20%; Hasta 12 cuotas sin interés,cuotas_sin_intereses,10%; 20%,miércoles,primer miércoles; Solo el primer miércoles,• Desde el 01 de julio hasta el 31 de diciembre 2026. • Solo el primer miércoles de cada mes: • 01 de julio. • 05 de agosto. • 02 de septiembre. • 07 de octubre. • 04 de noviembre. • 02 de diciembre.,,,https://www.sudameris.com.py/beneficios/destacado/632/detalle
ebeec6561832b10e,Sudameris,Farmacias,FARMACIA CATEDRAL,,10%; 20%; 25%; Hasta 12 cuotas sin interés,cuotas_sin_intereses,10%; 20%; 25%,lunes,Todos los lunes; Todos los Lunes,• Todos los lunes. • Desde el 1 de julio hasta el 31 de diciembre 2026.,,,https://www.sudameris.com.py/beneficios/destacado/270/detalle
ae7ef2743f69f8d3,Sudameris,Gastronomía,BIGGIE EXPRESS - PRIMERO DE CADA MES,,30%,reintegro,30%,,01 de cada mes,• 01 de cada mes. • Desde el 01 de julio hasta el 30 de septiembre 2026.,,,https://www.sudameris.com.py/beneficios/destacado/891/detalle
2b5d792d71c1b34c,Sudameris,Gastronomía,CLUB CENTRO SOCIAL ENCARNACIÓN,,10%; 20%; Hasta 12 Cuotas sin interés,cuotas_sin_intereses,10%; 20%,,No especificado,• Hasta el 15 de enero 2027.,,,https://www.sudameris.com.py/beneficios/destacado/477/detalle
c541978058f267ba,Sudameris,Gastronomía,CLUB CONCEPCIÓN,,10%; 20%; Hasta 12 cuotas sin interés,cuotas_sin_intereses,10%; 20%,lunes; martes; miércoles; jueves; viernes; sábado; domingo,Todos los días,• Todos los días desde el 9 de setiembre al 31 de agosto del 2028 • Todos los días desde el 31 de octubre al 31 de agosto del 2028 del débito automático del club,,,https://www.sudameris.com.py/beneficios/destacado/522/detalle
cc2e3c7d42d18bb2,Sudameris,Gastronomía,CLUB DEPORTIVO PUERTO SAJONIA (CDPS),,10%; 20%; Hasta 36 cuotas sin interés; Tope de compra mensual en cada restaurante Gs. 300.000; Tope mensual de compra Gs. 500.000; Gs. 300.000; Gs. 500.000,cuotas_sin_intereses,10%; 20%,lunes; martes; miércoles; jueves; viernes; sábado; domingo,Todos los días,• Todos los días. • Hasta el 31 de julio de 2028.,,,https://www.sudameris.com.py/beneficios/destacado/231/detalle
7b607fc73f93826f,Sudameris,Gastronomía,CLUB NÁUTICO SAN BERNARDINO,,10%; 20%; 12 cuotas sin intereses; Tope de pago mensual: Gs. 500.000; Tope de compra mensual: Gs. 3.000.000; Tope de compra mensual: Gs. 500.000; Gs. 500.000; Gs. 3.000.000,cuotas_sin_intereses,10%; 20%,,No especificado,• Hasta el 31 de octubre del 2026,,,https://www.sudameris.com.py/beneficios/destacado/142/detalle
1f96522f374dafb4,Sudameris,Gastronomía,CLUB SOCIAL ÁREA 1 (CDE),,10%; 20%; hasta 12 cuotas sin intereses; Tope de compra mensual: Gs. 440.000; Tope de compra mensual: Gs. 50.000; Tope de compra mensual: Gs. 300.000; Gs. 440.000; Gs. 50.000; Gs. 300.000,cuotas_sin_intereses,10%; 20%,lunes; martes; miércoles; jueves; viernes; sábado; domingo,Todos los días; todos los días,• Todos los días. • Hasta el 30 de junio de 2028.,,,https://www.sudameris.com.py/beneficios/destacado/297/detalle
1b7f3aa0f3f3dc42,Sudameris,Gastronomía,CONCEPTS LA CUADRITA,,20%; 25%; Hasta 10 cuotas sin intereses,cuotas_sin_intereses,20%; 25%,miércoles; viernes,Miércoles a viernes,• Miércoles a viernes. • Desde el 04 de marzo hasta el 09 de octubre 2026.,,,https://www.sudameris.com.py/beneficios/destacado/443/detalle
b65d8df80a17c1eb,Sudameris,Gastronomía,GASTRONOMÍA 26,,Disfruta del Reintegro en Gastronomía y Ahorrá con reintegros directos sin canjes de puntos.,reintegro,,,No especificado,No especificado,,,https://www.sudameris.com.py/beneficios/destacado/636/detalle
1aeef1fb2d56e0e9,Sudameris,Gastronomía,LE BISTRO DE LA ROTONDE – DISTRITO PERSEVERANCIA,,20%; 25%,reintegro,20%; 25%,lunes; miércoles,lunes a miércoles,• De lunes a miércoles. • Desde el 06 de julio hasta el 30 de septiembre 2026.,,,https://www.sudameris.com.py/beneficios/destacado/897/detalle
0bb1da1cfb2ab0f1,Sudameris,Gastronomía,RESTAURANTES FAMILIA PARU - LA CUADRITA,,20%; 25%,descuento,20%; 25%,,No especificado,• Desde el 01 de enero hasta el 31 de diciembre de 2026.,,,https://www.sudameris.com.py/beneficios/destacado/308/detalle
80f09161c24d14fc,Sudameris,Gastronomía,SERENDIPITY - LA HORNALLA - CANTINA COLEGIOS,,15%,reintegro,15%,lunes; viernes,Lunes a viernes,• Lunes a viernes. • Desde el 20 de abril hasta el 30 de noviembre 2026.,,,https://www.sudameris.com.py/beneficios/destacado/858/detalle
cb10a625952f4187,Sudameris,Hogar,LINCOLN,,20%; Hasta 12 cuotas sin interés,cuotas_sin_intereses,20%,lunes; martes; miércoles; jueves; viernes; sábado; domingo,Todos los días,• Todos los días. • Desde el 01 de agosto hasta el 30 de septiembre 2026.,,,https://www.sudameris.com.py/beneficios/destacado/797/detalle
40005bb648215bc9,Sudameris,Hogar,MATERASSI,,10%; 30%; Hasta 12 cuotas sin interés,cuotas_sin_intereses,10%; 30%,miércoles; sábado,Miércoles a sábado,• Miércoles a sábado. • Desde el 19 de agosto hasta el 03 de octubre 2026.,,,https://www.sudameris.com.py/beneficios/destacado/476/detalle
245c2e1c109ba3aa,Sudameris,Hogar,PARANA HOGAR / COLCHONES,,30%; Hasta 12 cuotas sin intereses,cuotas_sin_intereses,30%,viernes,Todos los viernes,• Todos los viernes. • Desde el 03 de agosto hasta el 31 de octubre 2026.,,,https://www.sudameris.com.py/beneficios/destacado/903/detalle
5c9ecaa42c9f540f,Sudameris,Moda,ADOLFO DOMINGUEZ,,10%; 50%; Hasta 10 cuotas sin interés,cuotas_sin_intereses,10%; 50%,,No especificado,• Desde el 17 de agosto hasta el 31 de agosto 2026.,,,https://www.sudameris.com.py/beneficios/destacado/909/detalle
d6f116af94e1bcf3,Sudameris,Moda,BABY COTTONS,,10%; 50%; Hasta 10 cuotas sin interés,cuotas_sin_intereses,10%; 50%,,No especificado,• Desde el 17 de agosto hasta el 31 de agosto 2026.,,,https://www.sudameris.com.py/beneficios/destacado/908/detalle
efba88f20d24bbac,Sudameris,Moda,CARO CUORE,,10%; 50%; Hasta 10 cuotas sin interés,cuotas_sin_intereses,10%; 50%,,No especificado,• Desde el 17 de agosto hasta el 31 de agosto 2026.,,,https://www.sudameris.com.py/beneficios/destacado/911/detalle
6e8b2b929fa1c6c8,Sudameris,Moda,ESTANCIAS,,10%; 50%; Hasta 10 cuotas sin interés,cuotas_sin_intereses,10%; 50%,,No especificado,• Desde el 17 de agosto hasta el 31 de agosto 2026.,,,https://www.sudameris.com.py/beneficios/destacado/910/detalle
ad1b6f114a5c6f33,Sudameris,Moda,RAPSODIA,,10%; 50%; Hasta 10 cuotas sin interés,cuotas_sin_intereses,10%; 50%,,No especificado,• Desde el 17 de agosto hasta el 31 de agosto 2026.,,,https://www.sudameris.com.py/beneficios/destacado/912/detalle
b87a00e0fa028841,Sudameris,Moda,YOUNIQUE,,25%; 30%; Hasta 12 cuotas sin interés,cuotas_sin_intereses,25%; 30%,martes,Todos los martes,• Todos los martes y miércoles. • Del 02 de junio al 31 de agosto 2026.,,,https://www.sudameris.com.py/beneficios/destacado/315/detalle
fb152a7d1fb1b1f3,Sudameris,Otros,ZONA CENTRAL - ASUNCIÓN Y GRAN ASUNCIÓN,,en tu zona,beneficio,,,No especificado,• Verificar según aplicación de promoción (ver cuadro más abajo).,,,https://www.sudameris.com.py/beneficios/destacado/647/detalle
55df6f300643c480,Sudameris,Otros,ZONA ESTE,,"en tu zona • Reintegros directos en el extracto, sin canje de puntos CIUDAD DEL ESTE HERNANDARIAS VILLARRICA CORONEL OVIEDO CAAZAPÁ SANTA RITA NARANJAL J. EULOGIO ESTIGARRIBIA SANT",reintegro,,,No especificado,No especificado,,,https://www.sudameris.com.py/beneficios/destacado/440/detalle
252b25a931d2e349,Sudameris,Otros,ZONA SUR,,"en tu zona • Reintegros directos en el extracto, sin canje de puntos ENCARNACIÓN HOHENAU PIRAPÓ BELLA VISTA CORONEL BOGADO TRINIDAD MARÍA AUXILIADORA FRAM OBLIGADO CARMEN DEL PARAN",reintegro,,,No especificado,No especificado,,,https://www.sudameris.com.py/beneficios/destacado/436/detalle
4d002b503294076f,Sudameris,Supermercados,FRIGOMAS,,25%,reintegro,25%,,No especificado,• Viernes. • Desde el 07 de agosto al 25 de septiembre 2026.,,,https://www.sudameris.com.py/beneficios/destacado/846/detalle
451c9913e2558be2,Sudameris,Supermercados,LUISITO,,20%,reintegro,20%,martes,Todos los martes,• Todos los martes. • Desde el 26 de mayo hasta el 30 de noviembre 2026.,,,https://www.sudameris.com.py/beneficios/destacado/875/detalle
c1cd11ef0944f1b5,Sudameris,Supermercados,REAL SUPERMERCADOS,,20%; Hasta 12 cuotas sin interés,cuotas_sin_intereses,20%,lunes; martes; miércoles; jueves; viernes; sábado; domingo,primer viernes; Solo el primer viernes; todos los días,• Desde el 01 de julio hasta el 30 de septiembre 2026. • Solo el primer viernes de cada mes: • 03 de julio. • 07 de agosto. • 04 de septiembre.,,,https://www.sudameris.com.py/beneficios/destacado/483/detalle
060864a92e631902,Sudameris,Viajes y turismo,12 CUOTAS SIN INTERÉS - 2026,,¡Disfrutá tus rubros favoritos en CUOTAS! Tenés hasta 12 cuotas sin interés todos los días hasta el 31 de diciembre de 2026 con todas tus tarjetas de crédito en: Bicicleterías Club,cuotas_sin_intereses,,lunes; martes; miércoles; jueves; viernes; sábado; domingo,todos los días,No especificado,,,https://www.sudameris.com.py/beneficios/destacado/147/detalle
aa6be9dce5bb2b26,Sudameris,Viajes y turismo,DISFRUTÁ DEL RESORT YACHT Y GOLF CLUB,,10%; 25%,reintegro,10%; 25%,lunes; martes; miércoles; jueves; viernes; sábado; domingo,Todos los días,• Todos los días • Desde el 12 hasta el 31 de diciembre de 2025.,,,https://www.sudameris.com.py/beneficios/destacado/376/detalle
c4d5cc3015cf7c35,Sudameris,Viajes y turismo,DTP TRAVEL GROUP,,Upgrade de Entradas – Charter F1 São Paulo VIGENCIA •La Promoción tendrá vigencia desde enero de 2026 hasta octubre del 2026.,beneficio,,,No especificado,•La Promoción tendrá,,,https://www.sudameris.com.py/beneficios/destacado/787/detalle
94baa749ea2b36db,Sudameris,Viajes y turismo,TATANO POSADA BOUTIQUE,,20%; 25%; Hasta 12 cuotas sin intereses,cuotas_sin_intereses,20%; 25%,martes; domingo,Martes a domingo,• Martes a domingo. • Desde el 07 de abril 2026 hasta el 31 de diciembre 2026.,,,https://www.sudameris.com.py/beneficios/destacado/761/detalle
3ce4c0e749d94338,Sudameris,Viajes y turismo,Travel Hub Agosto – DTP Travel Group,,Hasta 18 cuotas sin intereses; Gs. 2.000.000; Gs. 12.000.000; Gs. 2.000.000; Gs. 12.000.000; USD 150,cuotas_sin_intereses,,,No especificado,"• Periodo de compra: Desde el 24 hasta el 28 de agosto del 2026 o hasta agotar cupos disponibles, lo que ocurra primero.",,,https://www.sudameris.com.py/beneficios/destacado/913/detalle
cd2e9fb1e8529921,ueno bank,Beneficios del mes,Ahorrá más con,Publicidad / cierre ueno,Ver detalle,beneficio,,,No especificado,Del 01 al 31 de agosto de 2026,Ver bases y condiciones,No aplica - publicidad / cierre.,https://www.ueno.com.py/wp-content/uploads/2026/08/BENEFICIOS-ueno-agosto2026.pdf
b56270a8d6612f0f,ueno bank,Beneficios del mes,Beneficios del mes,Kingo y Ahorrazo,40%; 30%; 25%; 15%,reintegro,40%; 30%; 25%; 15%; 10%,,No especificado,Vigencia: ● Exclusivamente los días sábado 01 de agosto y sábado 15 de agosto 2026,"tope máximo de compra fijado para cada nivel de cliente; tope de compra/reintegro estará limitado a cada cliente conforme su nivel, durante la vigencia de la promoción; Gs.; Gs. 1.500.000; Gs. 600.000; Gs. 450.000; Gs. 375.000; Gs. 225.000; Gs. 150.000; Gs. 1.000.000",nivel 5 40% Gs; nivel 4 30% Gs; nivel 3 25% Gs; nivel 2 15% Gs; nivel 1 10% Gs,https://www.ueno.com.py/wp-content/uploads/2026/08/BENEFICIOS-ueno-agosto2026.pdf
846eb3e2b7609bea,ueno bank,Beneficios del mes,Beneficios del mes,Petropar,30%; 25%; 15%,beneficio,30%; 25%; 15%; 40%; 10%,,No especificado,Del 01 al 31 de agosto de 2026,Gs. 500.000; Gs. 150.000; Gs. 300.000; Gs. 75.000; Gs. 200.000; Gs. 30.000,Nivel 5: 40%; Nivel 4: 30%; Nivel 3: 25%; Nivel 2: 15%; Nivel 1: 10%.,https://www.ueno.com.py/wp-content/uploads/2026/08/BENEFICIOS-ueno-agosto2026.pdf
2978408f7a3c73e6,ueno bank,Beneficios del mes,Beneficios del mes,Oscar Joyas; Neusa Joyas,Ver detalle,reintegro,20%,,No especificado,Vigencia: ● Desde el 01 de agosto hasta el 31 de agosto del 2026,tope de compra sin tope nivel 4 20% sin tope de compra sin tope nivel 3 20% sin tope de compra sin tope nivel 2 20% sin tope de compra sin tope nivel 1 20% sin tope de compra sin tope ● Hasta 12 cuotas sin intereses a través de la Red Upay; Gs.,nivel 5 20% sin tope de compra sin tope nivel 4 20% sin tope de compra sin tope nivel 3 20% sin tope de compra sin tope nivel 2 20% sin tope de compra sin tope nivel 1,https://www.ueno.com.py/wp-content/uploads/2026/08/BENEFICIOS-ueno-agosto2026.pdf
2978408f7a3c73e6,ueno bank,Beneficios del mes,Beneficios del mes,Isalú,40%; 30%; 25%; 15%,reintegro,40%; 30%; 25%; 15%; 10%,,No especificado,Vigencia: ● Desde el 01 de agosto hasta el 31 de agosto del 2026,Gs.; Gs. 1.000.000; Gs. 400.000; Gs. 700.000; Gs. 210.000; Gs. 500.000; Gs. 125.000; Gs. 300.000; Gs. 45.000; Gs. 100.000; Gs. 10.000,nivel 5 40% Gs; nivel 4 30% Gs; nivel 3 25% Gs; nivel 2 15% Gs; nivel 1 10% Gs,https://www.ueno.com.py/wp-content/uploads/2026/08/BENEFICIOS-ueno-agosto2026.pdf
2978408f7a3c73e6,ueno bank,Beneficios del mes,Beneficios del mes,Óptica Luce,30%; 25%; 20%,reintegro,30%; 25%; 20%,,No especificado,Vigencia: ● Desde el 01 de agosto hasta el 31 de agosto del 2026,"monto mínimo de compra establecido (o superior), hasta completar el tope máximo de compra fijado para cada nivel de cliente; tope de compra/reintegro estará limitado a cada cliente conforme su nivel, durante la vigencia de la promoción (incluído el beneficio especial); Gs.500.000; Gs.; Gs. 5.000.000; Gs. 1.500.000; Gs. 4.000.000; Gs. 1.000.000; Gs. 3.000.000; Gs. 750.000; Gs. 2.000.000; Gs. 400.000; Gs. 200.000",nivel 5 30% Gs; nivel 4 25% Gs; nivel 3 25% Gs; nivel 2 20% Gs; nivel 1 20% Gs,https://www.ueno.com.py/wp-content/uploads/2026/08/BENEFICIOS-ueno-agosto2026.pdf
2978408f7a3c73e6,ueno bank,Beneficios del mes,Beneficios del mes,Puka,Ver detalle,reintegro,12%,,No especificado,Vigencia: ● Desde el 01 de agosto hasta el 31 de agosto del 2026,"tope de compra/reintegro estará limitado a cada cliente conforme su nivel, durante la vigencia de la promoción; Gs.; Gs. 10.000.000; Gs. 1.200.000",nivel 5 12% Gs; nivel 4 12% Gs; nivel 3 12% Gs; nivel 2 12% Gs; nivel 1 12% Gs,https://www.ueno.com.py/wp-content/uploads/2026/08/BENEFICIOS-ueno-agosto2026.pdf
2978408f7a3c73e6,ueno bank,Beneficios del mes,Beneficios del mes,Vernier,20%,reintegro,20%,,No especificado,Vigencia: ● Desde el 01 de agosto hasta el 31 de agosto del 2026,"tope de compra/reintegro estará limitado a cada cliente conforme su nivel, durante la vigencia de la promoción; Gs.; Gs. 1.000.000; Gs. 200.000; Gs. 700.000; Gs. 140.000; Gs. 500.000; Gs. 100.000; Gs. 400.000; Gs. 80.000; Gs. 300.000; Gs. 60.000",nivel 5 20% Gs; nivel 4 20% Gs; nivel 3 20% Gs; nivel 2 20% Gs; nivel 1 20% Gs,https://www.ueno.com.py/wp-content/uploads/2026/08/BENEFICIOS-ueno-agosto2026.pdf
a6dfd0670044b9ad,ueno bank,Beneficios del mes,Clubes Nivel Reintegro,Club Internacional de Tenis,20%,reintegro,20%,,No especificado,"Vigencia: ● Desde el 01 de septiembre de 2025 hasta el 26 de agosto de 2029 para el CLUB INTERNACIONAL DE TENIS, en los conceptos detallados en los ANEXOS I y II. Condiciones: ● Aplica exclusivamente para compras realizadas con tarjetas físicas o mediante billeteras electrónicas (apple pay/google pay) realizadas con las tarjetas de crédito MasterCard Dúo Clásica, Black y Albirroja, emitidas por ueno bank S.A. ● No aplica a pagos realizados mediante código QR, incluyendo los de la app ueno bank. Beneficio: El beneficio se aplicará a cada cliente durante la vigencia de la promoción, según detalle: NIVEL DEL % DE MONTO DE COMPRA REINTEGRO MÁXIMO CLIENTE REINTEGRO (Gs.) (Gs.) nivel 5 20% Gs. 2.000.000 Gs. 400.000 nivel 4 20% Gs. 2.000.000 Gs. 400.000 nivel 3 20% Gs. 2.000.000 Gs. 400.000 nivel 2 20% Gs. 2.000.000 Gs. 400.000 nivel 1 20% Gs. 2.000.000 Gs. 400.000 ● El tope de compra/reintegro asignado por cliente, definido según su nivel, se aplicará mensualmente y de forma conjunta considerando todos los pagos realizados en los clubes adheridos a la presente promoción, durante la vigencia indicada en cada caso. ● El porcentaje de reintegro aplicable a cada compra será el correspondiente al nivel que el cliente posea al momento de realizar la transacción. En caso de que el cliente cambie de nivel con posterioridad a la compra, dicho cambio no afectará el porcentaje de reintegro determinado al momento de la operación. ● Adicionalmente, se encuentra disponible el financiamiento de hasta 12 cuotas sin intereses a través de la Red Upay en pagos realizados en el CLUB INTERNACIONAL DE TENIS en los conceptos detallados en el ANEXO I, (no aplicable por defecto, el cliente deberá seleccionar expresamente el plazo de financiación al momento de realizar el pago). ● El cliente podrá visualizar su nivel en la App de ueno bank S.A., en la sección de ‘‘Beneficios’’ Observaciones: ● Este beneficio no es acumulable con otros beneficios vigentes del banco; sin embargo, en caso de existir otra promoción vigente, se aplicará automáticamente aquella que represente el mayor beneficio para el cliente. ● Si la transacción asociada al beneficio fuera anulada, cancelada o revertida (por solicitud del cliente o por incumplimiento de estas bases y condiciones), el cliente autoriza a ueno bank S.A. a anular o debitar el monto correspondiente del reintegro, sin necesidad de notificación previa. Si al momento del débito el cliente no cuenta con fondos disponibles en la cuenta, el importe quedará pendiente y será debitado automáticamente en cuanto se disponga de saldo. ● ueno bank S.A. podrá modificar las presentes bases y condiciones ante eventuales actualizaciones del acuerdo con el/los comercio/s adheridos a la promoción. Dichas modificaciones podrán aplicarse sin previo aviso, por lo que se recomienda al cliente consultar la versión vigente de las bases y condiciones antes de realizar la transacción. ● Los reclamos serán válidos únicamente sobre la versión vigente al momento de la compra. ● Para asegurar tu beneficio, recordá que el mismo aplica únicamente si el pago se procesa a través de las terminales (POS) presenciales, botones/links web de pago (VPOS) o mediante el sistema para débitos automáticos recurrentes oficialmente habilitados por las redes autorizadas para esta promoción. En pagos presenciales, te recomendamos confirmar el canal con el comercio antes de pagar. Plazo de acreditación del reintegro: ● Para pagos realizados con tarjetas de crédito de ueno, el beneficio del 100% se acreditará automáticamente en cualquier cuenta de ahorro ueno de cliente apta para recibir reintegros, en un plazo de hasta 8 días hábiles inclusive. Antes de cada acreditación, el Banco verificará que la cuenta seleccionada esté habilitada. Quedan excluidas las cuentas de aguinaldo y las tipo billeteras de telefonías o similares. Comunicaciones: ● El Banco dará a conocer cualquier información relevante sobre la presente promoción a través de sus canales oficiales. Se considerarán como “canales oficiales”, aquellos medios administrados directamente por el Banco y vinculados a su marca o plataformas tecnológicas asociadas. La elección del medio y momento de publicación de cualquier contenido será a su exclusivo criterio, sin que esto implique la obligación de utilizar todos sus canales de forma simultánea o continua. Esto incluye, pero no se limita a: ● Redes sociales (Instagram: @ueno_py, X: @uenopy, Facebook: Ueno bank S.A.). ● SMS y correo electrónico. ● Notificaciones en la aplicación móvil del banco. ● Página web (https://www.ueno.com.py/). Se recomienda al cliente priorizar siempre la información publicada en dichos canales, por sobre cualquier otro aviso fuera de ellos. Exclusiones: ● Los beneficios no serán aplicables a las clientes que registren atrasos en sus pagos a partir de 30 (treinta) días en cualquier producto activo que posean en el banco. ● No se sumarán ni duplicarán reintegros si el mismo comercio también participa en otras plataformas (como aplicaciones móviles o sitios web) con promociones vigentes, salvo que se indique expresamente lo contrario. ANEXO I ADHERIDOS A TRAVÉS DE LA RED UPAY 1 Pagos en caja realizados en el Centro de Atención al Socio 2 Áreas Deportivas: Gimnasio, Voley y Futbol (Alquiler de toallas e Inscripciones a torneos) Escuelas Deportivas: Academia de Tenis: Menores y Adultos, Natación, Hidrogym, Spinning, Funcional 3 Kids y Personalizado, Patinaje (Cuota y matrícula - única disciplina con matrícula), Básquetbol, Fútbol, Tenis de Mesa, Vóley, Karate, Jiu Jitsu, Judo, Arquería, Salsa, Fit Dance, Pádel, Squash y Golf. 4 Peluquería By Elen 5 Eat Well dentro del predio del Club Internacional de Tenis. 6 Acaiterra dentro del predio del Club Internacional de Tenis. 7 Restaurante PINDO 8 TL SPORTS CIT 9 Provisión Cars CIT 10 Studio+ Pilates ANEXO II ADHERIDOS A TRAVÉS DE LA RED INFONET 1 Pago de las cuotas sociales a través de Débito Automático Versión 01 | Agosto 2026","tope de compra/reintegro asignado por cliente, definido según su nivel, se aplicará mensualmente y de forma conjunta considerando todos los pagos realizados en los clubes adheridos a la presente promoción, durante la vigencia indicada en cada c; Gs.; Gs. 2.000.000; Gs. 400.000",nivel 5 20% Gs; nivel 4 20% Gs; nivel 3 20% Gs; nivel 2 20% Gs; nivel 1 20% Gs,https://www.ueno.com.py/wp-content/uploads/2026/08/BENEFICIOS-ueno-agosto2026.pdf
ee9930486e23d6d8,ueno bank,Beneficios del mes,Consejo de la Magistratura Escuela Judicial Solo con Nivel Reintegro,Escuela Judicial,40%; 30%; 25%; 15%,reintegro,40%; 30%; 25%; 15%; 10%,,No especificado,Vigencia: ● Desde el 01 de agosto hasta el 31 de agosto del 2026,"tope de compra/reintegro estará limitado a cada cliente conforme su nivel, durante la vigencia de la promoción; Gs.; Gs. 500.000; Gs. 200.000; Gs. 150.000; Gs. 125.000; Gs. 75.000; Gs. 50.000",nivel 5 40% Gs; nivel 4 30% Gs; nivel 3 25% Gs; nivel 2 15% Gs; nivel 1 10% Gs,https://www.ueno.com.py/wp-content/uploads/2026/08/BENEFICIOS-ueno-agosto2026.pdf
405ea9ca6a8e5b92,ueno bank,Beneficios del mes,Deportes Exclusivo AF PEAK LAB ¡Nuevo! Nivel Reintegro,ACADEMIA JESSICA SANTA CRUZ; AF PEAK LAB; ARK GYM; BODY TRAINING; CLUB BENJAMIN HOCKIN; COMPLEJO PRESIDENTE PADEL; EVEREST PILATES; FITWAY; MOMENTUM; OLIMPIA TRAINING CENTER; ACADEMIA OLIMPIA; OLIMPIA HIGH PERFORMANCE; PILATES BY DEPYLESS; EL NEGRO SUPLEMENTOS; EXA INTER; CANTINA EXA INTER,40%; 30%; 25%; 15%,reintegro,40%; 30%; 25%; 15%; 10%,,No especificado,Vigencia: ● Desde el 01 de agosto hasta el 31 de agosto del 2026,"tope de compra/reintegro estará limitado a cada cliente conforme su nivel, durante la vigencia de la promoción; Gs.; Gs. 1.000.000; Gs. 400.000; Gs. 800.000; Gs. 240.000; Gs. 600.000; Gs. 150.000; Gs. 60.000; Gs. 300.000; Gs. 30.000",nivel 5 40% Gs; nivel 4 30% Gs; nivel 3 25% Gs; nivel 2 15% Gs; nivel 1 10% Gs,https://www.ueno.com.py/wp-content/uploads/2026/08/BENEFICIOS-ueno-agosto2026.pdf
d6ce0b0994a49c5e,ueno bank,Beneficios del mes,Débito automático Club Cerro porteño Nivel Reintegro,Club Cerro Porteño - Club Social y Deportivo; Club Olimpia,40%; 30%; 25%; 15%,reintegro,40%; 30%; 25%; 15%; 10%,,No especificado,Vigencia: ● Desde el 01 de agosto hasta el 31 de agosto del 2026,"tope de compra/reintegro estará limitado a cada cliente conforme su nivel, durante la vigencia de la promoción; Gs.; Gs. 500.000; Gs. 200.000; Gs. 150.000; Gs. 125.000; Gs. 75.000; Gs. 50.000",nivel 5 40% Gs; nivel 4 30% Gs; nivel 3 25% Gs; nivel 2 15% Gs; nivel 1 10% Gs,https://www.ueno.com.py/wp-content/uploads/2026/08/BENEFICIOS-ueno-agosto2026.pdf
fc89c0ab4b8cd9e2,ueno bank,Beneficios del mes,Feria Palmear Solo con Exlcolsu ssiávbaamdeonste Nivel Reintegro,Feria Palmear,40%; 30%; 25%; 15%,reintegro,40%; 30%; 25%; 15%; 10%,,No especificado,Vigencia: ● Exclusivamente los días Sábados: Desde el 1 de agosto hasta el 31 de agosto del 2026,"tope de compra/reintegro asignado por cliente, definido según su nivel, se aplica de forma conjunta a todas las compras realizadas en los comercios adheridos durante la vigencia de la promoción; Gs.; Gs. 100.000; Gs. 40.000; Gs. 30.000; Gs. 25.000; Gs. 15.000; Gs. 10.000",nivel 5 40% Gs; nivel 4 30% Gs; nivel 3 25% Gs; nivel 2 15% Gs; nivel 1 10% Gs,https://www.ueno.com.py/wp-content/uploads/2026/08/BENEFICIOS-ueno-agosto2026.pdf
0aec41425d7c309f,ueno bank,Beneficios del mes,Hoteles Solo con Nivel Reintegro,CABAÑAS LOS ARBOLES; HOTEL ACUARIO; HOTEL BOUTIQUE CASABLANCA; OASIS DREAM HOLIDAYS; PLANAZO; QUINTA LA PALOMA,40%; 30%; 25%; 15%,reintegro,40%; 30%; 25%; 15%; 10%,,No especificado,Vigencia: ● Desde el 01 de agosto hasta el 31 de agosto del 2026,"tope de compra/reintegro estará limitado a cada cliente conforme su nivel, durante la vigencia de la promoción; Gs.; Gs. 1.000.000; Gs. 400.000; Gs. 800.000; Gs. 240.000; Gs. 700.000; Gs. 175.000; Gs. 600.000; Gs. 90.000; Gs. 500.000; Gs. 50.000",nivel 5 40% Gs; nivel 4 30% Gs; nivel 3 25% Gs; nivel 2 15% Gs; nivel 1 10% Gs,https://www.ueno.com.py/wp-content/uploads/2026/08/BENEFICIOS-ueno-agosto2026.pdf
3ab801690bccc573,ueno bank,Beneficios del mes,Koala Solo con,"Promoción válida para todas las sucursales , tiendas multimarcas y sitio web de Koala ● El",10 %,beneficio,10 %; 10%,,No especificado,Vigencia: ● Del 01 de agosto hasta el 09 de agosto del 2026,"tope de compra/reintegro estará limitado a cada cliente conforme su nivel, durante la vigencia de la promoción; Gs.; Gs. 10.000.000; Gs. 1.000.000",nivel 5 10% Gs; nivel 4 10% Gs; nivel 3 10% Gs; nivel 2 10% Gs; nivel 1 10% Gs,https://www.ueno.com.py/wp-content/uploads/2026/08/BENEFICIOS-ueno-agosto2026.pdf
9723f8a59d9df4fc,ueno bank,Beneficios del mes,Monchis ¡Sumá upys con tus pedidos! Enco amgopsratos sau pmarátsir2 d0e 0G s . 5 0 . 0 0 p0o.r,Monchis,Ver detalle,beneficio,,,No especificado,Vigencia Desde el 1 de agosto de 2026,"tope máximo y reglas particulares (consultar ANEXO I); tope de compra y el límite mensual de reintegro aplicables a cada promoción estarán determinados por el nivel del cliente (consultar ANEXO I) al momento de realizar la compra y durante toda la vigencia de la promoción; límites podrán ser modificados en cualquier momento, conforme al criterio exclusivo de ueno bank S; Tope de Vigencia de Acción del usuario upys upys upys Se mantienen con 1 Mantener cuenta activa 100 100 Ir al detalle cuenta activa; hasta Gs. 50.000.000 CDA activo; hasta Gs. 200.000.000 varía según el monto de dinero Mayor a Gs; hasta Gs. 2.000.000 Entre Gs; Hasta el 31 de agosto de 2026, los clientes suman 1 upy cada Gs. 70.000 cobrados desde la app de ueno o con uPOS; Hasta el 31 de agosto de 2026, los clientes suman 50 upys por cada pago igual o mayor a Gs. 300.000 realizado a través de upay con tarjeta de crédito de ueno; Hasta el 30 de septiembre de 2026, los clientes suman 250 upys por cada pago igual o mayor a Gs. 1.000.000 realizado con tarjeta de crédito de ueno; Hasta el 31 de agosto de 2026, los clientes suman 50 upys por cada pago igual o mayor a Gs. 180.000 realizado a través de upay con tarjeta de crédito o débito de ueno; Hasta el 31 de diciembre de 2026, los clientes suman 250 upys por cada pago igual o mayor a Gs. 600.000 realizado con tarjeta de crédito de ueno; Hasta el 31 de octubre de 202",Nivel 1: al tener una cuenta activa en ueno bank; Nivel 2: Si tiene entre 3; Nivel 3: Si tiene entre 6; Nivel 4: Si tiene entre 8; Nivel 5: Desde 10; Nivel 5 en un plazo máximo de 48 horas hábiles desde la activación de la tarjeta; Nivel 1 1 2; Nivel 2 3; Nivel 3 6; Nivel 4 8; Nivel 5 10; Nivel 5 en las primeras 48hs hábiles posteriores a su activación; nivel 5,https://www.ueno.com.py/wp-content/uploads/2026/08/BENEFICIOS-ueno-agosto2026.pdf
58819a509ce91c25,ueno bank,Beneficios del mes,conto Nivel Reintegro,Conto,40%; 30%; 25%; 15%,reintegro,40%; 30%; 25%; 15%; 10%,,No especificado,Vigencia: ● Desde el 01 de agosto hasta el 31 de agosto del 2026,"tope de compra/reintegro estará limitado a cada cliente conforme su nivel, durante la vigencia de la promoción; Gs.; Gs. 300.000; Gs. 120.000; Gs. 90.000; Gs. 75.000; Gs. 200.000; Gs. 30.000; Gs. 150.000; Gs. 15.000",nivel 5 40% Gs; nivel 4 30% Gs; nivel 3 25% Gs; nivel 2 15% Gs; nivel 1 10% Gs,https://www.ueno.com.py/wp-content/uploads/2026/08/BENEFICIOS-ueno-agosto2026.pdf
30f444407123dfaa,ueno bank,Beneficios del mes,muv Ademápso sr ucamdaá psa g6o0,Muv,30%,reintegro,30%,,No especificado,Vigencia: ● Desde el 01 de agosto hasta el 31 de agosto del 2026,"tope de compra/reintegro estará limitado a cada cliente conforme su nivel, durante la vigencia de la promoción; Gs.; Gs. 180.000; Gs. 54.000; Gs. 160.000; Gs. 48.000; Gs. 130.000; Gs. 39.000; Gs. 100.000; Gs. 30.000; Gs. 50.000; Gs. 15.000",nivel 5 30% Gs; nivel 4 30% Gs; nivel 3 30% Gs; nivel 2 30% Gs; nivel 1 30% Gs,https://www.ueno.com.py/wp-content/uploads/2026/08/BENEFICIOS-ueno-agosto2026.pdf
c31109050641405c,ueno bank,Combustible,Combustible,Copetrol; Enex; Petrobras; 3MG Estaciones de Servicios; Puma Energy; Petrochaco; Petromax,30%; 25%; 15%,beneficio,30%; 25%; 15%; 40%; 10%,,No especificado,Del 01 al 31 de agosto de 2026,"Nivel 5: 40%, tope de compra total Gs. 600.000, tope de compra semanal Gs. 150.000; Nivel 4: 30%, total Gs. 500.000, semanal Gs. 125.000; Nivel 3: 25%, total Gs. 300.000, semanal Gs. 75.000; Nivel 2: 15%, total Gs. 200.000, semanal Gs. 50.000; Nivel 1: 10%, total Gs. 100.000, semanal Gs. 25.000.",Nivel 5: 40%; Nivel 4: 30%; Nivel 3: 25%; Nivel 2: 15%; Nivel 1: 10%.,https://www.ueno.com.py/wp-content/uploads/2026/08/BENEFICIOS-ueno-agosto2026.pdf
dac8ad9529d26d15,ueno bank,Entretenimiento,Entretenimiento Solo con ¡Nuevo! Vuelos panorámicos Nivel Reintegro,FLIGHTNEX - VUELOS PANORÁMICOS.; VIRTUALITY,40%; 30%; 25%; 15%,cuotas_sin_intereses,40%; 30%; 25%; 15%; 10%,,No especificado,Vigencia: ● Desde el 01 de agosto hasta el 31 de agosto del 2026,"tope de compra/reintegro estará limitado a cada cliente conforme su nivel, durante la vigencia de la promoción; Gs.; Gs. 1.000.000; Gs. 400.000; Gs. 500.000; Gs. 150.000; Gs. 300.000; Gs. 75.000; Gs. 200.000; Gs. 30.000; Gs. 100.000; Gs. 10.000",nivel 5 40% Gs; nivel 4 30% Gs; nivel 3 25% Gs; nivel 2 15% Gs; nivel 1 10% Gs,https://www.ueno.com.py/wp-content/uploads/2026/08/BENEFICIOS-ueno-agosto2026.pdf
cad147d219e14a35,ueno bank,Farmacias,Farmacias Exclusivo del 01 al 10 de agosto Exclusivo del 01 al 31 de agosto Web & Sucursales Nivel Reintegro,BIGGIE FARMA; DRUGSTORE BY ASISMED; FARMACENTER; FARMACENTER (ECOMMERCE); FARMACIA VICENTE SCAVONE; FARMATOTAL; de Agosto. MAXIFARMA ASUNCIÓN (Detallados en,15%,reintegro,15%,,No especificado,Vigencia: ● Desde el 01 de agosto hasta el 31 de agosto del 2026,"tope de compra/reintegro estará limitado a cada cliente conforme su nivel, durante la vigencia de la promoción; Gs.; Gs. 1.000.000; Gs. 150.000; Gs. 700.000; Gs. 105.000; Gs. 400.000; Gs. 60.000; Gs. 300.000; Gs. 45.000; Gs. 200.000; Gs. 30.000",nivel 5 15% Gs; nivel 4 15% Gs; nivel 3 15% Gs; nivel 2 15% Gs; nivel 1 15% Gs,https://www.ueno.com.py/wp-content/uploads/2026/08/BENEFICIOS-ueno-agosto2026.pdf
2fe14266a566bef7,ueno bank,Primera compra,Activá tu tarjeta - primera compra,Publicidad de ueno,Ver detalle,beneficio,,,No especificado,Vigencia: ● Desde el 01 de agosto hasta el 31 de agosto del 2026,"monto mínimo establecido) con cualquier tarjeta de crédito emitida por ueno bank S; Tope máximo de compra de Guaraníes un millón (Gs; tope de reintegro máximo en este caso será de Guaraníes quinientos mil (Gs; Tope máximo de compra de Guaraníes dos millones (Gs; tope de reintegro máximo en este caso será de Guaraníes un millón (Gs; Tope Máximo de Reintegro acumulado de Gs 1; Tope): El reintegro restante, que completa el tope máximo del beneficio Albirroja, se acreditará en la cuenta del usuario en un plazo de hasta ocho (8) días hábiles posteriores a la compra, cubriendo hasta un máximo adicional de Gs 500; hasta alcanzar un Tope Máximo de Reintegro acumulado de Gs 1.000.000 (Guaraníes un millón) por usuario durante la vigencia de la promoción; hasta un máximo de Gs 500.000 (Guaraníes quinientos mil); hasta ocho (8) días hábiles posteriores a la compra, cubriendo hasta un máximo adicional de Gs 500.000 (Guaraníes quinientos mil); Gs. 1.000.000; Gs. 500.000; Gs. 2.000.000; Gs. 20.000; Gs 1.000.000; Gs 500.000",No aplica - publicidad de primera compra.,https://www.ueno.com.py/wp-content/uploads/2026/08/BENEFICIOS-ueno-agosto2026.pdf
e58e9e670e3bc634,ueno bank,Shopping,Bienestar Solo con Shopping Costanera Shopping Costanera Nivel Reintegro,BELEZE - SHOPPING COSTANERA; DEPILASER; DEPYLESS; DINO HOMME SPA; DINO VILLAMORRA; DOXAMED; GUAPA SPA; ISDIN; LA GUARIDA; NUTRIFIT SPA Y BELLEZA; O BOTICARIO; PIEL+SANA; RAIO BEMBA PELUQUERIA; SAONA SPA Y PELUQUERÍA; SPA NAILS; TISSÉ BIO CARE; ZIC,40%; 30%; 25%; 15%,reintegro,40%; 30%; 25%; 15%; 10%,,No especificado,Vigencia: ● Desde el 01 de agosto hasta el 31 de agosto del 2026,"tope de compra/reintegro estará limitado a cada cliente conforme su nivel, durante la vigencia de la promoción; Gs.; Gs. 1.000.000; Gs. 400.000; Gs. 700.000; Gs. 210.000; Gs. 500.000; Gs. 125.000; Gs. 300.000; Gs. 45.000; Gs. 100.000; Gs. 10.000",nivel 5 40% Gs; nivel 4 30% Gs; nivel 3 25% Gs; nivel 2 15% Gs; nivel 1 10% Gs,https://www.ueno.com.py/wp-content/uploads/2026/08/BENEFICIOS-ueno-agosto2026.pdf
cb47dd494c90dc39,ueno bank,Supermercados,Supermercados,Feria Palmear; Combustible; Petropar; Hoteles; Supermercados; Kingo & Ahorrazo; Farmacias; Bienestar; Gastronomía; Entretenimiento; Puka; Muv; Cuotas sin intereses; Vernier; Koala; Óptica Luce; Joyerías; Isalú; Conto; Escuela Judicial; Clubes; Deportes; Débito automático,Ver detalle,cuotas_sin_intereses,,,No especificado,Del 01 al 31 de agosto de 2026,Ver bases y condiciones,Cuotas sin intereses - aplica a todos los niveles.,https://www.ueno.com.py/wp-content/uploads/2026/08/BENEFICIOS-ueno-agosto2026.pdf
82ebe919882dce89,ueno bank,Supermercados,Supermercados Nivel Reintegro,4PETS; CADENA REAL; DELIMARKET; GRAN VIA; HELLO OVEN; MARÍA'S; MOLINO CAAGUAZU; PLUB; PRONTO SUPERMERCADO; SALEMMA; STOCK; STOCK EXPRESS; SUPERMERCADO COLON; SUPERMERCADO METRO; SUPERMERCADOS HYV; SUPERSEIS; SUPERSEIS EXPRESS; PORKUS CARNICERÍA; SUPERMERCADO EXITO,40%; 30%; 25%; 15%,reintegro,40%; 30%; 25%; 15%; 10%,,No especificado,Vigencia: ● Desde el 01 de agosto hasta el 31 de agosto del 2026,"tope máximo de compra fijado para cada nivel de cliente; tope de compra/reintegro estará limitado a cada cliente conforme su nivel, durante la vigencia de la promoción; Gs. 300.000; Gs.; Gs. 500.000; Gs. 200.000; Gs. 400.000; Gs. 120.000; Gs. 75.000; Gs. 45.000; Gs. 30.000",nivel 5 40% Gs; nivel 4 30% Gs; nivel 3 25% Gs; nivel 2 15% Gs; nivel 1 10% Gs,https://www.ueno.com.py/wp-content/uploads/2026/08/BENEFICIOS-ueno-agosto2026.pdf
468a4095695992b3,ueno bank,Tiendas,Tiendas,UELA; INTERTOURS; ACADEMIA OLIMPIA; AEROPOSTALE; AF PEAK LAB; ÁFRICA DESIGN BY ARLET; AH CORTES & GRABADOS; AIREA; ALMA CARIOCA; ALTEZA PERFUMERIA; AMERICA SHOP; AMERICAN LOOK; ASISMED SUCURSAL CIT; ATLANTIC EXPRESS; AUTOMAQ; AUTOMOTOR; BACO; BENDITTA COLLECTION; BENDITTA STYLE; BICICLETERIA COLON; BRICK ALMACEN DIDACTICO; BROOKSFIELD; BRUNO CORSI; BUY SMART; CANELA ZAPATERIA; CARDON ENCARNACION; CASA TRAMONTINA DE ATLANTIC; CAT; CHACOMER AUTOMOTORES SA; CHACOMER SAE; CHOICE MULTIMARCAS; CLEVER STORE; COMPUMARKET; CROCS; CYCLESPORT; DEJANDO HUELLAS; DRS; DUDALINA; DUNIA; ENEACHE; ESKALA; ESSEN; ESTILO SUR; FENICIA DISTRIBUTION; FERREX; FITWAY; GALLO S.R.L.; GENZ; GO STORE; GRUPO GARDEN; GUESS; HEROES LIBRERIA; HEY DUDE; INSTITUTO DE MODA Y ARTE; IRON STORE; ISADORA; ISC POWER SOLUTIONS; JACK & JONES; JEEP; JF TIENDA DE REGALOS; JOYERIA FERNANDO; JOYERIA G&A; KAPPA OUTLET; de Agosto. KEMSA E-COMMERCE (ANTERIOR; L'ACERIE; LA HORA DE LAS COMPRAS; LAFERRÉ; LUMINA; MACSTORE; MARIE MARIE; MARTEL; MAYBELLINE; ME ENCANTA JUGUETERIA; MILOS; MINI CUOTAS; MOMENTUM; MUEBLES MBURUCUYA; MUSIC HALL TIENDA; NEW ZONE IMPORTADOS; NICE; NISSEI ASUNCIÓN; NISSEI CDE; NISSEI WEB; de Agosto. NO RULES (EXCLUSIVO TIENDA AF; ODONTOS; OLIMPIA HIGH PERFORMANCE; OLIMPIA TRAINING CENTER; OMBU; OPTICA VALEMAR; OUTDOORS; PAGOPAR; PARFOIS; PATROL JEANS; PENINA SHOES; PUMA; RAKIURA; RND; RONDINA; SAMBRAK; SANTA ROSA PARAGUAY; LESS; SMART CARE; SOCIOS CLUB CERRO PORTEÑO; SPORT CENTER; SPORT HOUSE; SPRINGFIELD; TEJU; TÍA KATIA JUGUETERIA; TODO MODA; TONINA; UNIVERSAL OPTICA; VICTORINOX; VISUAR; WOMEN'SECRET; WRANGLER & LEE; SHERCO PARAGUAY; LUMINOTECNIA,Ver detalle,cuotas_sin_intereses,,lunes; martes; miércoles; jueves; viernes; sábado; domingo,todos los días,Vigencia: ● Desde el 01 de agosto hasta el 31 de agosto del 2026,tope de compra 1 al 31 de Agosto; Gs.,Cuotas sin intereses - aplica a todos los niveles.,https://www.ueno.com.py/wp-content/uploads/2026/08/BENEFICIOS-ueno-agosto2026.pdf
